statement,A,B,C,D,correct_position,chosen,correct
"A defendant stole a car and, while he was driving, the brakes suddenly failed, and the car veered out of control. The car jumped the sidewalk and crashed into a home, causing extensive damage to the dwelling. The defendant was arrested and charged with larceny and the separate crime of malicious destruction of property. At trial, the prosecution and the defense both stipulated that the malfunctioning of the brakes caused the car to veer out of control and damage the home. Assume that the defendant is convicted of larceny for the theft of the car. With respect to the second charge of malicious destruction of property, he should be found","not guilty, because the malice requirement is not satisfied, since the destruction resulted from the car's malfunctioning. ","not guilty, because malicious destruction of property is a lesser included offense of larceny. ","guilty, because malice can be inferred from the defendant's intent to steal. ","guilty, because malicious destruction of property is a general intent crime. ",A,A,true
"A man was angry at a coworker who had received a promotion. The man believed that the coworker had taken credit for the man's work and had bad- mouthed him to their boss. One day, as the man was leaving the company parking lot in his car, he saw the coworker walking through the lot. On a sudden impulse, the man pushed the accelerator pedal hard and veered toward the coworker with the intention of scaring him. The coworker tried to jump out of the way but slipped and fell and was run over. Although the coworker suffered life-threatening injuries, he survived. In a jurisdiction that follows the common law of homicide, could the man properly be convicted of attempted murder? ","No, because the man lacked the requisite intent.","No, because the coworker's slip and fall broke the chain of proximate causation.","Yes, because the coworker suffered life- threatening injuries.","Yes, because the man acted with reckless disregard for human life.",A,A,true
"This question refers to the following information.
""Is there no danger to our liberty and independence in a bank that in its nature has so little to bind it to our country? The president of the bank has told us that most of the State banks exist by its forbearance. Should its influence become concentrated, as it may under the operation of such an act as this, in the hands of a self-elected directory whose interests are identified with those of the foreign stockholders, will there not be cause to tremble for the purity of our elections in peace and for the independence of our country in war? Their power would be great whenever they might choose to exert it; but if this monopoly were regularly renewed every fifteen or twenty years on terms proposed by themselves, they might seldom in peace put forth their strength to influence elections or control the affairs of the nation. But if any private citizen or public functionary should interpose to curtail its powers or prevent a renewal of its privileges, it cannot be doubted that he would be made to feel its influence.""
President Andrew Jackson, Veto of the Bank of the United States, 1832
The debate over the First Bank of the United States was significant because it raised the issue of",how strictly the Constitution should be interpreted,whether the new government should issue paper currency,whether the United States should pay back its war debt to France,whether the president had the power to act unilaterally on important economic issues,A,A,true
"A retail store runs an advertisement in the local newspaper stating: ""Only 3 cashmere sweaters remaining; highest quality; real Polo; one grey, one maroon and one beige; on closeout, starting 9 a.m. Saturday, $5.00 each, first-come, first-served."" A store customer was the first to arrive on Saturday morning. He located the three advertised sweaters, picked them up, handed $15.00 to the clerk, and demanded all three sweaters at $5 each. The clerk stated that the store's price on each sweater was actually $50 each. The customer demanded the advertised price. Who has the superior legal position?","The customer, because the terms of the advertisement were definite enough to constitute an offer and the offer was duly accepted.","The retail store, because the terms of the advertisement were merely an invitation to make an offer, and the offer made was duly rejected by the store.","The customer, because this was a contract of adhesion favoring one party only, and as such, the store could not enforce it.","The store, in that a contract was made at $50 each, which was the store's actual intended price for the sweaters.",A,A,true
A patient is most likely to experience pain due to infection of the ethmoidal air cells sinus,between the eyes.,at the base of the skull.,on the forehead.,in the cheeks.,A,A,true
"A young woman who attended a rock concert at a nightclub was injured when the band opened its performance with illegal fireworks that ignited foam insulation in the club's ceiling and walls. The young woman sued the radio station that sponsored the performance. The radio station has moved for summary judgment, claiming that it owed no duty to audience members. The evidence has established the following facts: The station advertised its sponsorship on the radio and in print, distributed free tickets to the concert, and in print, distributed free tickets to the concert, staffed the event with the station's interns to assist with crowd control, and provided a station disc jockey to serve as master of ceremonies. The master of ceremonies had the authority to stop or delay the performance at any time on the basis of any safety concern. The station knew or should have known that the band routinely used unlicensed, illegal fireworks in its performances. Should the court grant the radio station's motion for summary judgment? ","No, because there is sufficient evidence of knowledge and control on the part of the station to impose on it a duty of care to audience members.","No, because under respondeat superior, the radio station is vicariously liable for the negligent actions of the band.","Yes, because it is the band and the nightclub owners who owed audience members a duty of care.","Yes, because the conduct of the band in setting off illegal fireworks was criminal and setting off illegal fireworks was criminal and was a superseding cause as a matter of law.",A,A,true
Use the equation below to answer the question. 0.75 × 6.5 = m Which expression shows one way to solve the equation?,"75 × 65 ÷ 1,000","75 × 650 ÷ 1,000",0.7 × 6 + 0.7 × 5 + 0.5 × 6 + 0.5 × 5,0.7 × 6 + 0.7 × 0.5 + 0.5 × 6 + 0.5 × 0.5,A,A,true
"Suppose we define h(H, m) = E(m, H)h(H,m)=E(m,H). Then the resulting h(\cdot,\cdot)h(⋅,⋅) is not collision resistant: to build a collision (H,m)(H,m) and (H’,m’)(H’,m’) choose random (H,m,m’)(H,m,m’) and construct H’H’ as follows:","H’=D(m’, E(m,H))","H’=E(m’,D(m,H))","H’=E(m’,E(m,H))","H’=D(m’,D(m,H))",A,A,true
"A grating spectrometer can just barely resolve two wavelengths of 500 nm and 502 nm, respectively. Which of the following gives the resolving power of the spectrometer?",250,2,"5,000","10,000",A,A,true
"What is the rule for the pattern? 41, 38, 35, 32, 29,...",subtract 3,divide by 3,divide by 4,subtract 4,A,A,true
"What is the greatest common divisor of 54, 36, and 24?",6,2,3,9,A,A,true
"After a week of negotiations, an importer of cigars from a foreign country agreed in writing to supply a smoke shop with all of their needs of cigars for two years at a price of $1 per cigar. The following day, the foreign govermnent was overthrown. One week later, the United States govermnent announced an embargo on the importation of all products from the foreign country. The importer contacted the smoke shop and informed them that as a result of the embargo, the importer would not be able to fill any of the smoke shop's orders for cigars from the foreign country. What is the probable legal effect of the United States government's embargo on the contract between the importer and the smoke shop?",The parties' duties of performance would be excused because of a supervening illegality.,The smoke shop would be entitled to recover the difference between $1 and the cost of purchasing cigars manufactured in another country.,Both parties' duties of performance would be discharged by frustration of purpose.,Both parties' duties of performance would be suspended through temporary impossibility.,A,A,true
"A man decided to give a cabin he owned to his daughter at his death. To accomplish this goal, he delivered to his attorney a deed that fully complied with the applicable statute of frauds and told his attorney to record the deed when he died unless he later gave the attorney instructions to the contrary. Three weeks after dropping off the deed, the man properly drafted and executed his own will, which left all of his real property to his son. One year later, the man died, and the attorney immediately recorded the deed. At the time of the man's death, the cabin was titled in his name and he owned no other real property. The daughter and the son now disagree as to who is entitled to ownership of the cabin. Other than the jurisdiction's statute of frauds and statute of wills, there are no applicable statutes. Who is entitled to ownership of the cabin? ","The son, because the deed was not delivered to the daughter during the man's lifetime.","The daughter, because the attorney was, for gift-law purposes, a trustee for the daughter.","The daughter, because the deed fully complied with the statute of frauds.","The son, because the proper execution of the will revoked the earlier gift to the daughter.",A,A,true
"The night before his bar examination, the examinee's next-door neighbor was having a party. The music from the neighbor's home was so loud that the examinee couldn't fall asleep. The examinee called the neighbor and asked her to please keep the noise down. The neighbor then abruptly hung up. Angered, the examinee went into his closet and got a gun. He went outside and fired a bullet through the neighbor's living room window. Not intending to shoot anyone, the examinee fired his gun at such an angle that the bullet would hit the ceiling. He merely wanted to cause some damage to the neighbor's home to relieve his angry rage. The bullet, however, ricocheted off the ceiling and struck a partygoer in the back, killing hr. The jurisdiction makes it a misdemeanor to discharge a firearm in public. The examinee will most likely be found guilty for which of the following crimes in connection to the death of the partygoer?",Murder.,Involuntary manslaughter.,Voluntary manslaughter.,Discharge of a firearm in public.,A,A,true
For dielectric heating the range of frequency normally employed is,10 MHz to 40 MHz.,10 KHz to 100 KHz.,100 KHz to 10 MHz.,1 MHz to 10 MHz.,A,A,true
"A man who believed that his wife was cheating on him with her gym trainer decided to kill the trainer. He loaded his handgun and set off for the trainer's house. Because he was anxious about committing the crime, the man first stopped at a bar, drank eight shots of hard liquor, and became intoxicated. He then left the bar and went to the trainer's house. When the trainer answered the door, the man shot and killed him. The man then passed out on the trainer's porch. The man has been charged with murder in a jurisdiction that follows the common law. Can the man raise an intoxication defense? ","No, because the man intended to commit the murder and drank to strengthen his nerve.","No, because drinking at the bar was the proximate cause of the killing.","Yes, because drinking at the bar was a foreseeable intervening cause of the killing.","Yes, because the man's intoxication negated the specific intent required for murder.",A,A,true
In which situation would a Defendant not be held to the standard of care of a reasonable person?,"Defendant is deaf, and is accused of being negligent in failing to heed a warning bell.",Defendant has poor judgment.,Defendant is hot-tempered and damaged property in a tantrum.,Defendant has an I.Q. of 85.,A,A,true
A state assesses a poll tax on people for registration to vote to elect state legislators. A group of minority citizens sues the state alleging denial of equal protection in that the right to vote cannot be based on the ability to pay a poll tax. The group does not present any evidence that the purpose of adopting the tax was to discriminate. There is no evidence of any specific effect that the tax has had on any class of people. Will the group succeed in striking down the tax?,"Yes, because the tax discriminates against poor people who will be less able to afford paying it, thus denying them equal protection of the laws.","No, the mere fact that a law results in treating some groups differently from others does not automatically amount to a violation of the Equal Protection Clause.","No, because this is a state tax that does not apply to voting for federal candidates, and it is therefore exempt from the Equal Protection Clause.","Yes, because the tax impedes the substantive due process right of every citizen to vote.",A,A,true
"This question refers to the following information.
""Is there no danger to our liberty and independence in a bank that in its nature has so little to bind it to our country? The president of the bank has told us that most of the State banks exist by its forbearance. Should its influence become concentrated, as it may under the operation of such an act as this, in the hands of a self-elected directory whose interests are identified with those of the foreign stockholders, will there not be cause to tremble for the purity of our elections in peace and for the independence of our country in war? Their power would be great whenever they might choose to exert it; but if this monopoly were regularly renewed every fifteen or twenty years on terms proposed by themselves, they might seldom in peace put forth their strength to influence elections or control the affairs of the nation. But if any private citizen or public functionary should interpose to curtail its powers or prevent a renewal of its privileges, it cannot be doubted that he would be made to feel its influence.""
President Andrew Jackson, Veto of the Bank of the United States, 1832
The debate over the First Bank of the United States was significant because it raised the issue of",whether the new government should issue paper currency,how strictly the Constitution should be interpreted,whether the United States should pay back its war debt to France,whether the president had the power to act unilaterally on important economic issues,B,B,true
Statement 1| U2F is a stronger second factor than sending an SMS code to a user’s smartphone. Statement 2| An attacker that knows a user’s password can easily guess the U2F key to access the user’s account.,"True, False","True, True","False, False","False, True",A,A,true
Use the equation below to answer the question. 0.75 × 6.5 = m Which expression shows one way to solve the equation?,"75 × 650 ÷ 1,000","75 × 65 ÷ 1,000",0.7 × 6 + 0.7 × 5 + 0.5 × 6 + 0.5 × 5,0.7 × 6 + 0.7 × 0.5 + 0.5 × 6 + 0.5 × 0.5,B,B,true
"A pedestrian was walking in front of a hotel in the downtown area when a chair was thrown from an unidentified window. The chair struck the pedestrian on the head, knocking her unconscious. When the pedestrian recovered consciousness, she found herself in a nearby hospital with a doctor in attendance. An examination revealed that the pedestrian had suffered a concussion and severe head lacerations. A subsequent investigation revealed that the chair had, in fact, been thrown from a window at the hotel. None of the hotel's employees or guests, however, admitted culpability for the incident. If the pedestrian asserts a claim against the hotel for negligence, will the doctrine of res ipsa loquitur enable her to recover?","No, because the chair was not within the control of the hotel at the time the pedestrian was injured. ","Yes, because the chair was within the control of the hotel. ","Yes, because a chair is not usually thrown from a window in the absence of someone's negligence. ","No, because the hotel is not vicariously liable for the tortious conduct of its employees. ",A,A,true
"A husband, who was married to a wife, began dating another woman. The husband proposed marriage to the woman, who believed that the husband was single. The woman accepted the husband's marriage proposal and planned a wedding. The day before the wedding, the husband decided not to go through with the ceremony. He told his wife about his relationship with the woman. He then asked her to tell the woman that they were married and he would no longer be seeing her. The husband knew that the woman had a manic depressive personality and was mentally unstable. When the wife broke the news to the woman, she had an emotional breakdown that required hospitalization. The woman sued the husband for breach of contract to marry and intentional infliction of emotional distress. The husband has filed motions to dismiss both causes of action. The court should","deny the motion to dismiss the claim for intentional infliction of emotional distress, but grant the motion to dismiss the claim for breach of contract because it is against public policy to enforce marriage agreements. ","deny the motion to dismiss the claim for breach of contract to marry, but grant the motion to dismiss the action for infliction of emotional distress, because the husband's conduct was not extreme and outrageous. ",grant both motions to dismiss.,"deny both motions, because the husband's conduct was extreme and outrageous and the court may grant relief for breach of contract, as well. ",A,D,false
"A young woman who attended a rock concert at a nightclub was injured when the band opened its performance with illegal fireworks that ignited foam insulation in the club's ceiling and walls. The young woman sued the radio station that sponsored the performance. The radio station has moved for summary judgment, claiming that it owed no duty to audience members. The evidence has established the following facts: The station advertised its sponsorship on the radio and in print, distributed free tickets to the concert, and in print, distributed free tickets to the concert, staffed the event with the station's interns to assist with crowd control, and provided a station disc jockey to serve as master of ceremonies. The master of ceremonies had the authority to stop or delay the performance at any time on the basis of any safety concern. The station knew or should have known that the band routinely used unlicensed, illegal fireworks in its performances. Should the court grant the radio station's motion for summary judgment? ","No, because under respondeat superior, the radio station is vicariously liable for the negligent actions of the band.","No, because there is sufficient evidence of knowledge and control on the part of the station to impose on it a duty of care to audience members.","Yes, because it is the band and the nightclub owners who owed audience members a duty of care.","Yes, because the conduct of the band in setting off illegal fireworks was criminal and setting off illegal fireworks was criminal and was a superseding cause as a matter of law.",B,B,true
"What is the rule for the pattern? 41, 38, 35, 32, 29,...",divide by 3,subtract 3,divide by 4,subtract 4,B,B,true
"A homeowner owned a single-story ranch- style home that was her primary residence. The homeowner received notice that her uncle had passed away and left her a two-story mansion in a neighboring city. The homeowner decided to move her primary residence to the mansion and rent the ranch-style home. She entered into a one- year written lease agreement with a tenant. The agreement set the monthly rent at $1,000. Shortly after the tenant took possession of the home, he built, at his own expense, a room addition onto the home. The room addition increased the appraised market value of the home from $200,000 to $250,000. At the expiration of the lease, the homeowner informed the tenant that she had decided to sell the home. She offered the tenant the first opportunity to buy the home, but the tenant replied that he could not afford to do so. The tenant did claim that he should be entitled to compensation for the room addition, since it had increased the value of the home, and the homeowner agreed. The tenant and the homeowner then executed the following agreement:""On the sale of the ranch-style home, the homeowner hereby promises to pay the tenant one- half of any sale proceeds in excess of $200,000, in compensation of the tenant's efforts in constructing the room addition onto the home. In addition, it is hereby agreed that the tenant may remain on the land until the sale is finalized, at a monthly rent of$500. ,'The homeowner initially set the asking price at $250,000, but received no offers to purchase the home. The homeowner decided to reduce the price to $210,000. This price reduction so infuriated the tenant that he thereafter made negative comments about the home to all of the prospective buyers who visited the home. Two months later, the homeowner sold the home to a buyer for $206,000. The buyer had visited the home while the tenant was away on a business trip and therefore did not hear the tenant's negative comments. Thereupon, the tenant, who had paid no rent for the final two months, moved out. After the sale was finalized, the homeowner refused to pay the tenant any of the sale proceeds. Which of the following statements, if true, most persuasively supports the tenant's contention that he is entitled to recover at least $4,000 from the owner (or the equivalent of one-half of the sale proceeds in excess of $200,000, minus two months' unpaid rent at $500 per month)?","Since the tenant made no negative comments about the home to the buyer, there is no showing that the tenant's remarks to the other prospective buyers necessarily caused any loss to the owner (i. e. , prevented her from selling the home for more than $210,000). ","The owner breached an implied promise by failing to attempt to sell the property at $250,000, which was the appraised market value of the home. ","The agreement between the homeowner that the tenant contained only one express condition (i. e. , the tenant was permitted to remain in the home during the owner's efforts to sell it), and since that condition has occurred, the tenant is entitled to his share of the proceeds from the sale. ","Even if the tenant's failure to pay any rent for the last two months was a material breach of contract, the owner's promise to pay the tenant a share of the proceeds of the sale was an independent covenant. ",A,D,false
"When a life tenant fails to protect or preserve their land, permissive waste occurs. What is a life tenant not obligated to do?",Is responsible for damages caused by third-party tortfeasor.,Preserve the land and structures in a reasonable state of repair.,Pay interest on mortgages.,Pay ordinary taxes on the land.,A,A,true
"A retail store runs an advertisement in the local newspaper stating: ""Only 3 cashmere sweaters remaining; highest quality; real Polo; one grey, one maroon and one beige; on closeout, starting 9 a.m. Saturday, $5.00 each, first-come, first-served."" A store customer was the first to arrive on Saturday morning. He located the three advertised sweaters, picked them up, handed $15.00 to the clerk, and demanded all three sweaters at $5 each. The clerk stated that the store's price on each sweater was actually $50 each. The customer demanded the advertised price. Who has the superior legal position?","The retail store, because the terms of the advertisement were merely an invitation to make an offer, and the offer made was duly rejected by the store.","The customer, because the terms of the advertisement were definite enough to constitute an offer and the offer was duly accepted.","The customer, because this was a contract of adhesion favoring one party only, and as such, the store could not enforce it.","The store, in that a contract was made at $50 each, which was the store's actual intended price for the sweaters.",B,B,true
A patient is most likely to experience pain due to infection of the ethmoidal air cells sinus,at the base of the skull.,between the eyes.,on the forehead.,in the cheeks.,B,B,true
"After a week of negotiations, an importer of cigars from a foreign country agreed in writing to supply a smoke shop with all of their needs of cigars for two years at a price of $1 per cigar. The following day, the foreign govermnent was overthrown. One week later, the United States govermnent announced an embargo on the importation of all products from the foreign country. The importer contacted the smoke shop and informed them that as a result of the embargo, the importer would not be able to fill any of the smoke shop's orders for cigars from the foreign country. What is the probable legal effect of the United States government's embargo on the contract between the importer and the smoke shop?",The smoke shop would be entitled to recover the difference between $1 and the cost of purchasing cigars manufactured in another country.,The parties' duties of performance would be excused because of a supervening illegality.,Both parties' duties of performance would be discharged by frustration of purpose.,Both parties' duties of performance would be suspended through temporary impossibility.,B,B,true
"A man who believed that his wife was cheating on him with her gym trainer decided to kill the trainer. He loaded his handgun and set off for the trainer's house. Because he was anxious about committing the crime, the man first stopped at a bar, drank eight shots of hard liquor, and became intoxicated. He then left the bar and went to the trainer's house. When the trainer answered the door, the man shot and killed him. The man then passed out on the trainer's porch. The man has been charged with murder in a jurisdiction that follows the common law. Can the man raise an intoxication defense? ","No, because drinking at the bar was the proximate cause of the killing.","No, because the man intended to commit the murder and drank to strengthen his nerve.","Yes, because drinking at the bar was a foreseeable intervening cause of the killing.","Yes, because the man's intoxication negated the specific intent required for murder.",B,B,true
"A man was angry at a coworker who had received a promotion. The man believed that the coworker had taken credit for the man's work and had bad- mouthed him to their boss. One day, as the man was leaving the company parking lot in his car, he saw the coworker walking through the lot. On a sudden impulse, the man pushed the accelerator pedal hard and veered toward the coworker with the intention of scaring him. The coworker tried to jump out of the way but slipped and fell and was run over. Although the coworker suffered life-threatening injuries, he survived. In a jurisdiction that follows the common law of homicide, could the man properly be convicted of attempted murder? ","No, because the coworker's slip and fall broke the chain of proximate causation.","No, because the man lacked the requisite intent.","Yes, because the coworker suffered life- threatening injuries.","Yes, because the man acted with reckless disregard for human life.",B,B,true
"A defendant stole a car and, while he was driving, the brakes suddenly failed, and the car veered out of control. The car jumped the sidewalk and crashed into a home, causing extensive damage to the dwelling. The defendant was arrested and charged with larceny and the separate crime of malicious destruction of property. At trial, the prosecution and the defense both stipulated that the malfunctioning of the brakes caused the car to veer out of control and damage the home. Assume that the defendant is convicted of larceny for the theft of the car. With respect to the second charge of malicious destruction of property, he should be found","not guilty, because malicious destruction of property is a lesser included offense of larceny. ","not guilty, because the malice requirement is not satisfied, since the destruction resulted from the car's malfunctioning. ","guilty, because malice can be inferred from the defendant's intent to steal. ","guilty, because malicious destruction of property is a general intent crime. ",B,B,true
For dielectric heating the range of frequency normally employed is,10 KHz to 100 KHz.,10 MHz to 40 MHz.,100 KHz to 10 MHz.,1 MHz to 10 MHz.,B,B,true
"A man decided to give a cabin he owned to his daughter at his death. To accomplish this goal, he delivered to his attorney a deed that fully complied with the applicable statute of frauds and told his attorney to record the deed when he died unless he later gave the attorney instructions to the contrary. Three weeks after dropping off the deed, the man properly drafted and executed his own will, which left all of his real property to his son. One year later, the man died, and the attorney immediately recorded the deed. At the time of the man's death, the cabin was titled in his name and he owned no other real property. The daughter and the son now disagree as to who is entitled to ownership of the cabin. Other than the jurisdiction's statute of frauds and statute of wills, there are no applicable statutes. Who is entitled to ownership of the cabin? ","The daughter, because the attorney was, for gift-law purposes, a trustee for the daughter.","The son, because the deed was not delivered to the daughter during the man's lifetime.","The daughter, because the deed fully complied with the statute of frauds.","The son, because the proper execution of the will revoked the earlier gift to the daughter.",B,B,true
Statement 1| U2F is a stronger second factor than sending an SMS code to a user’s smartphone. Statement 2| An attacker that knows a user’s password can easily guess the U2F key to access the user’s account.,"True, True","True, False","False, False","False, True",B,B,true
"Suppose we define h(H, m) = E(m, H)h(H,m)=E(m,H). Then the resulting h(\cdot,\cdot)h(⋅,⋅) is not collision resistant: to build a collision (H,m)(H,m) and (H’,m’)(H’,m’) choose random (H,m,m’)(H,m,m’) and construct H’H’ as follows:","H’=E(m’,D(m,H))","H’=D(m’, E(m,H))","H’=E(m’,E(m,H))","H’=D(m’,D(m,H))",B,B,true
"This question refers to the following information.
""Is there no danger to our liberty and independence in a bank that in its nature has so little to bind it to our country? The president of the bank has told us that most of the State banks exist by its forbearance. Should its influence become concentrated, as it may under the operation of such an act as this, in the hands of a self-elected directory whose interests are identified with those of the foreign stockholders, will there not be cause to tremble for the purity of our elections in peace and for the independence of our country in war? Their power would be great whenever they might choose to exert it; but if this monopoly were regularly renewed every fifteen or twenty years on terms proposed by themselves, they might seldom in peace put forth their strength to influence elections or control the affairs of the nation. But if any private citizen or public functionary should interpose to curtail its powers or prevent a renewal of its privileges, it cannot be doubted that he would be made to feel its influence.""
President Andrew Jackson, Veto of the Bank of the United States, 1832
The debate over the First Bank of the United States was significant because it raised the issue of",whether the new government should issue paper currency,whether the United States should pay back its war debt to France,how strictly the Constitution should be interpreted,whether the president had the power to act unilaterally on important economic issues,C,C,true
"What is the greatest common divisor of 54, 36, and 24?",2,6,3,9,B,B,true
"The night before his bar examination, the examinee's next-door neighbor was having a party. The music from the neighbor's home was so loud that the examinee couldn't fall asleep. The examinee called the neighbor and asked her to please keep the noise down. The neighbor then abruptly hung up. Angered, the examinee went into his closet and got a gun. He went outside and fired a bullet through the neighbor's living room window. Not intending to shoot anyone, the examinee fired his gun at such an angle that the bullet would hit the ceiling. He merely wanted to cause some damage to the neighbor's home to relieve his angry rage. The bullet, however, ricocheted off the ceiling and struck a partygoer in the back, killing hr. The jurisdiction makes it a misdemeanor to discharge a firearm in public. The examinee will most likely be found guilty for which of the following crimes in connection to the death of the partygoer?",Involuntary manslaughter.,Murder.,Voluntary manslaughter.,Discharge of a firearm in public.,B,B,true
"A grating spectrometer can just barely resolve two wavelengths of 500 nm and 502 nm, respectively. Which of the following gives the resolving power of the spectrometer?",2,250,"5,000","10,000",B,B,true
"What is the rule for the pattern? 41, 38, 35, 32, 29,...",divide by 3,divide by 4,subtract 3,subtract 4,C,C,true
In which situation would a Defendant not be held to the standard of care of a reasonable person?,Defendant has poor judgment.,"Defendant is deaf, and is accused of being negligent in failing to heed a warning bell.",Defendant is hot-tempered and damaged property in a tantrum.,Defendant has an I.Q. of 85.,B,B,true
Use the equation below to answer the question. 0.75 × 6.5 = m Which expression shows one way to solve the equation?,"75 × 650 ÷ 1,000",0.7 × 6 + 0.7 × 5 + 0.5 × 6 + 0.5 × 5,"75 × 65 ÷ 1,000",0.7 × 6 + 0.7 × 0.5 + 0.5 × 6 + 0.5 × 0.5,C,C,true
"A pedestrian was walking in front of a hotel in the downtown area when a chair was thrown from an unidentified window. The chair struck the pedestrian on the head, knocking her unconscious. When the pedestrian recovered consciousness, she found herself in a nearby hospital with a doctor in attendance. An examination revealed that the pedestrian had suffered a concussion and severe head lacerations. A subsequent investigation revealed that the chair had, in fact, been thrown from a window at the hotel. None of the hotel's employees or guests, however, admitted culpability for the incident. If the pedestrian asserts a claim against the hotel for negligence, will the doctrine of res ipsa loquitur enable her to recover?","Yes, because the chair was within the control of the hotel. ","No, because the chair was not within the control of the hotel at the time the pedestrian was injured. ","Yes, because a chair is not usually thrown from a window in the absence of someone's negligence. ","No, because the hotel is not vicariously liable for the tortious conduct of its employees. ",B,B,true
"A retail store runs an advertisement in the local newspaper stating: ""Only 3 cashmere sweaters remaining; highest quality; real Polo; one grey, one maroon and one beige; on closeout, starting 9 a.m. Saturday, $5.00 each, first-come, first-served."" A store customer was the first to arrive on Saturday morning. He located the three advertised sweaters, picked them up, handed $15.00 to the clerk, and demanded all three sweaters at $5 each. The clerk stated that the store's price on each sweater was actually $50 each. The customer demanded the advertised price. Who has the superior legal position?","The retail store, because the terms of the advertisement were merely an invitation to make an offer, and the offer made was duly rejected by the store.","The customer, because this was a contract of adhesion favoring one party only, and as such, the store could not enforce it.","The customer, because the terms of the advertisement were definite enough to constitute an offer and the offer was duly accepted.","The store, in that a contract was made at $50 each, which was the store's actual intended price for the sweaters.",C,C,true
A patient is most likely to experience pain due to infection of the ethmoidal air cells sinus,at the base of the skull.,on the forehead.,between the eyes.,in the cheeks.,C,C,true
"After a week of negotiations, an importer of cigars from a foreign country agreed in writing to supply a smoke shop with all of their needs of cigars for two years at a price of $1 per cigar. The following day, the foreign govermnent was overthrown. One week later, the United States govermnent announced an embargo on the importation of all products from the foreign country. The importer contacted the smoke shop and informed them that as a result of the embargo, the importer would not be able to fill any of the smoke shop's orders for cigars from the foreign country. What is the probable legal effect of the United States government's embargo on the contract between the importer and the smoke shop?",The smoke shop would be entitled to recover the difference between $1 and the cost of purchasing cigars manufactured in another country.,Both parties' duties of performance would be discharged by frustration of purpose.,The parties' duties of performance would be excused because of a supervening illegality.,Both parties' duties of performance would be suspended through temporary impossibility.,C,C,true
"A husband, who was married to a wife, began dating another woman. The husband proposed marriage to the woman, who believed that the husband was single. The woman accepted the husband's marriage proposal and planned a wedding. The day before the wedding, the husband decided not to go through with the ceremony. He told his wife about his relationship with the woman. He then asked her to tell the woman that they were married and he would no longer be seeing her. The husband knew that the woman had a manic depressive personality and was mentally unstable. When the wife broke the news to the woman, she had an emotional breakdown that required hospitalization. The woman sued the husband for breach of contract to marry and intentional infliction of emotional distress. The husband has filed motions to dismiss both causes of action. The court should","deny the motion to dismiss the claim for breach of contract to marry, but grant the motion to dismiss the action for infliction of emotional distress, because the husband's conduct was not extreme and outrageous. ","deny the motion to dismiss the claim for intentional infliction of emotional distress, but grant the motion to dismiss the claim for breach of contract because it is against public policy to enforce marriage agreements. ",grant both motions to dismiss.,"deny both motions, because the husband's conduct was extreme and outrageous and the court may grant relief for breach of contract, as well. ",B,D,false
"A defendant stole a car and, while he was driving, the brakes suddenly failed, and the car veered out of control. The car jumped the sidewalk and crashed into a home, causing extensive damage to the dwelling. The defendant was arrested and charged with larceny and the separate crime of malicious destruction of property. At trial, the prosecution and the defense both stipulated that the malfunctioning of the brakes caused the car to veer out of control and damage the home. Assume that the defendant is convicted of larceny for the theft of the car. With respect to the second charge of malicious destruction of property, he should be found","not guilty, because malicious destruction of property is a lesser included offense of larceny. ","guilty, because malice can be inferred from the defendant's intent to steal. ","not guilty, because the malice requirement is not satisfied, since the destruction resulted from the car's malfunctioning. ","guilty, because malicious destruction of property is a general intent crime. ",C,C,true
For dielectric heating the range of frequency normally employed is,10 KHz to 100 KHz.,100 KHz to 10 MHz.,10 MHz to 40 MHz.,1 MHz to 10 MHz.,C,C,true
"When a life tenant fails to protect or preserve their land, permissive waste occurs. What is a life tenant not obligated to do?",Preserve the land and structures in a reasonable state of repair.,Is responsible for damages caused by third-party tortfeasor.,Pay interest on mortgages.,Pay ordinary taxes on the land.,B,B,true
Statement 1| U2F is a stronger second factor than sending an SMS code to a user’s smartphone. Statement 2| An attacker that knows a user’s password can easily guess the U2F key to access the user’s account.,"True, True","False, False","True, False","False, True",C,C,true
"A man was angry at a coworker who had received a promotion. The man believed that the coworker had taken credit for the man's work and had bad- mouthed him to their boss. One day, as the man was leaving the company parking lot in his car, he saw the coworker walking through the lot. On a sudden impulse, the man pushed the accelerator pedal hard and veered toward the coworker with the intention of scaring him. The coworker tried to jump out of the way but slipped and fell and was run over. Although the coworker suffered life-threatening injuries, he survived. In a jurisdiction that follows the common law of homicide, could the man properly be convicted of attempted murder? ","No, because the coworker's slip and fall broke the chain of proximate causation.","Yes, because the coworker suffered life- threatening injuries.","No, because the man lacked the requisite intent.","Yes, because the man acted with reckless disregard for human life.",C,C,true
"Suppose we define h(H, m) = E(m, H)h(H,m)=E(m,H). Then the resulting h(\cdot,\cdot)h(⋅,⋅) is not collision resistant: to build a collision (H,m)(H,m) and (H’,m’)(H’,m’) choose random (H,m,m’)(H,m,m’) and construct H’H’ as follows:","H’=E(m’,D(m,H))","H’=E(m’,E(m,H))","H’=D(m’, E(m,H))","H’=D(m’,D(m,H))",C,C,true
A state assesses a poll tax on people for registration to vote to elect state legislators. A group of minority citizens sues the state alleging denial of equal protection in that the right to vote cannot be based on the ability to pay a poll tax. The group does not present any evidence that the purpose of adopting the tax was to discriminate. There is no evidence of any specific effect that the tax has had on any class of people. Will the group succeed in striking down the tax?,"No, the mere fact that a law results in treating some groups differently from others does not automatically amount to a violation of the Equal Protection Clause.","Yes, because the tax discriminates against poor people who will be less able to afford paying it, thus denying them equal protection of the laws.","No, because this is a state tax that does not apply to voting for federal candidates, and it is therefore exempt from the Equal Protection Clause.","Yes, because the tax impedes the substantive due process right of every citizen to vote.",B,B,true
"A grating spectrometer can just barely resolve two wavelengths of 500 nm and 502 nm, respectively. Which of the following gives the resolving power of the spectrometer?",2,"5,000",250,"10,000",C,C,true
"A young woman who attended a rock concert at a nightclub was injured when the band opened its performance with illegal fireworks that ignited foam insulation in the club's ceiling and walls. The young woman sued the radio station that sponsored the performance. The radio station has moved for summary judgment, claiming that it owed no duty to audience members. The evidence has established the following facts: The station advertised its sponsorship on the radio and in print, distributed free tickets to the concert, and in print, distributed free tickets to the concert, staffed the event with the station's interns to assist with crowd control, and provided a station disc jockey to serve as master of ceremonies. The master of ceremonies had the authority to stop or delay the performance at any time on the basis of any safety concern. The station knew or should have known that the band routinely used unlicensed, illegal fireworks in its performances. Should the court grant the radio station's motion for summary judgment? ","No, because under respondeat superior, the radio station is vicariously liable for the negligent actions of the band.","Yes, because it is the band and the nightclub owners who owed audience members a duty of care.","No, because there is sufficient evidence of knowledge and control on the part of the station to impose on it a duty of care to audience members.","Yes, because the conduct of the band in setting off illegal fireworks was criminal and setting off illegal fireworks was criminal and was a superseding cause as a matter of law.",C,C,true
"A retail store runs an advertisement in the local newspaper stating: ""Only 3 cashmere sweaters remaining; highest quality; real Polo; one grey, one maroon and one beige; on closeout, starting 9 a.m. Saturday, $5.00 each, first-come, first-served."" A store customer was the first to arrive on Saturday morning. He located the three advertised sweaters, picked them up, handed $15.00 to the clerk, and demanded all three sweaters at $5 each. The clerk stated that the store's price on each sweater was actually $50 each. The customer demanded the advertised price. Who has the superior legal position?","The retail store, because the terms of the advertisement were merely an invitation to make an offer, and the offer made was duly rejected by the store.","The customer, because this was a contract of adhesion favoring one party only, and as such, the store could not enforce it.","The store, in that a contract was made at $50 each, which was the store's actual intended price for the sweaters.","The customer, because the terms of the advertisement were definite enough to constitute an offer and the offer was duly accepted.",D,D,true
"This question refers to the following information.
""Is there no danger to our liberty and independence in a bank that in its nature has so little to bind it to our country? The president of the bank has told us that most of the State banks exist by its forbearance. Should its influence become concentrated, as it may under the operation of such an act as this, in the hands of a self-elected directory whose interests are identified with those of the foreign stockholders, will there not be cause to tremble for the purity of our elections in peace and for the independence of our country in war? Their power would be great whenever they might choose to exert it; but if this monopoly were regularly renewed every fifteen or twenty years on terms proposed by themselves, they might seldom in peace put forth their strength to influence elections or control the affairs of the nation. But if any private citizen or public functionary should interpose to curtail its powers or prevent a renewal of its privileges, it cannot be doubted that he would be made to feel its influence.""
President Andrew Jackson, Veto of the Bank of the United States, 1832
The debate over the First Bank of the United States was significant because it raised the issue of",whether the new government should issue paper currency,whether the United States should pay back its war debt to France,whether the president had the power to act unilaterally on important economic issues,how strictly the Constitution should be interpreted,D,D,true
In which situation would a Defendant not be held to the standard of care of a reasonable person?,Defendant has poor judgment.,Defendant is hot-tempered and damaged property in a tantrum.,"Defendant is deaf, and is accused of being negligent in failing to heed a warning bell.",Defendant has an I.Q. of 85.,C,C,true
"Betty Buyer wanted to buy an antique Volvo automobile owned by Sarah Seller who had previously expressed some interest in selling.  Betty wrote Sarah a signed letter on April 1 stating ""I will buy your Volvo for $10,000 cash upon you bringing the vehicle to my home before April 5. This offer is not subject to countermand."" On April 2 Sarah received the letter and wrote back a signed letter to Betty stating ""I accept your offer and promise to deliver the Volvo to you as you request."" Unfortunately, the Postal Authority delayed delivery of Sarah's letter for 10 days.  In the mean time, Betty grew tired of not hearing from Sarah and purchased another car.  When she learned that Betty would not complete the transfer, Sarah sued for breach of contract.  The court will likely hold that",The mailing of the April 2nd letter did not prevent a subsequent effective revocation by Betty.,The April 2nd letter bound both parties to a bilateral contract when received.,The April 2nd letter bound both parties to a unilateral contract.,"The April 2nd letter was effective to form a contract on April 12th, when the offeror received it.",A,A,true
Use the equation below to answer the question. 0.75 × 6.5 = m Which expression shows one way to solve the equation?,"75 × 650 ÷ 1,000",0.7 × 6 + 0.7 × 5 + 0.5 × 6 + 0.5 × 5,0.7 × 6 + 0.7 × 0.5 + 0.5 × 6 + 0.5 × 0.5,"75 × 65 ÷ 1,000",D,D,true
"What is the rule for the pattern? 41, 38, 35, 32, 29,...",divide by 3,divide by 4,subtract 4,subtract 3,D,D,true
"A man who believed that his wife was cheating on him with her gym trainer decided to kill the trainer. He loaded his handgun and set off for the trainer's house. Because he was anxious about committing the crime, the man first stopped at a bar, drank eight shots of hard liquor, and became intoxicated. He then left the bar and went to the trainer's house. When the trainer answered the door, the man shot and killed him. The man then passed out on the trainer's porch. The man has been charged with murder in a jurisdiction that follows the common law. Can the man raise an intoxication defense? ","No, because drinking at the bar was the proximate cause of the killing.","Yes, because drinking at the bar was a foreseeable intervening cause of the killing.","No, because the man intended to commit the murder and drank to strengthen his nerve.","Yes, because the man's intoxication negated the specific intent required for murder.",C,C,true
"After a week of negotiations, an importer of cigars from a foreign country agreed in writing to supply a smoke shop with all of their needs of cigars for two years at a price of $1 per cigar. The following day, the foreign govermnent was overthrown. One week later, the United States govermnent announced an embargo on the importation of all products from the foreign country. The importer contacted the smoke shop and informed them that as a result of the embargo, the importer would not be able to fill any of the smoke shop's orders for cigars from the foreign country. What is the probable legal effect of the United States government's embargo on the contract between the importer and the smoke shop?",The smoke shop would be entitled to recover the difference between $1 and the cost of purchasing cigars manufactured in another country.,Both parties' duties of performance would be discharged by frustration of purpose.,Both parties' duties of performance would be suspended through temporary impossibility.,The parties' duties of performance would be excused because of a supervening illegality.,D,D,true
"The night before his bar examination, the examinee's next-door neighbor was having a party. The music from the neighbor's home was so loud that the examinee couldn't fall asleep. The examinee called the neighbor and asked her to please keep the noise down. The neighbor then abruptly hung up. Angered, the examinee went into his closet and got a gun. He went outside and fired a bullet through the neighbor's living room window. Not intending to shoot anyone, the examinee fired his gun at such an angle that the bullet would hit the ceiling. He merely wanted to cause some damage to the neighbor's home to relieve his angry rage. The bullet, however, ricocheted off the ceiling and struck a partygoer in the back, killing hr. The jurisdiction makes it a misdemeanor to discharge a firearm in public. The examinee will most likely be found guilty for which of the following crimes in connection to the death of the partygoer?",Involuntary manslaughter.,Voluntary manslaughter.,Murder.,Discharge of a firearm in public.,C,C,true
"A homeowner owned a single-story ranch- style home that was her primary residence. The homeowner received notice that her uncle had passed away and left her a two-story mansion in a neighboring city. The homeowner decided to move her primary residence to the mansion and rent the ranch-style home. She entered into a one- year written lease agreement with a tenant. The agreement set the monthly rent at $1,000. Shortly after the tenant took possession of the home, he built, at his own expense, a room addition onto the home. The room addition increased the appraised market value of the home from $200,000 to $250,000. At the expiration of the lease, the homeowner informed the tenant that she had decided to sell the home. She offered the tenant the first opportunity to buy the home, but the tenant replied that he could not afford to do so. The tenant did claim that he should be entitled to compensation for the room addition, since it had increased the value of the home, and the homeowner agreed. The tenant and the homeowner then executed the following agreement:""On the sale of the ranch-style home, the homeowner hereby promises to pay the tenant one- half of any sale proceeds in excess of $200,000, in compensation of the tenant's efforts in constructing the room addition onto the home. In addition, it is hereby agreed that the tenant may remain on the land until the sale is finalized, at a monthly rent of$500. ,'The homeowner initially set the asking price at $250,000, but received no offers to purchase the home. The homeowner decided to reduce the price to $210,000. This price reduction so infuriated the tenant that he thereafter made negative comments about the home to all of the prospective buyers who visited the home. Two months later, the homeowner sold the home to a buyer for $206,000. The buyer had visited the home while the tenant was away on a business trip and therefore did not hear the tenant's negative comments. Thereupon, the tenant, who had paid no rent for the final two months, moved out. After the sale was finalized, the homeowner refused to pay the tenant any of the sale proceeds. Which of the following statements, if true, most persuasively supports the tenant's contention that he is entitled to recover at least $4,000 from the owner (or the equivalent of one-half of the sale proceeds in excess of $200,000, minus two months' unpaid rent at $500 per month)?","The owner breached an implied promise by failing to attempt to sell the property at $250,000, which was the appraised market value of the home. ","Since the tenant made no negative comments about the home to the buyer, there is no showing that the tenant's remarks to the other prospective buyers necessarily caused any loss to the owner (i. e. , prevented her from selling the home for more than $210,000). ","The agreement between the homeowner that the tenant contained only one express condition (i. e. , the tenant was permitted to remain in the home during the owner's efforts to sell it), and since that condition has occurred, the tenant is entitled to his share of the proceeds from the sale. ","Even if the tenant's failure to pay any rent for the last two months was a material breach of contract, the owner's promise to pay the tenant a share of the proceeds of the sale was an independent covenant. ",B,D,false
A patient is most likely to experience pain due to infection of the ethmoidal air cells sinus,at the base of the skull.,on the forehead.,in the cheeks.,between the eyes.,D,D,true
"A defendant stole a car and, while he was driving, the brakes suddenly failed, and the car veered out of control. The car jumped the sidewalk and crashed into a home, causing extensive damage to the dwelling. The defendant was arrested and charged with larceny and the separate crime of malicious destruction of property. At trial, the prosecution and the defense both stipulated that the malfunctioning of the brakes caused the car to veer out of control and damage the home. Assume that the defendant is convicted of larceny for the theft of the car. With respect to the second charge of malicious destruction of property, he should be found","not guilty, because malicious destruction of property is a lesser included offense of larceny. ","guilty, because malice can be inferred from the defendant's intent to steal. ","guilty, because malicious destruction of property is a general intent crime. ","not guilty, because the malice requirement is not satisfied, since the destruction resulted from the car's malfunctioning. ",D,D,true
Statement 1| U2F is a stronger second factor than sending an SMS code to a user’s smartphone. Statement 2| An attacker that knows a user’s password can easily guess the U2F key to access the user’s account.,"True, True","False, False","False, True","True, False",D,D,true
"A pedestrian was walking in front of a hotel in the downtown area when a chair was thrown from an unidentified window. The chair struck the pedestrian on the head, knocking her unconscious. When the pedestrian recovered consciousness, she found herself in a nearby hospital with a doctor in attendance. An examination revealed that the pedestrian had suffered a concussion and severe head lacerations. A subsequent investigation revealed that the chair had, in fact, been thrown from a window at the hotel. None of the hotel's employees or guests, however, admitted culpability for the incident. If the pedestrian asserts a claim against the hotel for negligence, will the doctrine of res ipsa loquitur enable her to recover?","Yes, because the chair was within the control of the hotel. ","Yes, because a chair is not usually thrown from a window in the absence of someone's negligence. ","No, because the chair was not within the control of the hotel at the time the pedestrian was injured. ","No, because the hotel is not vicariously liable for the tortious conduct of its employees. ",C,C,true
"A man was angry at a coworker who had received a promotion. The man believed that the coworker had taken credit for the man's work and had bad- mouthed him to their boss. One day, as the man was leaving the company parking lot in his car, he saw the coworker walking through the lot. On a sudden impulse, the man pushed the accelerator pedal hard and veered toward the coworker with the intention of scaring him. The coworker tried to jump out of the way but slipped and fell and was run over. Although the coworker suffered life-threatening injuries, he survived. In a jurisdiction that follows the common law of homicide, could the man properly be convicted of attempted murder? ","No, because the coworker's slip and fall broke the chain of proximate causation.","Yes, because the coworker suffered life- threatening injuries.","Yes, because the man acted with reckless disregard for human life.","No, because the man lacked the requisite intent.",D,D,true
"What is the greatest common divisor of 54, 36, and 24?",2,3,6,9,C,C,true
For dielectric heating the range of frequency normally employed is,10 KHz to 100 KHz.,100 KHz to 10 MHz.,1 MHz to 10 MHz.,10 MHz to 40 MHz.,D,D,true
"A man who believed that his wife was cheating on him with her gym trainer decided to kill the trainer. He loaded his handgun and set off for the trainer's house. Because he was anxious about committing the crime, the man first stopped at a bar, drank eight shots of hard liquor, and became intoxicated. He then left the bar and went to the trainer's house. When the trainer answered the door, the man shot and killed him. The man then passed out on the trainer's porch. The man has been charged with murder in a jurisdiction that follows the common law. Can the man raise an intoxication defense? ","No, because drinking at the bar was the proximate cause of the killing.","Yes, because drinking at the bar was a foreseeable intervening cause of the killing.","Yes, because the man's intoxication negated the specific intent required for murder.","No, because the man intended to commit the murder and drank to strengthen his nerve.",D,D,true
"Suppose we define h(H, m) = E(m, H)h(H,m)=E(m,H). Then the resulting h(\cdot,\cdot)h(⋅,⋅) is not collision resistant: to build a collision (H,m)(H,m) and (H’,m’)(H’,m’) choose random (H,m,m’)(H,m,m’) and construct H’H’ as follows:","H’=E(m’,D(m,H))","H’=E(m’,E(m,H))","H’=D(m’,D(m,H))","H’=D(m’, E(m,H))",D,D,true
"A grating spectrometer can just barely resolve two wavelengths of 500 nm and 502 nm, respectively. Which of the following gives the resolving power of the spectrometer?",2,"5,000","10,000",250,D,D,true
"A young woman who attended a rock concert at a nightclub was injured when the band opened its performance with illegal fireworks that ignited foam insulation in the club's ceiling and walls. The young woman sued the radio station that sponsored the performance. The radio station has moved for summary judgment, claiming that it owed no duty to audience members. The evidence has established the following facts: The station advertised its sponsorship on the radio and in print, distributed free tickets to the concert, and in print, distributed free tickets to the concert, staffed the event with the station's interns to assist with crowd control, and provided a station disc jockey to serve as master of ceremonies. The master of ceremonies had the authority to stop or delay the performance at any time on the basis of any safety concern. The station knew or should have known that the band routinely used unlicensed, illegal fireworks in its performances. Should the court grant the radio station's motion for summary judgment? ","No, because under respondeat superior, the radio station is vicariously liable for the negligent actions of the band.","Yes, because it is the band and the nightclub owners who owed audience members a duty of care.","Yes, because the conduct of the band in setting off illegal fireworks was criminal and setting off illegal fireworks was criminal and was a superseding cause as a matter of law.","No, because there is sufficient evidence of knowledge and control on the part of the station to impose on it a duty of care to audience members.",D,D,true
"On March 15, in a signed written contract, a manufacturer agreed to sell 40,000 pens at $1 each to a retailer, delivery to be made in two equal installments on April 1 and May 1. The contract was silent as to the time of payment, but on March 25 the two parties orally agreed that the entire purchase price was to be paid on delivery of the second installment. On April 1, the manufacturer delivered 20,000 pens, and the retailer accepted them. The manufacturer then demanded payment of $20,000. When the retailer refused to make the payment, the manufacturer sued the retailer for breach of contract. In its defense, the retailer proffered evidence of the March 25 oral agreement. Is the manufacturer likely to succeed in its action? ","No, because the March 25 oral agreement was an effective modification of the written contract.","No, because even though the March 25 oral agreement is not effective, payment is due at the time of the second installment.","Yes, because the parol evidence rule bars the introduction of evidence of an oral agreement modifying a written contract.","Yes, because there was no consideration to support the modification.",A,A,true
Which of the following terms describes the body's ability to maintain its normal state?,Homeostasis,Anabolism,Catabolism,Tolerance,A,A,true
In which situation would a Defendant not be held to the standard of care of a reasonable person?,Defendant has poor judgment.,Defendant is hot-tempered and damaged property in a tantrum.,Defendant has an I.Q. of 85.,"Defendant is deaf, and is accused of being negligent in failing to heed a warning bell.",D,D,true
"The night before his bar examination, the examinee's next-door neighbor was having a party. The music from the neighbor's home was so loud that the examinee couldn't fall asleep. The examinee called the neighbor and asked her to please keep the noise down. The neighbor then abruptly hung up. Angered, the examinee went into his closet and got a gun. He went outside and fired a bullet through the neighbor's living room window. Not intending to shoot anyone, the examinee fired his gun at such an angle that the bullet would hit the ceiling. He merely wanted to cause some damage to the neighbor's home to relieve his angry rage. The bullet, however, ricocheted off the ceiling and struck a partygoer in the back, killing hr. The jurisdiction makes it a misdemeanor to discharge a firearm in public. The examinee will most likely be found guilty for which of the following crimes in connection to the death of the partygoer?",Involuntary manslaughter.,Voluntary manslaughter.,Discharge of a firearm in public.,Murder.,D,D,true
"In 1963, Smith, the record owner of Winterthur died and in his will he devised Winterthur to ""my son, Samuel, and his heirs, but if Samuel dies without issue to my daughter, Dixie, and her heirs. "" Then Samuel deeded to ""Bailey and his heirs,"" which was executed on July 1, 1973 and recorded on the same date. In 1974, Bailey died and in his will he devised Winterthur to ""my brother Corley for life, then to Corley's heirs. "" In 1983, Corley executed a general warranty deed in which he conveyed ""all my right, title and interest in Winterthur to my children, Jesse and James. "" James died intestate in 1988, leaving his 14-year-old son, Butch, as his only heir. Corley died in 1993, leaving Butch and Jesse as heirs. In 1998, Butch and Jesee conveyed Winterthur by a general warranty deed to ""Barnes and his heirs. "" Although both Butch and Jesse were married, their respective wives did not join in the deed. Barnes has been in continuous possession of the home since 1998. Samuel died on January 1, 2009 without issue, and Dixie is still alive. In March 2009, Dixie, asserting that her title was held free of any claim by Barnes, instituted suit against Barnes to quiet title to Winterthur. Judgment should be for","Dixie, because she acquired fee simple interest at the time of Samuel's death in January 2009. ","Barnes, because his prior recorded deed would be deemed to be outside Dixie's chain of title. ","Barnes, because the devise to Dixie would be violative of the Rule against Perpetuities. ","Dixie, because she acquired an indefeasible vested remainder under her father's will in1963. ",A,A,true
"In light of the current oil glut, many oil producing states have experienced extreme economic hardship. Due to the precipitous drop in oil prices, many oil companies have been forced to cut back on oil production and lay off many workers. As a result, unemployment has reached all-time high levels in several states. In order to alleviate this potentially catastrophic situation, the one of those state's legislatures recently enacted a statute requiring that 10% of all oil produced within the state be purchased by the state and reserved for use by state residents. The purpose of the statute was twofold: (1) it was intended to stimulate the oil industry within the state by encouraging more production and exploration, and (2) it was designed to create an oil reserve so that state residents and industries would not suffer unduly from future oil shortages. Subsequently, Congress enacted a statute forbidding states to reserve local resources for local use in this manner. Is this state statute constitutional?","No, because a state may not protect its residents from out-of-state competition for its natural resources without the express permission of Congress. ","Yes, because Congress has not expressly forbidden states to reserve local resources for local use. ","Yes, because the state statute requires that the oil be used for the general welfare of the people in emergency situations. ","No, because application of the statute denies non-oil producing companies to equal protection of the law, in violation of the Fourteenth Amendment. ",A,A,true
"While shopping at a grocery store, a customer tripped over a broken tile, fell, and suffered a concussion. A few months after the accident, the customer's attorney deposed a store employee. In the deposition, the employee testified, ""I'd been telling the store manager for years to get that broken tile fixed, but he wouldn't do it. "" The employee died in an automobile accident after being deposed. At trial, the deposition should be","admitted, as former testimony. ","admitted, as a dying declaration. ","not admitted, because it is hearsay not within any exception. ","not admitted, because the employee is not available for cross-examination. ",A,A,true
"A man decided to give a cabin he owned to his daughter at his death. To accomplish this goal, he delivered to his attorney a deed that fully complied with the applicable statute of frauds and told his attorney to record the deed when he died unless he later gave the attorney instructions to the contrary. Three weeks after dropping off the deed, the man properly drafted and executed his own will, which left all of his real property to his son. One year later, the man died, and the attorney immediately recorded the deed. At the time of the man's death, the cabin was titled in his name and he owned no other real property. The daughter and the son now disagree as to who is entitled to ownership of the cabin. Other than the jurisdiction's statute of frauds and statute of wills, there are no applicable statutes. Who is entitled to ownership of the cabin? ","The daughter, because the attorney was, for gift-law purposes, a trustee for the daughter.","The daughter, because the deed fully complied with the statute of frauds.","The son, because the deed was not delivered to the daughter during the man's lifetime.","The son, because the proper execution of the will revoked the earlier gift to the daughter.",C,C,true
"An ideal monatomic gas expands quasi-statically to twice its volume. If the process is isothermal, the work done by the gas is Wi. If the process is adiabatic, the work done by the gas is Wa. Which of the following is true?",0<Wa <Wi,Wi = Wa,0 = Wi  < Wa,0 < Wi < Wa,A,A,true
The trachea,lies superficial to the oesophagus.,lies deep to the oesophagus.,is totally enclosed by cartilaginous rings.,divides at the thoracic inlet.,A,A,true
"When a life tenant fails to protect or preserve their land, permissive waste occurs. What is a life tenant not obligated to do?",Preserve the land and structures in a reasonable state of repair.,Pay interest on mortgages.,Is responsible for damages caused by third-party tortfeasor.,Pay ordinary taxes on the land.,C,C,true
What will be the total flux emitted by a source of 60 candle power?,754.2 lumens.,0.001326 lumens.,60 lumens.,None of these.,A,A,true
"A defendant is on trial in federal court for bank robbery. Before the police had any suspects, a police officer interviewed an eyewitness at the police station and showed her a ""mug book"" containing dozens of photographs. The eyewitness identified the defendant's photograph as that of the robber. At trial, the eyewitness surprises the prosecutor by testifying that she is unable to identify the defendant as the robber. The prosecutor calls the officer to testify that the eyewitness identified the defendant from the photograph in the police station. The eyewitness remains present in the courthouse and can be recalled. Is the officer's testimony admissible? ","Yes, because the eyewitness's statement of identification as reported by the officer is not excluded by the hearsay rule.","No, because the eyewitness was unable to identify the defendant at trial.","No, because the eyewitness's testimony has disappointed the prosecutor but has not affirmatively harmed the prosecution's case.","Yes, because the hearsay rule does not exclude out-of-court statements if a declarant testifies and is available for cross- examination.",A,A,true
"What is the greatest common divisor of 54, 36, and 24?",2,3,9,6,D,D,true
"A pedestrian was walking in front of a hotel in the downtown area when a chair was thrown from an unidentified window. The chair struck the pedestrian on the head, knocking her unconscious. When the pedestrian recovered consciousness, she found herself in a nearby hospital with a doctor in attendance. An examination revealed that the pedestrian had suffered a concussion and severe head lacerations. A subsequent investigation revealed that the chair had, in fact, been thrown from a window at the hotel. None of the hotel's employees or guests, however, admitted culpability for the incident. If the pedestrian asserts a claim against the hotel for negligence, will the doctrine of res ipsa loquitur enable her to recover?","Yes, because the chair was within the control of the hotel. ","Yes, because a chair is not usually thrown from a window in the absence of someone's negligence. ","No, because the hotel is not vicariously liable for the tortious conduct of its employees. ","No, because the chair was not within the control of the hotel at the time the pedestrian was injured. ",D,D,true
A state assesses a poll tax on people for registration to vote to elect state legislators. A group of minority citizens sues the state alleging denial of equal protection in that the right to vote cannot be based on the ability to pay a poll tax. The group does not present any evidence that the purpose of adopting the tax was to discriminate. There is no evidence of any specific effect that the tax has had on any class of people. Will the group succeed in striking down the tax?,"No, the mere fact that a law results in treating some groups differently from others does not automatically amount to a violation of the Equal Protection Clause.","No, because this is a state tax that does not apply to voting for federal candidates, and it is therefore exempt from the Equal Protection Clause.","Yes, because the tax discriminates against poor people who will be less able to afford paying it, thus denying them equal protection of the laws.","Yes, because the tax impedes the substantive due process right of every citizen to vote.",C,C,true
"This question refers to the following information.
""Is there no danger to our liberty and independence in a bank that in its nature has so little to bind it to our country? The president of the bank has told us that most of the State banks exist by its forbearance. Should its influence become concentrated, as it may under the operation of such an act as this, in the hands of a self-elected directory whose interests are identified with those of the foreign stockholders, will there not be cause to tremble for the purity of our elections in peace and for the independence of our country in war? Their power would be great whenever they might choose to exert it; but if this monopoly were regularly renewed every fifteen or twenty years on terms proposed by themselves, they might seldom in peace put forth their strength to influence elections or control the affairs of the nation. But if any private citizen or public functionary should interpose to curtail its powers or prevent a renewal of its privileges, it cannot be doubted that he would be made to feel its influence.""
President Andrew Jackson, Veto of the Bank of the United States, 1832
In the excerpt above, which quote best explains why Jackson chose to veto the re-charter of the Second Bank?",interests are identified with those of foreign stockholders,but if any private citizen,the president of the bank,this monopoly,A,A,true
"Betty Buyer wanted to buy an antique Volvo automobile owned by Sarah Seller who had previously expressed some interest in selling.  Betty wrote Sarah a signed letter on April 1 stating ""I will buy your Volvo for $10,000 cash upon you bringing the vehicle to my home before April 5. This offer is not subject to countermand."" On April 2 Sarah received the letter and wrote back a signed letter to Betty stating ""I accept your offer and promise to deliver the Volvo to you as you request."" Unfortunately, the Postal Authority delayed delivery of Sarah's letter for 10 days.  In the mean time, Betty grew tired of not hearing from Sarah and purchased another car.  When she learned that Betty would not complete the transfer, Sarah sued for breach of contract.  The court will likely hold that",The April 2nd letter bound both parties to a bilateral contract when received.,The mailing of the April 2nd letter did not prevent a subsequent effective revocation by Betty.,The April 2nd letter bound both parties to a unilateral contract.,"The April 2nd letter was effective to form a contract on April 12th, when the offeror received it.",B,B,true
Dr. Sperline is ordering a chemical for his students to use in an experiment. He knows that each student will need to use 0.797 grams of magnesium in the first step of the experiment and 0.892 grams in a later step. He uses front-end estimation with an adjustment to figure out the approximate amount of magnesium needed by each student. What is his estimate?,1.7 g,1.4 g,1.6 g,1.5 g,A,A,true
"While shopping at a grocery store, a customer tripped over a broken tile, fell, and suffered a concussion. A few months after the accident, the customer's attorney deposed a store employee. In the deposition, the employee testified, ""I'd been telling the store manager for years to get that broken tile fixed, but he wouldn't do it. "" The employee died in an automobile accident after being deposed. At trial, the deposition should be","admitted, as a dying declaration. ","admitted, as former testimony. ","not admitted, because it is hearsay not within any exception. ","not admitted, because the employee is not available for cross-examination. ",B,B,true
"In light of the current oil glut, many oil producing states have experienced extreme economic hardship. Due to the precipitous drop in oil prices, many oil companies have been forced to cut back on oil production and lay off many workers. As a result, unemployment has reached all-time high levels in several states. In order to alleviate this potentially catastrophic situation, the one of those state's legislatures recently enacted a statute requiring that 10% of all oil produced within the state be purchased by the state and reserved for use by state residents. The purpose of the statute was twofold: (1) it was intended to stimulate the oil industry within the state by encouraging more production and exploration, and (2) it was designed to create an oil reserve so that state residents and industries would not suffer unduly from future oil shortages. Subsequently, Congress enacted a statute forbidding states to reserve local resources for local use in this manner. Is this state statute constitutional?","Yes, because Congress has not expressly forbidden states to reserve local resources for local use. ","No, because a state may not protect its residents from out-of-state competition for its natural resources without the express permission of Congress. ","Yes, because the state statute requires that the oil be used for the general welfare of the people in emergency situations. ","No, because application of the statute denies non-oil producing companies to equal protection of the law, in violation of the Fourteenth Amendment. ",B,B,true
"An ideal monatomic gas expands quasi-statically to twice its volume. If the process is isothermal, the work done by the gas is Wi. If the process is adiabatic, the work done by the gas is Wa. Which of the following is true?",Wi = Wa,0<Wa <Wi,0 = Wi  < Wa,0 < Wi < Wa,B,B,true
Which of the following terms describes the body's ability to maintain its normal state?,Anabolism,Homeostasis,Catabolism,Tolerance,B,B,true
"In 2001, the owner of a mansion and its surrounding property died. In his will, he devised the property to ""my son and his heirs, but if my son dies without issue, to my daughter and her heirs. ""Assume that when the owner died, the daughter was still alive. The daughter did not have any children at the time that the owner died. However, 10 years after her father's death, the daughter had a child. After the owner's death the daughter's interest in the property may best be described as a",shifting executory interest.,contingent remainder.,springing executory interest.,"vested remainder, subject to complete divestiture. ",A,A,true
"A private developer sought a building permit to build a nursing home in a district that was zoned ""residential"" by the township. The home would house 200 beds for persons needing nursing home care for the remainder of their lives. The state government approved the request and certified the need for more nursing homes in that township. The township, however, vehemently opposed permitting a nursing home in a residential zoning district and refused the building permit. The township's zoning law has 15 residential zones, each of which does not allow a nursing home. The nursing home sued in federal court requesting declaratory and injunctive relief on the basis that the zoning law was discriminatory against handicapped persons and a violation of federal law. Will the court compel the township to allow the construction of the nursing home?","Yes, under federal law all municipalities must provide reasonable accommodations to handicapped persons, and the zoning law in question violates that mandate.","No, it is strictly a matter of local preference whether a particular use will be allowed in a zoning district.","No, because there are numerous other locations for nursing homes within the state, a local community's restriction against that use is not discriminatory.","Yes, the zoning law represents an unconstitutional denial of substantive due process to handicapped persons.",A,A,true
"Water Works had a long-standing policy of offering employees $100 for suggestions actually used.  Due to inflation and a decline in the quantity and quality of suggestions received, Water Works decided to increase the award to $500.  Several suggestions were under consideration at that time.  Two days prior to the public announcement of the increase to $500, a suggestion by Farber was accepted and put into use.  Farber is seeking to collect $500. Farber is entitled to",$100 in accordance with the original offer.,$500 because Water Works had decided to pay that amount.,$500 because the suggestion submitted will be used during the period that Water Works indicated it would pay $500.,Nothing if Water Works chooses not to pay since the offer was gratuitous.,A,A,true
"A husband, who was married to a wife, began dating another woman. The husband proposed marriage to the woman, who believed that the husband was single. The woman accepted the husband's marriage proposal and planned a wedding. The day before the wedding, the husband decided not to go through with the ceremony. He told his wife about his relationship with the woman. He then asked her to tell the woman that they were married and he would no longer be seeing her. The husband knew that the woman had a manic depressive personality and was mentally unstable. When the wife broke the news to the woman, she had an emotional breakdown that required hospitalization. The woman sued the husband for breach of contract to marry and intentional infliction of emotional distress. The husband has filed motions to dismiss both causes of action. The court should","deny the motion to dismiss the claim for breach of contract to marry, but grant the motion to dismiss the action for infliction of emotional distress, because the husband's conduct was not extreme and outrageous. ",grant both motions to dismiss.,"deny the motion to dismiss the claim for intentional infliction of emotional distress, but grant the motion to dismiss the claim for breach of contract because it is against public policy to enforce marriage agreements. ","deny both motions, because the husband's conduct was extreme and outrageous and the court may grant relief for breach of contract, as well. ",C,D,false
"A man decided to give a cabin he owned to his daughter at his death. To accomplish this goal, he delivered to his attorney a deed that fully complied with the applicable statute of frauds and told his attorney to record the deed when he died unless he later gave the attorney instructions to the contrary. Three weeks after dropping off the deed, the man properly drafted and executed his own will, which left all of his real property to his son. One year later, the man died, and the attorney immediately recorded the deed. At the time of the man's death, the cabin was titled in his name and he owned no other real property. The daughter and the son now disagree as to who is entitled to ownership of the cabin. Other than the jurisdiction's statute of frauds and statute of wills, there are no applicable statutes. Who is entitled to ownership of the cabin? ","The daughter, because the attorney was, for gift-law purposes, a trustee for the daughter.","The daughter, because the deed fully complied with the statute of frauds.","The son, because the proper execution of the will revoked the earlier gift to the daughter.","The son, because the deed was not delivered to the daughter during the man's lifetime.",D,D,true
"Colton and his dad bought a gallon of paint that cost $13. They also bought 2 brushes that cost $9 each. What was the total cost, not including tax, of the brushes and the paint they bought?",$31 ,$22 ,$24 ,$35 ,A,A,true
The trachea,lies deep to the oesophagus.,lies superficial to the oesophagus.,is totally enclosed by cartilaginous rings.,divides at the thoracic inlet.,B,B,true
"A veterinarian was the owner of 1,500 acres of undeveloped timberland. The land in question had never been occupied, fenced, or cleared except that for 24 years, a mining company, one mile from the property, regularly drove trucks over a cleared path pursuant to an agreement with the veterinarian. The agreement, which was duly recorded, provided that ""the parties expressly agree and the veterinarian promises that the veterinarian and his successors shall refrain from obstructing the said described pathway across the veterinarian's land, which the mining company and its successors may perpetually use as a road, in consideration of which the mining company and its successors will pay the sum of $700 per annum. ""The provision in the agreement between the veterinarian and the mining company granting ""the use of the pathway"" to the mining company may best be described as a (an)",easement in gross.,license.,easement appurtenant.,prescriptive easement.,A,A,true
"In 1963, Smith, the record owner of Winterthur died and in his will he devised Winterthur to ""my son, Samuel, and his heirs, but if Samuel dies without issue to my daughter, Dixie, and her heirs. "" Then Samuel deeded to ""Bailey and his heirs,"" which was executed on July 1, 1973 and recorded on the same date. In 1974, Bailey died and in his will he devised Winterthur to ""my brother Corley for life, then to Corley's heirs. "" In 1983, Corley executed a general warranty deed in which he conveyed ""all my right, title and interest in Winterthur to my children, Jesse and James. "" James died intestate in 1988, leaving his 14-year-old son, Butch, as his only heir. Corley died in 1993, leaving Butch and Jesse as heirs. In 1998, Butch and Jesee conveyed Winterthur by a general warranty deed to ""Barnes and his heirs. "" Although both Butch and Jesse were married, their respective wives did not join in the deed. Barnes has been in continuous possession of the home since 1998. Samuel died on January 1, 2009 without issue, and Dixie is still alive. In March 2009, Dixie, asserting that her title was held free of any claim by Barnes, instituted suit against Barnes to quiet title to Winterthur. Judgment should be for","Barnes, because his prior recorded deed would be deemed to be outside Dixie's chain of title. ","Dixie, because she acquired fee simple interest at the time of Samuel's death in January 2009. ","Barnes, because the devise to Dixie would be violative of the Rule against Perpetuities. ","Dixie, because she acquired an indefeasible vested remainder under her father's will in1963. ",B,B,true
What will be the total flux emitted by a source of 60 candle power?,0.001326 lumens.,754.2 lumens.,60 lumens.,None of these.,B,B,true
"A defendant and his co-conspirator were arrested and charged with robbery and conspiracy to commit robbery. Following their arrest, they were both taken to the police station and given Miranda warnings. They both expressed a desire to remain silent until they could consult an attorney. At the station house, they were booked and placed in separate jail cells. Later that day, and before any attorney consultations could take place, a police detective went to the coconspirator's cell and began interrogating him. The detective told the co-conspirator that if he cooperated in their investigation, the prosecuting attorney would drop charges against him. The co-conspirator then reluctantly confessed and implicated the defendant in the commission of the crimes. The co-conspirator also told the police where the defendant had hidden the stolen property. Based on this information, the police retrieved the stolen property, which included a diamond necklace. Later the same day, the police went to the defendant's jail cell and showed him the diamond necklace that they had recovered. They also told the defendant that the co-conspirator had confessed and implicated him in the perpetration of the crime. Confronted by this evidence, the defendant confessed. The defendant was then prosecuted for conspiracy and robbery. At the defendant's trial, the prosecution sought to introduce into evidence the necklace and the defendant's confession. The defendant's motion to exclude these offers of proof will be","denied to the necklace, but granted to the confession. ",denied to both the necklace and the confession.,"granted to the necklace, but denied to the confession. ",granted to both the necklace and the confession.,A,A,true
A state assesses a poll tax on people for registration to vote to elect state legislators. A group of minority citizens sues the state alleging denial of equal protection in that the right to vote cannot be based on the ability to pay a poll tax. The group does not present any evidence that the purpose of adopting the tax was to discriminate. There is no evidence of any specific effect that the tax has had on any class of people. Will the group succeed in striking down the tax?,"No, the mere fact that a law results in treating some groups differently from others does not automatically amount to a violation of the Equal Protection Clause.","No, because this is a state tax that does not apply to voting for federal candidates, and it is therefore exempt from the Equal Protection Clause.","Yes, because the tax impedes the substantive due process right of every citizen to vote.","Yes, because the tax discriminates against poor people who will be less able to afford paying it, thus denying them equal protection of the laws.",D,D,true
"A defendant is on trial in federal court for bank robbery. Before the police had any suspects, a police officer interviewed an eyewitness at the police station and showed her a ""mug book"" containing dozens of photographs. The eyewitness identified the defendant's photograph as that of the robber. At trial, the eyewitness surprises the prosecutor by testifying that she is unable to identify the defendant as the robber. The prosecutor calls the officer to testify that the eyewitness identified the defendant from the photograph in the police station. The eyewitness remains present in the courthouse and can be recalled. Is the officer's testimony admissible? ","No, because the eyewitness was unable to identify the defendant at trial.","Yes, because the eyewitness's statement of identification as reported by the officer is not excluded by the hearsay rule.","No, because the eyewitness's testimony has disappointed the prosecutor but has not affirmatively harmed the prosecution's case.","Yes, because the hearsay rule does not exclude out-of-court statements if a declarant testifies and is available for cross- examination.",B,B,true
"This question refers to the following information.
""Is there no danger to our liberty and independence in a bank that in its nature has so little to bind it to our country? The president of the bank has told us that most of the State banks exist by its forbearance. Should its influence become concentrated, as it may under the operation of such an act as this, in the hands of a self-elected directory whose interests are identified with those of the foreign stockholders, will there not be cause to tremble for the purity of our elections in peace and for the independence of our country in war? Their power would be great whenever they might choose to exert it; but if this monopoly were regularly renewed every fifteen or twenty years on terms proposed by themselves, they might seldom in peace put forth their strength to influence elections or control the affairs of the nation. But if any private citizen or public functionary should interpose to curtail its powers or prevent a renewal of its privileges, it cannot be doubted that he would be made to feel its influence.""
President Andrew Jackson, Veto of the Bank of the United States, 1832
In the excerpt above, which quote best explains why Jackson chose to veto the re-charter of the Second Bank?",but if any private citizen,interests are identified with those of foreign stockholders,the president of the bank,this monopoly,B,B,true
Dr. Sperline is ordering a chemical for his students to use in an experiment. He knows that each student will need to use 0.797 grams of magnesium in the first step of the experiment and 0.892 grams in a later step. He uses front-end estimation with an adjustment to figure out the approximate amount of magnesium needed by each student. What is his estimate?,1.4 g,1.7 g,1.6 g,1.5 g,B,B,true
"While shopping at a grocery store, a customer tripped over a broken tile, fell, and suffered a concussion. A few months after the accident, the customer's attorney deposed a store employee. In the deposition, the employee testified, ""I'd been telling the store manager for years to get that broken tile fixed, but he wouldn't do it. "" The employee died in an automobile accident after being deposed. At trial, the deposition should be","admitted, as a dying declaration. ","not admitted, because it is hearsay not within any exception. ","admitted, as former testimony. ","not admitted, because the employee is not available for cross-examination. ",C,C,true
Which of the following lists the electromagnetic spectral regions in order of decreasing wavelength?,"infrared, visible, ultraviolet, X-ray","ultraviolet, visible, infrared, X-ray","X-ray, visible, ultraviolet, infrared","X-ray, ultraviolet, visible, infrared",A,A,true
"A private developer sought a building permit to build a nursing home in a district that was zoned ""residential"" by the township. The home would house 200 beds for persons needing nursing home care for the remainder of their lives. The state government approved the request and certified the need for more nursing homes in that township. The township, however, vehemently opposed permitting a nursing home in a residential zoning district and refused the building permit. The township's zoning law has 15 residential zones, each of which does not allow a nursing home. The nursing home sued in federal court requesting declaratory and injunctive relief on the basis that the zoning law was discriminatory against handicapped persons and a violation of federal law. Will the court compel the township to allow the construction of the nursing home?","No, it is strictly a matter of local preference whether a particular use will be allowed in a zoning district.","Yes, under federal law all municipalities must provide reasonable accommodations to handicapped persons, and the zoning law in question violates that mandate.","No, because there are numerous other locations for nursing homes within the state, a local community's restriction against that use is not discriminatory.","Yes, the zoning law represents an unconstitutional denial of substantive due process to handicapped persons.",B,B,true
"In 2001, the owner of a mansion and its surrounding property died. In his will, he devised the property to ""my son and his heirs, but if my son dies without issue, to my daughter and her heirs. ""Assume that when the owner died, the daughter was still alive. The daughter did not have any children at the time that the owner died. However, 10 years after her father's death, the daughter had a child. After the owner's death the daughter's interest in the property may best be described as a",contingent remainder.,shifting executory interest.,springing executory interest.,"vested remainder, subject to complete divestiture. ",B,B,true
"Water Works had a long-standing policy of offering employees $100 for suggestions actually used.  Due to inflation and a decline in the quantity and quality of suggestions received, Water Works decided to increase the award to $500.  Several suggestions were under consideration at that time.  Two days prior to the public announcement of the increase to $500, a suggestion by Farber was accepted and put into use.  Farber is seeking to collect $500. Farber is entitled to",$500 because Water Works had decided to pay that amount.,$100 in accordance with the original offer.,$500 because the suggestion submitted will be used during the period that Water Works indicated it would pay $500.,Nothing if Water Works chooses not to pay since the offer was gratuitous.,B,B,true
Why do vinegar (a dilute solution of ethanoic acid in water) and vegetable oil (long-chain organic acids esterified with glycerol) not mix to form solutions?,"The unfavorably large endothermic process of ""separating"" the molecules in the two solutes compared with the energy released when the solutes interact makes a solution thermodynamically unfavored.","The attractive forces in vinegar are much stronger than those in vegetable oil, so the liquids always separate into two phases.",Organic compounds rarely dissolve in water.,"Attractive forces in vinegar are mainly hydrogen bonding, while those in vegetable oil are due to instantaneous dipoles.",A,A,true
The trachea,lies deep to the oesophagus.,is totally enclosed by cartilaginous rings.,lies superficial to the oesophagus.,divides at the thoracic inlet.,C,C,true
"Colton and his dad bought a gallon of paint that cost $13. They also bought 2 brushes that cost $9 each. What was the total cost, not including tax, of the brushes and the paint they bought?",$22 ,$31 ,$24 ,$35 ,B,B,true
"In light of the current oil glut, many oil producing states have experienced extreme economic hardship. Due to the precipitous drop in oil prices, many oil companies have been forced to cut back on oil production and lay off many workers. As a result, unemployment has reached all-time high levels in several states. In order to alleviate this potentially catastrophic situation, the one of those state's legislatures recently enacted a statute requiring that 10% of all oil produced within the state be purchased by the state and reserved for use by state residents. The purpose of the statute was twofold: (1) it was intended to stimulate the oil industry within the state by encouraging more production and exploration, and (2) it was designed to create an oil reserve so that state residents and industries would not suffer unduly from future oil shortages. Subsequently, Congress enacted a statute forbidding states to reserve local resources for local use in this manner. Is this state statute constitutional?","Yes, because Congress has not expressly forbidden states to reserve local resources for local use. ","Yes, because the state statute requires that the oil be used for the general welfare of the people in emergency situations. ","No, because a state may not protect its residents from out-of-state competition for its natural resources without the express permission of Congress. ","No, because application of the statute denies non-oil producing companies to equal protection of the law, in violation of the Fourteenth Amendment. ",C,C,true
"An ideal monatomic gas expands quasi-statically to twice its volume. If the process is isothermal, the work done by the gas is Wi. If the process is adiabatic, the work done by the gas is Wa. Which of the following is true?",Wi = Wa,0 = Wi  < Wa,0<Wa <Wi,0 < Wi < Wa,C,C,true
"A breeder of dogs induced a purchaser to buy a puppy by representing that it was a registered basset hound, when in fact the breeder knew it was a mixed breed. The purchaser later discovered that the representation was false. She wants to sue to disaffirm the contract and get a refund. What legal theory would be best applicable to decide this case?",Fraudulent inducement.,Unconscionability.,Breach of warranty.,Fraud in the factum.,A,A,true
"In 1963, Smith, the record owner of Winterthur died and in his will he devised Winterthur to ""my son, Samuel, and his heirs, but if Samuel dies without issue to my daughter, Dixie, and her heirs. "" Then Samuel deeded to ""Bailey and his heirs,"" which was executed on July 1, 1973 and recorded on the same date. In 1974, Bailey died and in his will he devised Winterthur to ""my brother Corley for life, then to Corley's heirs. "" In 1983, Corley executed a general warranty deed in which he conveyed ""all my right, title and interest in Winterthur to my children, Jesse and James. "" James died intestate in 1988, leaving his 14-year-old son, Butch, as his only heir. Corley died in 1993, leaving Butch and Jesse as heirs. In 1998, Butch and Jesee conveyed Winterthur by a general warranty deed to ""Barnes and his heirs. "" Although both Butch and Jesse were married, their respective wives did not join in the deed. Barnes has been in continuous possession of the home since 1998. Samuel died on January 1, 2009 without issue, and Dixie is still alive. In March 2009, Dixie, asserting that her title was held free of any claim by Barnes, instituted suit against Barnes to quiet title to Winterthur. Judgment should be for","Barnes, because his prior recorded deed would be deemed to be outside Dixie's chain of title. ","Barnes, because the devise to Dixie would be violative of the Rule against Perpetuities. ","Dixie, because she acquired fee simple interest at the time of Samuel's death in January 2009. ","Dixie, because she acquired an indefeasible vested remainder under her father's will in1963. ",C,C,true
"A defendant is on trial in federal court for bank robbery. Before the police had any suspects, a police officer interviewed an eyewitness at the police station and showed her a ""mug book"" containing dozens of photographs. The eyewitness identified the defendant's photograph as that of the robber. At trial, the eyewitness surprises the prosecutor by testifying that she is unable to identify the defendant as the robber. The prosecutor calls the officer to testify that the eyewitness identified the defendant from the photograph in the police station. The eyewitness remains present in the courthouse and can be recalled. Is the officer's testimony admissible? ","No, because the eyewitness was unable to identify the defendant at trial.","No, because the eyewitness's testimony has disappointed the prosecutor but has not affirmatively harmed the prosecution's case.","Yes, because the eyewitness's statement of identification as reported by the officer is not excluded by the hearsay rule.","Yes, because the hearsay rule does not exclude out-of-court statements if a declarant testifies and is available for cross- examination.",C,C,true
What will be the total flux emitted by a source of 60 candle power?,0.001326 lumens.,60 lumens.,754.2 lumens.,None of these.,C,C,true
Which of the following terms describes the body's ability to maintain its normal state?,Anabolism,Catabolism,Homeostasis,Tolerance,C,C,true
"When a life tenant fails to protect or preserve their land, permissive waste occurs. What is a life tenant not obligated to do?",Preserve the land and structures in a reasonable state of repair.,Pay interest on mortgages.,Pay ordinary taxes on the land.,Is responsible for damages caused by third-party tortfeasor.,D,D,true
Which of the following lists the electromagnetic spectral regions in order of decreasing wavelength?,"ultraviolet, visible, infrared, X-ray","infrared, visible, ultraviolet, X-ray","X-ray, visible, ultraviolet, infrared","X-ray, ultraviolet, visible, infrared",B,B,true
"A homeowner owned a single-story ranch- style home that was her primary residence. The homeowner received notice that her uncle had passed away and left her a two-story mansion in a neighboring city. The homeowner decided to move her primary residence to the mansion and rent the ranch-style home. She entered into a one- year written lease agreement with a tenant. The agreement set the monthly rent at $1,000. Shortly after the tenant took possession of the home, he built, at his own expense, a room addition onto the home. The room addition increased the appraised market value of the home from $200,000 to $250,000. At the expiration of the lease, the homeowner informed the tenant that she had decided to sell the home. She offered the tenant the first opportunity to buy the home, but the tenant replied that he could not afford to do so. The tenant did claim that he should be entitled to compensation for the room addition, since it had increased the value of the home, and the homeowner agreed. The tenant and the homeowner then executed the following agreement:""On the sale of the ranch-style home, the homeowner hereby promises to pay the tenant one- half of any sale proceeds in excess of $200,000, in compensation of the tenant's efforts in constructing the room addition onto the home. In addition, it is hereby agreed that the tenant may remain on the land until the sale is finalized, at a monthly rent of$500. ,'The homeowner initially set the asking price at $250,000, but received no offers to purchase the home. The homeowner decided to reduce the price to $210,000. This price reduction so infuriated the tenant that he thereafter made negative comments about the home to all of the prospective buyers who visited the home. Two months later, the homeowner sold the home to a buyer for $206,000. The buyer had visited the home while the tenant was away on a business trip and therefore did not hear the tenant's negative comments. Thereupon, the tenant, who had paid no rent for the final two months, moved out. After the sale was finalized, the homeowner refused to pay the tenant any of the sale proceeds. Which of the following statements, if true, most persuasively supports the tenant's contention that he is entitled to recover at least $4,000 from the owner (or the equivalent of one-half of the sale proceeds in excess of $200,000, minus two months' unpaid rent at $500 per month)?","The owner breached an implied promise by failing to attempt to sell the property at $250,000, which was the appraised market value of the home. ","The agreement between the homeowner that the tenant contained only one express condition (i. e. , the tenant was permitted to remain in the home during the owner's efforts to sell it), and since that condition has occurred, the tenant is entitled to his share of the proceeds from the sale. ","Since the tenant made no negative comments about the home to the buyer, there is no showing that the tenant's remarks to the other prospective buyers necessarily caused any loss to the owner (i. e. , prevented her from selling the home for more than $210,000). ","Even if the tenant's failure to pay any rent for the last two months was a material breach of contract, the owner's promise to pay the tenant a share of the proceeds of the sale was an independent covenant. ",C,D,false
"While shopping at a grocery store, a customer tripped over a broken tile, fell, and suffered a concussion. A few months after the accident, the customer's attorney deposed a store employee. In the deposition, the employee testified, ""I'd been telling the store manager for years to get that broken tile fixed, but he wouldn't do it. "" The employee died in an automobile accident after being deposed. At trial, the deposition should be","admitted, as a dying declaration. ","not admitted, because it is hearsay not within any exception. ","not admitted, because the employee is not available for cross-examination. ","admitted, as former testimony. ",D,D,true
"A private developer sought a building permit to build a nursing home in a district that was zoned ""residential"" by the township. The home would house 200 beds for persons needing nursing home care for the remainder of their lives. The state government approved the request and certified the need for more nursing homes in that township. The township, however, vehemently opposed permitting a nursing home in a residential zoning district and refused the building permit. The township's zoning law has 15 residential zones, each of which does not allow a nursing home. The nursing home sued in federal court requesting declaratory and injunctive relief on the basis that the zoning law was discriminatory against handicapped persons and a violation of federal law. Will the court compel the township to allow the construction of the nursing home?","No, it is strictly a matter of local preference whether a particular use will be allowed in a zoning district.","No, because there are numerous other locations for nursing homes within the state, a local community's restriction against that use is not discriminatory.","Yes, under federal law all municipalities must provide reasonable accommodations to handicapped persons, and the zoning law in question violates that mandate.","Yes, the zoning law represents an unconstitutional denial of substantive due process to handicapped persons.",C,C,true
"Betty Buyer wanted to buy an antique Volvo automobile owned by Sarah Seller who had previously expressed some interest in selling.  Betty wrote Sarah a signed letter on April 1 stating ""I will buy your Volvo for $10,000 cash upon you bringing the vehicle to my home before April 5. This offer is not subject to countermand."" On April 2 Sarah received the letter and wrote back a signed letter to Betty stating ""I accept your offer and promise to deliver the Volvo to you as you request."" Unfortunately, the Postal Authority delayed delivery of Sarah's letter for 10 days.  In the mean time, Betty grew tired of not hearing from Sarah and purchased another car.  When she learned that Betty would not complete the transfer, Sarah sued for breach of contract.  The court will likely hold that",The April 2nd letter bound both parties to a bilateral contract when received.,The April 2nd letter bound both parties to a unilateral contract.,The mailing of the April 2nd letter did not prevent a subsequent effective revocation by Betty.,"The April 2nd letter was effective to form a contract on April 12th, when the offeror received it.",C,C,true
"Colton and his dad bought a gallon of paint that cost $13. They also bought 2 brushes that cost $9 each. What was the total cost, not including tax, of the brushes and the paint they bought?",$22 ,$24 ,$31 ,$35 ,C,C,true
"A buyer signed a contract to purchase a tract of land from a developer. The contract was signed on May 1, 2008, and the closing was set for June 15, 2008. The land was located in a jurisdiction that has in force the following statute:Statute of Limitations ""an action to recover the possession of land shall be brought within twenty (20) years after the cause thereof accrued, but if a person who is entitled to bring such action at the time the cause accrued is within the age of minority (under 21) or of unsound mind, such action may be brought within ten (10) years after such disability is removed. ""This statute was enacted in the jurisdiction in 1932. The land in question had been owned by a doctor in 1962. On September 1, 1962, the doctor died intestate. The doctor's administratrix conveyed the tract to the developer on November 1, 1962, which the latter recorded on the same date. During her title search, the buyer learned that the administratrix had never obtained any license to sell the land in question. The buyer also learned that the administratrix never formally received the approval of any court with respect to the administration of the doctor's estate. Moreover, the buyer ascertained that the developer entered into possession of the land in question on November 1, 1962. The developer was ousted from the land in question by a woman on October 1, 1982. The developer then recovered possession of the land from the woman in an action of ejectment on December 31, 1982. The buyer should be advised that the developer became the owner of the land in question on","December 31, 2002. ","November 1, 1962. ","November 1, 1982. ","December 31, 1982. ",A,C,false
Dr. Sperline is ordering a chemical for his students to use in an experiment. He knows that each student will need to use 0.797 grams of magnesium in the first step of the experiment and 0.892 grams in a later step. He uses front-end estimation with an adjustment to figure out the approximate amount of magnesium needed by each student. What is his estimate?,1.4 g,1.6 g,1.7 g,1.5 g,C,C,true
"A defendant and his co-conspirator were arrested and charged with robbery and conspiracy to commit robbery. Following their arrest, they were both taken to the police station and given Miranda warnings. They both expressed a desire to remain silent until they could consult an attorney. At the station house, they were booked and placed in separate jail cells. Later that day, and before any attorney consultations could take place, a police detective went to the coconspirator's cell and began interrogating him. The detective told the co-conspirator that if he cooperated in their investigation, the prosecuting attorney would drop charges against him. The co-conspirator then reluctantly confessed and implicated the defendant in the commission of the crimes. The co-conspirator also told the police where the defendant had hidden the stolen property. Based on this information, the police retrieved the stolen property, which included a diamond necklace. Later the same day, the police went to the defendant's jail cell and showed him the diamond necklace that they had recovered. They also told the defendant that the co-conspirator had confessed and implicated him in the perpetration of the crime. Confronted by this evidence, the defendant confessed. The defendant was then prosecuted for conspiracy and robbery. At the defendant's trial, the prosecution sought to introduce into evidence the necklace and the defendant's confession. The defendant's motion to exclude these offers of proof will be",denied to both the necklace and the confession.,"denied to the necklace, but granted to the confession. ","granted to the necklace, but denied to the confession. ",granted to both the necklace and the confession.,B,B,true
"This question refers to the following information.
""Is there no danger to our liberty and independence in a bank that in its nature has so little to bind it to our country? The president of the bank has told us that most of the State banks exist by its forbearance. Should its influence become concentrated, as it may under the operation of such an act as this, in the hands of a self-elected directory whose interests are identified with those of the foreign stockholders, will there not be cause to tremble for the purity of our elections in peace and for the independence of our country in war? Their power would be great whenever they might choose to exert it; but if this monopoly were regularly renewed every fifteen or twenty years on terms proposed by themselves, they might seldom in peace put forth their strength to influence elections or control the affairs of the nation. But if any private citizen or public functionary should interpose to curtail its powers or prevent a renewal of its privileges, it cannot be doubted that he would be made to feel its influence.""
President Andrew Jackson, Veto of the Bank of the United States, 1832
In the excerpt above, which quote best explains why Jackson chose to veto the re-charter of the Second Bank?",but if any private citizen,the president of the bank,interests are identified with those of foreign stockholders,this monopoly,C,C,true
"A breeder of dogs induced a purchaser to buy a puppy by representing that it was a registered basset hound, when in fact the breeder knew it was a mixed breed. The purchaser later discovered that the representation was false. She wants to sue to disaffirm the contract and get a refund. What legal theory would be best applicable to decide this case?",Unconscionability.,Fraudulent inducement.,Breach of warranty.,Fraud in the factum.,B,B,true
Which of the following lists the electromagnetic spectral regions in order of decreasing wavelength?,"ultraviolet, visible, infrared, X-ray","X-ray, visible, ultraviolet, infrared","infrared, visible, ultraviolet, X-ray","X-ray, ultraviolet, visible, infrared",C,C,true
"An ideal monatomic gas expands quasi-statically to twice its volume. If the process is isothermal, the work done by the gas is Wi. If the process is adiabatic, the work done by the gas is Wa. Which of the following is true?",Wi = Wa,0 = Wi  < Wa,0 < Wi < Wa,0<Wa <Wi,D,D,true
"In 2001, the owner of a mansion and its surrounding property died. In his will, he devised the property to ""my son and his heirs, but if my son dies without issue, to my daughter and her heirs. ""Assume that when the owner died, the daughter was still alive. The daughter did not have any children at the time that the owner died. However, 10 years after her father's death, the daughter had a child. After the owner's death the daughter's interest in the property may best be described as a",contingent remainder.,springing executory interest.,shifting executory interest.,"vested remainder, subject to complete divestiture. ",C,C,true
"On March 15, in a signed written contract, a manufacturer agreed to sell 40,000 pens at $1 each to a retailer, delivery to be made in two equal installments on April 1 and May 1. The contract was silent as to the time of payment, but on March 25 the two parties orally agreed that the entire purchase price was to be paid on delivery of the second installment. On April 1, the manufacturer delivered 20,000 pens, and the retailer accepted them. The manufacturer then demanded payment of $20,000. When the retailer refused to make the payment, the manufacturer sued the retailer for breach of contract. In its defense, the retailer proffered evidence of the March 25 oral agreement. Is the manufacturer likely to succeed in its action? ","No, because even though the March 25 oral agreement is not effective, payment is due at the time of the second installment.","No, because the March 25 oral agreement was an effective modification of the written contract.","Yes, because the parol evidence rule bars the introduction of evidence of an oral agreement modifying a written contract.","Yes, because there was no consideration to support the modification.",B,B,true
"A defendant is on trial in federal court for bank robbery. Before the police had any suspects, a police officer interviewed an eyewitness at the police station and showed her a ""mug book"" containing dozens of photographs. The eyewitness identified the defendant's photograph as that of the robber. At trial, the eyewitness surprises the prosecutor by testifying that she is unable to identify the defendant as the robber. The prosecutor calls the officer to testify that the eyewitness identified the defendant from the photograph in the police station. The eyewitness remains present in the courthouse and can be recalled. Is the officer's testimony admissible? ","No, because the eyewitness was unable to identify the defendant at trial.","No, because the eyewitness's testimony has disappointed the prosecutor but has not affirmatively harmed the prosecution's case.","Yes, because the hearsay rule does not exclude out-of-court statements if a declarant testifies and is available for cross- examination.","Yes, because the eyewitness's statement of identification as reported by the officer is not excluded by the hearsay rule.",D,D,true
"During the murder trial of a defendant, the prosecution presented four witnesses to the brutal slaying of the victim. The evidence pointed to the fact that the defendant beat her about the head and neck with a baseball bat, causing severe injuries to her brain and her ultimate death. The prosecution rested, and the defendant presented two witnesses, his brother and his girlfriend, who testified that the defendant was dining at an elegant restaurant on the other side of town at the time of the alleged murder. The defendant presented no other witnesses. During his closing argument to the jury, the assistant district attorney called attention to the fact that the prosecution witnesses had no apparent reason to have any bias toward the prosecution or against the defendant. He then noted that the defendant's witnesses had clear motives to falsify their testimony and favor the defendant. The assistant district attorney added, ""If the defendant was on the other side of town, why didn't he tell us himself? Why didn't he get on the stand? What was he hiding? Those are questions for you, the jury, to answer. ""The defendant was convicted of first-degree murder and sentenced to life imprisonment. On appeal, his conviction should be","reversed, because the assistant district attorney's argument violated the defendant's rights under the Fifth and Fourteenth Amendments. ","reversed, because the prosecutor improperly referred to the possible motives or interests of the defense witness. ","reversed, because the defendant's constitutional rights were violated during the closing argument. ","reversed, because the assistant district attorney referred to the defendant's failure to testify. ",A,A,true
"In 1963, Smith, the record owner of Winterthur died and in his will he devised Winterthur to ""my son, Samuel, and his heirs, but if Samuel dies without issue to my daughter, Dixie, and her heirs. "" Then Samuel deeded to ""Bailey and his heirs,"" which was executed on July 1, 1973 and recorded on the same date. In 1974, Bailey died and in his will he devised Winterthur to ""my brother Corley for life, then to Corley's heirs. "" In 1983, Corley executed a general warranty deed in which he conveyed ""all my right, title and interest in Winterthur to my children, Jesse and James. "" James died intestate in 1988, leaving his 14-year-old son, Butch, as his only heir. Corley died in 1993, leaving Butch and Jesse as heirs. In 1998, Butch and Jesee conveyed Winterthur by a general warranty deed to ""Barnes and his heirs. "" Although both Butch and Jesse were married, their respective wives did not join in the deed. Barnes has been in continuous possession of the home since 1998. Samuel died on January 1, 2009 without issue, and Dixie is still alive. In March 2009, Dixie, asserting that her title was held free of any claim by Barnes, instituted suit against Barnes to quiet title to Winterthur. Judgment should be for","Barnes, because his prior recorded deed would be deemed to be outside Dixie's chain of title. ","Barnes, because the devise to Dixie would be violative of the Rule against Perpetuities. ","Dixie, because she acquired an indefeasible vested remainder under her father's will in1963. ","Dixie, because she acquired fee simple interest at the time of Samuel's death in January 2009. ",D,D,true
What will be the total flux emitted by a source of 60 candle power?,0.001326 lumens.,60 lumens.,None of these.,754.2 lumens.,D,D,true
"Colton and his dad bought a gallon of paint that cost $13. They also bought 2 brushes that cost $9 each. What was the total cost, not including tax, of the brushes and the paint they bought?",$22 ,$24 ,$35 ,$31 ,D,D,true
"There are two billion children in the world today (2020), aged 0 to 15 years old. How many children will there be in the year 2100 according to the United Nations?",2 billion,4 billion,3 billion,1 billion,A,A,true
"Water Works had a long-standing policy of offering employees $100 for suggestions actually used.  Due to inflation and a decline in the quantity and quality of suggestions received, Water Works decided to increase the award to $500.  Several suggestions were under consideration at that time.  Two days prior to the public announcement of the increase to $500, a suggestion by Farber was accepted and put into use.  Farber is seeking to collect $500. Farber is entitled to",$500 because Water Works had decided to pay that amount.,$500 because the suggestion submitted will be used during the period that Water Works indicated it would pay $500.,$100 in accordance with the original offer.,Nothing if Water Works chooses not to pay since the offer was gratuitous.,C,C,true
"A homeowner owned a single-story ranch- style home that was her primary residence. The homeowner received notice that her uncle had passed away and left her a two-story mansion in a neighboring city. The homeowner decided to move her primary residence to the mansion and rent the ranch-style home. She entered into a one- year written lease agreement with a tenant. The agreement set the monthly rent at $1,000. Shortly after the tenant took possession of the home, he built, at his own expense, a room addition onto the home. The room addition increased the appraised market value of the home from $200,000 to $250,000. At the expiration of the lease, the homeowner informed the tenant that she had decided to sell the home. She offered the tenant the first opportunity to buy the home, but the tenant replied that he could not afford to do so. The tenant did claim that he should be entitled to compensation for the room addition, since it had increased the value of the home, and the homeowner agreed. The tenant and the homeowner then executed the following agreement:""On the sale of the ranch-style home, the homeowner hereby promises to pay the tenant one- half of any sale proceeds in excess of $200,000, in compensation of the tenant's efforts in constructing the room addition onto the home. In addition, it is hereby agreed that the tenant may remain on the land until the sale is finalized, at a monthly rent of$500. ,'The homeowner initially set the asking price at $250,000, but received no offers to purchase the home. The homeowner decided to reduce the price to $210,000. This price reduction so infuriated the tenant that he thereafter made negative comments about the home to all of the prospective buyers who visited the home. Two months later, the homeowner sold the home to a buyer for $206,000. The buyer had visited the home while the tenant was away on a business trip and therefore did not hear the tenant's negative comments. Thereupon, the tenant, who had paid no rent for the final two months, moved out. After the sale was finalized, the homeowner refused to pay the tenant any of the sale proceeds. Which of the following statements, if true, most persuasively supports the tenant's contention that he is entitled to recover at least $4,000 from the owner (or the equivalent of one-half of the sale proceeds in excess of $200,000, minus two months' unpaid rent at $500 per month)?","The owner breached an implied promise by failing to attempt to sell the property at $250,000, which was the appraised market value of the home. ","The agreement between the homeowner that the tenant contained only one express condition (i. e. , the tenant was permitted to remain in the home during the owner's efforts to sell it), and since that condition has occurred, the tenant is entitled to his share of the proceeds from the sale. ","Even if the tenant's failure to pay any rent for the last two months was a material breach of contract, the owner's promise to pay the tenant a share of the proceeds of the sale was an independent covenant. ","Since the tenant made no negative comments about the home to the buyer, there is no showing that the tenant's remarks to the other prospective buyers necessarily caused any loss to the owner (i. e. , prevented her from selling the home for more than $210,000). ",D,C,false
"Which of the following controls body temperature, sleep, and appetite?",Hypothalamus,Adrenal glands,Pancreas,Thalamus,A,A,true
"A private developer sought a building permit to build a nursing home in a district that was zoned ""residential"" by the township. The home would house 200 beds for persons needing nursing home care for the remainder of their lives. The state government approved the request and certified the need for more nursing homes in that township. The township, however, vehemently opposed permitting a nursing home in a residential zoning district and refused the building permit. The township's zoning law has 15 residential zones, each of which does not allow a nursing home. The nursing home sued in federal court requesting declaratory and injunctive relief on the basis that the zoning law was discriminatory against handicapped persons and a violation of federal law. Will the court compel the township to allow the construction of the nursing home?","No, it is strictly a matter of local preference whether a particular use will be allowed in a zoning district.","No, because there are numerous other locations for nursing homes within the state, a local community's restriction against that use is not discriminatory.","Yes, the zoning law represents an unconstitutional denial of substantive due process to handicapped persons.","Yes, under federal law all municipalities must provide reasonable accommodations to handicapped persons, and the zoning law in question violates that mandate.",D,D,true
"A defendant and his co-conspirator were arrested and charged with robbery and conspiracy to commit robbery. Following their arrest, they were both taken to the police station and given Miranda warnings. They both expressed a desire to remain silent until they could consult an attorney. At the station house, they were booked and placed in separate jail cells. Later that day, and before any attorney consultations could take place, a police detective went to the coconspirator's cell and began interrogating him. The detective told the co-conspirator that if he cooperated in their investigation, the prosecuting attorney would drop charges against him. The co-conspirator then reluctantly confessed and implicated the defendant in the commission of the crimes. The co-conspirator also told the police where the defendant had hidden the stolen property. Based on this information, the police retrieved the stolen property, which included a diamond necklace. Later the same day, the police went to the defendant's jail cell and showed him the diamond necklace that they had recovered. They also told the defendant that the co-conspirator had confessed and implicated him in the perpetration of the crime. Confronted by this evidence, the defendant confessed. The defendant was then prosecuted for conspiracy and robbery. At the defendant's trial, the prosecution sought to introduce into evidence the necklace and the defendant's confession. The defendant's motion to exclude these offers of proof will be",denied to both the necklace and the confession.,"granted to the necklace, but denied to the confession. ","denied to the necklace, but granted to the confession. ",granted to both the necklace and the confession.,C,C,true
Which of the following lists the electromagnetic spectral regions in order of decreasing wavelength?,"ultraviolet, visible, infrared, X-ray","X-ray, visible, ultraviolet, infrared","X-ray, ultraviolet, visible, infrared","infrared, visible, ultraviolet, X-ray",D,D,true
The trachea,lies deep to the oesophagus.,is totally enclosed by cartilaginous rings.,divides at the thoracic inlet.,lies superficial to the oesophagus.,D,D,true
"In 2001, the owner of a mansion and its surrounding property died. In his will, he devised the property to ""my son and his heirs, but if my son dies without issue, to my daughter and her heirs. ""Assume that when the owner died, the daughter was still alive. The daughter did not have any children at the time that the owner died. However, 10 years after her father's death, the daughter had a child. After the owner's death the daughter's interest in the property may best be described as a",contingent remainder.,springing executory interest.,"vested remainder, subject to complete divestiture. ",shifting executory interest.,D,D,true
Dr. Sperline is ordering a chemical for his students to use in an experiment. He knows that each student will need to use 0.797 grams of magnesium in the first step of the experiment and 0.892 grams in a later step. He uses front-end estimation with an adjustment to figure out the approximate amount of magnesium needed by each student. What is his estimate?,1.4 g,1.6 g,1.5 g,1.7 g,D,D,true
Mr Wood has just returned from surgery and has severe internal bleeding. Which of the following observations would you NOT expect to find on undertaking post-operative observations?,Bradycardia.,Hypotension.,Confusion,Tachypnoea.,A,A,true
Which of the following is true about abdominal pain?,The pain of oesophagitis is usually retrosternal in site,Peptic ulcer pain is usually experienced in the hypogastrium,The pain of irritable bowel syndrome is usually well localised,The pain of pancreatitis usually radiates to the groin,A,A,true
"There are two billion children in the world today (2020), aged 0 to 15 years old. How many children will there be in the year 2100 according to the United Nations?",4 billion,2 billion,3 billion,1 billion,B,B,true
"A breeder of dogs induced a purchaser to buy a puppy by representing that it was a registered basset hound, when in fact the breeder knew it was a mixed breed. The purchaser later discovered that the representation was false. She wants to sue to disaffirm the contract and get a refund. What legal theory would be best applicable to decide this case?",Unconscionability.,Breach of warranty.,Fraudulent inducement.,Fraud in the factum.,C,C,true
"During the murder trial of a defendant, the prosecution presented four witnesses to the brutal slaying of the victim. The evidence pointed to the fact that the defendant beat her about the head and neck with a baseball bat, causing severe injuries to her brain and her ultimate death. The prosecution rested, and the defendant presented two witnesses, his brother and his girlfriend, who testified that the defendant was dining at an elegant restaurant on the other side of town at the time of the alleged murder. The defendant presented no other witnesses. During his closing argument to the jury, the assistant district attorney called attention to the fact that the prosecution witnesses had no apparent reason to have any bias toward the prosecution or against the defendant. He then noted that the defendant's witnesses had clear motives to falsify their testimony and favor the defendant. The assistant district attorney added, ""If the defendant was on the other side of town, why didn't he tell us himself? Why didn't he get on the stand? What was he hiding? Those are questions for you, the jury, to answer. ""The defendant was convicted of first-degree murder and sentenced to life imprisonment. On appeal, his conviction should be","reversed, because the prosecutor improperly referred to the possible motives or interests of the defense witness. ","reversed, because the assistant district attorney's argument violated the defendant's rights under the Fifth and Fourteenth Amendments. ","reversed, because the defendant's constitutional rights were violated during the closing argument. ","reversed, because the assistant district attorney referred to the defendant's failure to testify. ",B,B,true
Which of the following terms describes the body's ability to maintain its normal state?,Anabolism,Catabolism,Tolerance,Homeostasis,D,D,true
"Which of the following controls body temperature, sleep, and appetite?",Adrenal glands,Hypothalamus,Pancreas,Thalamus,B,B,true
"Water Works had a long-standing policy of offering employees $100 for suggestions actually used.  Due to inflation and a decline in the quantity and quality of suggestions received, Water Works decided to increase the award to $500.  Several suggestions were under consideration at that time.  Two days prior to the public announcement of the increase to $500, a suggestion by Farber was accepted and put into use.  Farber is seeking to collect $500. Farber is entitled to",$500 because Water Works had decided to pay that amount.,$500 because the suggestion submitted will be used during the period that Water Works indicated it would pay $500.,Nothing if Water Works chooses not to pay since the offer was gratuitous.,$100 in accordance with the original offer.,D,D,true
"In light of the current oil glut, many oil producing states have experienced extreme economic hardship. Due to the precipitous drop in oil prices, many oil companies have been forced to cut back on oil production and lay off many workers. As a result, unemployment has reached all-time high levels in several states. In order to alleviate this potentially catastrophic situation, the one of those state's legislatures recently enacted a statute requiring that 10% of all oil produced within the state be purchased by the state and reserved for use by state residents. The purpose of the statute was twofold: (1) it was intended to stimulate the oil industry within the state by encouraging more production and exploration, and (2) it was designed to create an oil reserve so that state residents and industries would not suffer unduly from future oil shortages. Subsequently, Congress enacted a statute forbidding states to reserve local resources for local use in this manner. Is this state statute constitutional?","Yes, because Congress has not expressly forbidden states to reserve local resources for local use. ","Yes, because the state statute requires that the oil be used for the general welfare of the people in emergency situations. ","No, because application of the statute denies non-oil producing companies to equal protection of the law, in violation of the Fourteenth Amendment. ","No, because a state may not protect its residents from out-of-state competition for its natural resources without the express permission of Congress. ",D,D,true
Solve the equation 29 = x − 17.,46,12,−12,−46,A,A,true
"This question refers to the following information.
""The economic ills we suffer have come upon us over several decades. They will not go away in days, weeks, or months, but they will go away. They will go away because we as Americans have the capacity now, as we've had in the past, to do whatever needs to be done to preserve this last and greatest bastion of freedom. In this present crisis, government is not the solution to our problem; government is the problem. . . .
""It is my intention to curb the size and influence of the Federal establishment and to demand recognition of the distinction between the powers granted to the Federal Government and those reserved to the States or to the people. All of us need to be reminded that the Federal Government did not create the States; the States created the Federal Government.""
—Ronald Reagan, First Inaugural Address, January 21, 1981
Which of the following would have most likely agreed with President Reagan's statement that the federal government was created by the states and the federal government's role should be limited?",The Anti-Federalists.,The Whig Party.,The Mugwumps.,The Progressives.,A,A,true
"A patient underwent heart bypass surgery at a hospital. Members of the patient's family had donated blood to be used during the operation. The patient told the doctor she would agree to the operation only if any blood given to her during the operation came from the blood donated by her family. When the doctor performed the surgery, he requisitioned blood from the hospital's blood bank for the patient's transfusion instead of using her family's donated blood. It was the customary practice of doctors in the community to use blood from the hospital's blood bank during surgery. ft was later determined that the hospital blood given to the patient was tainted with HIV. The hospital had not properly screened the blood for the presence of the HIV virus. The patient did not contract the HIV virus. If the patient asserts an action against the doctor for battery, she will","prevail, because consent to the operation was based upon the use of her family's blood. ","prevail, because the hospital failed to properly screen the blood to detect its contamination. ","not prevail, because the patient did not contract the HIV virus. ","not prevail, because it was the customary practice of doctors in the community to use blood from the hospital's blood bank during surgery. ",A,A,true
"A husband, who was married to a wife, began dating another woman. The husband proposed marriage to the woman, who believed that the husband was single. The woman accepted the husband's marriage proposal and planned a wedding. The day before the wedding, the husband decided not to go through with the ceremony. He told his wife about his relationship with the woman. He then asked her to tell the woman that they were married and he would no longer be seeing her. The husband knew that the woman had a manic depressive personality and was mentally unstable. When the wife broke the news to the woman, she had an emotional breakdown that required hospitalization. The woman sued the husband for breach of contract to marry and intentional infliction of emotional distress. The husband has filed motions to dismiss both causes of action. The court should","deny the motion to dismiss the claim for breach of contract to marry, but grant the motion to dismiss the action for infliction of emotional distress, because the husband's conduct was not extreme and outrageous. ",grant both motions to dismiss.,"deny both motions, because the husband's conduct was extreme and outrageous and the court may grant relief for breach of contract, as well. ","deny the motion to dismiss the claim for intentional infliction of emotional distress, but grant the motion to dismiss the claim for breach of contract because it is against public policy to enforce marriage agreements. ",D,C,false
"This question refers to the following information.
I appeal to any white man to say, if ever he entered Logan's cabin hungry, and he gave him not meat: if ever he came cold and naked, and he clothed him not? During the course of the last long and bloody war, Logan remained idle in his cabin, an advocate for peace. Such was my love for the whites, that my countrymen pointed as they passed, and said, ""Logan is the friend of the white man."" I had even thought to have lived with you but for the injuries of one man. Colonel Cresap, the last spring, in cold blood and unprovoked; murdered all the relations of Logan, not even sparing my women and children. There runs not a drop of my blood in the veins of any living creature. This called on me for revenge. I have sought it: I have killed many; I have fully glutted my vengeance. For my country, I rejoice at the beams of peace. But do not harbor a thought that mine is the joy of fear. Logan never felt fear. He will not turn on his heel to save his life. Who is there to mourn for Logan? Not one.
—Address attributed to Logan, an Indian leader, 1774
Which of the following most directly expresses why Logan's Address became very popular in the early United States?",Many Americans believed that Indians were a noble people who were disappearing.,Many Americans believed that the Indians had been treated badly.,Many Americans believed that the only good Indian was a dead Indian.,Many Americans believed that Indians should abandon their way of life.,A,A,true
Collin spent 7 hours volunteering last month. Vanessa spent 21 hours volunteering last month. Which equation correctly shows how many times more hours Vanessa spent volunteering last month than Collin?,7 × 3 = 21,7 × 14 = 21,21 × 3 = 63,21 × 7 = 147,A,A,true
"A veterinarian was the owner of 1,500 acres of undeveloped timberland. The land in question had never been occupied, fenced, or cleared except that for 24 years, a mining company, one mile from the property, regularly drove trucks over a cleared path pursuant to an agreement with the veterinarian. The agreement, which was duly recorded, provided that ""the parties expressly agree and the veterinarian promises that the veterinarian and his successors shall refrain from obstructing the said described pathway across the veterinarian's land, which the mining company and its successors may perpetually use as a road, in consideration of which the mining company and its successors will pay the sum of $700 per annum. ""The provision in the agreement between the veterinarian and the mining company granting ""the use of the pathway"" to the mining company may best be described as a (an)",license.,easement in gross.,easement appurtenant.,prescriptive easement.,B,B,true
"A defendant and his co-conspirator were arrested and charged with robbery and conspiracy to commit robbery. Following their arrest, they were both taken to the police station and given Miranda warnings. They both expressed a desire to remain silent until they could consult an attorney. At the station house, they were booked and placed in separate jail cells. Later that day, and before any attorney consultations could take place, a police detective went to the coconspirator's cell and began interrogating him. The detective told the co-conspirator that if he cooperated in their investigation, the prosecuting attorney would drop charges against him. The co-conspirator then reluctantly confessed and implicated the defendant in the commission of the crimes. The co-conspirator also told the police where the defendant had hidden the stolen property. Based on this information, the police retrieved the stolen property, which included a diamond necklace. Later the same day, the police went to the defendant's jail cell and showed him the diamond necklace that they had recovered. They also told the defendant that the co-conspirator had confessed and implicated him in the perpetration of the crime. Confronted by this evidence, the defendant confessed. The defendant was then prosecuted for conspiracy and robbery. At the defendant's trial, the prosecution sought to introduce into evidence the necklace and the defendant's confession. The defendant's motion to exclude these offers of proof will be",denied to both the necklace and the confession.,"granted to the necklace, but denied to the confession. ",granted to both the necklace and the confession.,"denied to the necklace, but granted to the confession. ",D,D,true
"A breeder of dogs induced a purchaser to buy a puppy by representing that it was a registered basset hound, when in fact the breeder knew it was a mixed breed. The purchaser later discovered that the representation was false. She wants to sue to disaffirm the contract and get a refund. What legal theory would be best applicable to decide this case?",Unconscionability.,Breach of warranty.,Fraud in the factum.,Fraudulent inducement.,D,D,true
"Which of the following controls body temperature, sleep, and appetite?",Adrenal glands,Pancreas,Hypothalamus,Thalamus,C,C,true
"This question refers to the following information.
""Is there no danger to our liberty and independence in a bank that in its nature has so little to bind it to our country? The president of the bank has told us that most of the State banks exist by its forbearance. Should its influence become concentrated, as it may under the operation of such an act as this, in the hands of a self-elected directory whose interests are identified with those of the foreign stockholders, will there not be cause to tremble for the purity of our elections in peace and for the independence of our country in war? Their power would be great whenever they might choose to exert it; but if this monopoly were regularly renewed every fifteen or twenty years on terms proposed by themselves, they might seldom in peace put forth their strength to influence elections or control the affairs of the nation. But if any private citizen or public functionary should interpose to curtail its powers or prevent a renewal of its privileges, it cannot be doubted that he would be made to feel its influence.""
President Andrew Jackson, Veto of the Bank of the United States, 1832
In the excerpt above, which quote best explains why Jackson chose to veto the re-charter of the Second Bank?",but if any private citizen,the president of the bank,this monopoly,interests are identified with those of foreign stockholders,D,D,true
Why do vinegar (a dilute solution of ethanoic acid in water) and vegetable oil (long-chain organic acids esterified with glycerol) not mix to form solutions?,"The attractive forces in vinegar are much stronger than those in vegetable oil, so the liquids always separate into two phases.","The unfavorably large endothermic process of ""separating"" the molecules in the two solutes compared with the energy released when the solutes interact makes a solution thermodynamically unfavored.",Organic compounds rarely dissolve in water.,"Attractive forces in vinegar are mainly hydrogen bonding, while those in vegetable oil are due to instantaneous dipoles.",B,D,false
Total global healthcare expenditure is about what percentage of global GDP as of 2017?,10%,1%,2%,5%,A,A,true
"A buyer signed a contract to purchase a tract of land from a developer. The contract was signed on May 1, 2008, and the closing was set for June 15, 2008. The land was located in a jurisdiction that has in force the following statute:Statute of Limitations ""an action to recover the possession of land shall be brought within twenty (20) years after the cause thereof accrued, but if a person who is entitled to bring such action at the time the cause accrued is within the age of minority (under 21) or of unsound mind, such action may be brought within ten (10) years after such disability is removed. ""This statute was enacted in the jurisdiction in 1932. The land in question had been owned by a doctor in 1962. On September 1, 1962, the doctor died intestate. The doctor's administratrix conveyed the tract to the developer on November 1, 1962, which the latter recorded on the same date. During her title search, the buyer learned that the administratrix had never obtained any license to sell the land in question. The buyer also learned that the administratrix never formally received the approval of any court with respect to the administration of the doctor's estate. Moreover, the buyer ascertained that the developer entered into possession of the land in question on November 1, 1962. The developer was ousted from the land in question by a woman on October 1, 1982. The developer then recovered possession of the land from the woman in an action of ejectment on December 31, 1982. The buyer should be advised that the developer became the owner of the land in question on","November 1, 1962. ","December 31, 2002. ","November 1, 1982. ","December 31, 1982. ",B,C,false
Solve the equation 29 = x − 17.,12,46,−12,−46,B,B,true
Which of the following is true about abdominal pain?,Peptic ulcer pain is usually experienced in the hypogastrium,The pain of oesophagitis is usually retrosternal in site,The pain of irritable bowel syndrome is usually well localised,The pain of pancreatitis usually radiates to the groin,B,B,true
"A motor has a thermal heating time constant of 50 mm. When the motor runs continuous of full scale, its final temperature rise is 80° C, what would be the temperature rise after 1 hour, if the motor runs continuously on full load?",55.9° C.,58° C.,56° C.,60° C.,A,A,true
"This question refers to the following information.
""The economic ills we suffer have come upon us over several decades. They will not go away in days, weeks, or months, but they will go away. They will go away because we as Americans have the capacity now, as we've had in the past, to do whatever needs to be done to preserve this last and greatest bastion of freedom. In this present crisis, government is not the solution to our problem; government is the problem. . . .
""It is my intention to curb the size and influence of the Federal establishment and to demand recognition of the distinction between the powers granted to the Federal Government and those reserved to the States or to the people. All of us need to be reminded that the Federal Government did not create the States; the States created the Federal Government.""
—Ronald Reagan, First Inaugural Address, January 21, 1981
Which of the following would have most likely agreed with President Reagan's statement that the federal government was created by the states and the federal government's role should be limited?",The Whig Party.,The Anti-Federalists.,The Mugwumps.,The Progressives.,B,B,true
Mr Wood has just returned from surgery and has severe internal bleeding. Which of the following observations would you NOT expect to find on undertaking post-operative observations?,Hypotension.,Bradycardia.,Confusion,Tachypnoea.,B,B,true
"A 4 pole lap wound dc generator has 4 brushes, if one of the brush is damaged, what will be the change in V, I and P ratings","V, I/2 and P/2","V, I and P","V/2, I/2 and P/4","V/2, I and P/2",A,A,true
"This question refers to the following information.
I appeal to any white man to say, if ever he entered Logan's cabin hungry, and he gave him not meat: if ever he came cold and naked, and he clothed him not? During the course of the last long and bloody war, Logan remained idle in his cabin, an advocate for peace. Such was my love for the whites, that my countrymen pointed as they passed, and said, ""Logan is the friend of the white man."" I had even thought to have lived with you but for the injuries of one man. Colonel Cresap, the last spring, in cold blood and unprovoked; murdered all the relations of Logan, not even sparing my women and children. There runs not a drop of my blood in the veins of any living creature. This called on me for revenge. I have sought it: I have killed many; I have fully glutted my vengeance. For my country, I rejoice at the beams of peace. But do not harbor a thought that mine is the joy of fear. Logan never felt fear. He will not turn on his heel to save his life. Who is there to mourn for Logan? Not one.
—Address attributed to Logan, an Indian leader, 1774
Which of the following most directly expresses why Logan's Address became very popular in the early United States?",Many Americans believed that the Indians had been treated badly.,Many Americans believed that Indians were a noble people who were disappearing.,Many Americans believed that the only good Indian was a dead Indian.,Many Americans believed that Indians should abandon their way of life.,B,B,true
Why is it that anti-virus scanners would not have found an exploitation of Heartbleed?,"Anti-virus scanners tend to look for viruses and other malicious code, but Heartbleed exploits steal secrets without injecting any code ","It's a vacuous question: Heartbleed only reads outside a buffer, so there is no possible exploit ",Anti-virus scanners tend to look for viruses and other malicious,Heartbleed attacks the anti-virus scanner itself,A,A,true
"A patient underwent heart bypass surgery at a hospital. Members of the patient's family had donated blood to be used during the operation. The patient told the doctor she would agree to the operation only if any blood given to her during the operation came from the blood donated by her family. When the doctor performed the surgery, he requisitioned blood from the hospital's blood bank for the patient's transfusion instead of using her family's donated blood. It was the customary practice of doctors in the community to use blood from the hospital's blood bank during surgery. ft was later determined that the hospital blood given to the patient was tainted with HIV. The hospital had not properly screened the blood for the presence of the HIV virus. The patient did not contract the HIV virus. If the patient asserts an action against the doctor for battery, she will","prevail, because the hospital failed to properly screen the blood to detect its contamination. ","prevail, because consent to the operation was based upon the use of her family's blood. ","not prevail, because the patient did not contract the HIV virus. ","not prevail, because it was the customary practice of doctors in the community to use blood from the hospital's blood bank during surgery. ",B,B,true
"Which of the following controls body temperature, sleep, and appetite?",Adrenal glands,Pancreas,Thalamus,Hypothalamus,D,D,true
"There are two billion children in the world today (2020), aged 0 to 15 years old. How many children will there be in the year 2100 according to the United Nations?",4 billion,3 billion,2 billion,1 billion,C,C,true
Can we build a secure PRP from a secure PRG?,"Yes, just plug the GGM PRF into the Luby-Rackoff theorem","No, it cannot be done",It depends on the underlying PRG,Option text,A,A,true
"This question refers to the following information.
""The economic ills we suffer have come upon us over several decades. They will not go away in days, weeks, or months, but they will go away. They will go away because we as Americans have the capacity now, as we've had in the past, to do whatever needs to be done to preserve this last and greatest bastion of freedom. In this present crisis, government is not the solution to our problem; government is the problem. . . .
""It is my intention to curb the size and influence of the Federal establishment and to demand recognition of the distinction between the powers granted to the Federal Government and those reserved to the States or to the people. All of us need to be reminded that the Federal Government did not create the States; the States created the Federal Government.""
—Ronald Reagan, First Inaugural Address, January 21, 1981
Which of the following would have most likely agreed with President Reagan's statement that the federal government was created by the states and the federal government's role should be limited?",The Whig Party.,The Mugwumps.,The Anti-Federalists.,The Progressives.,C,C,true
Collin spent 7 hours volunteering last month. Vanessa spent 21 hours volunteering last month. Which equation correctly shows how many times more hours Vanessa spent volunteering last month than Collin?,7 × 14 = 21,7 × 3 = 21,21 × 3 = 63,21 × 7 = 147,B,B,true
For which of the following thermodynamic processes is the increase in the internal energy of an ideal gas equal to the heat added to the gas?,Constant volume,Constant temperature,Constant pressure,Adiabatic,A,A,true
Solve the equation 29 = x − 17.,12,−12,46,−46,C,C,true
Which method can be used to solve 11 x 13?,"Multiply 11 x 10 and 11 x 3, then add the two products.","Multiply 11 x 10 and 10 x 3, then add the two products.","Multiply 11 x 100 and 10 x 3, then add the two products.","Multiply 11 x 100 and 11 x 3, then add the two products.",A,A,true
"A woman was driving her van along a public road one night. A police officer, who was driving behind the woman, decided to make a random stop of the woman's vehicle to check her license and registration. The officer pulled the woman's van over to the side of the road and then walked up to the driver's side of the vehicle. When he came alongside the driver's window, the officer asked the woman for her identification. As the woman was thumbing through her wallet, the officer shone his flashlight into the van and spotted a plastic bag containing marijuana lying on the floor under the back seat. The officer then arrested the woman and charged her with possession of marijuana. At the woman's trial for illegal possession of a controlled substance, her attorney moved to suppress the use of the marijuana as evidence. Her motion should be","granted, because the marijuana was the fruit of an illegal search. ","granted, because the police officer did not have probable cause or a reasonable suspicion to believe that the woman's van contained a controlled substance. ","denied, because the marijuana was in plain view when the police officer shone his flashlight inside the van. ","denied, because the seizure of the marijuana was made pursuant to a lawful investigatory stop. ",A,A,true
Which of the following is true about abdominal pain?,Peptic ulcer pain is usually experienced in the hypogastrium,The pain of irritable bowel syndrome is usually well localised,The pain of oesophagitis is usually retrosternal in site,The pain of pancreatitis usually radiates to the groin,C,C,true
"During the murder trial of a defendant, the prosecution presented four witnesses to the brutal slaying of the victim. The evidence pointed to the fact that the defendant beat her about the head and neck with a baseball bat, causing severe injuries to her brain and her ultimate death. The prosecution rested, and the defendant presented two witnesses, his brother and his girlfriend, who testified that the defendant was dining at an elegant restaurant on the other side of town at the time of the alleged murder. The defendant presented no other witnesses. During his closing argument to the jury, the assistant district attorney called attention to the fact that the prosecution witnesses had no apparent reason to have any bias toward the prosecution or against the defendant. He then noted that the defendant's witnesses had clear motives to falsify their testimony and favor the defendant. The assistant district attorney added, ""If the defendant was on the other side of town, why didn't he tell us himself? Why didn't he get on the stand? What was he hiding? Those are questions for you, the jury, to answer. ""The defendant was convicted of first-degree murder and sentenced to life imprisonment. On appeal, his conviction should be","reversed, because the prosecutor improperly referred to the possible motives or interests of the defense witness. ","reversed, because the defendant's constitutional rights were violated during the closing argument. ","reversed, because the assistant district attorney's argument violated the defendant's rights under the Fifth and Fourteenth Amendments. ","reversed, because the assistant district attorney referred to the defendant's failure to testify. ",C,C,true
"This question refers to the following information.
I appeal to any white man to say, if ever he entered Logan's cabin hungry, and he gave him not meat: if ever he came cold and naked, and he clothed him not? During the course of the last long and bloody war, Logan remained idle in his cabin, an advocate for peace. Such was my love for the whites, that my countrymen pointed as they passed, and said, ""Logan is the friend of the white man."" I had even thought to have lived with you but for the injuries of one man. Colonel Cresap, the last spring, in cold blood and unprovoked; murdered all the relations of Logan, not even sparing my women and children. There runs not a drop of my blood in the veins of any living creature. This called on me for revenge. I have sought it: I have killed many; I have fully glutted my vengeance. For my country, I rejoice at the beams of peace. But do not harbor a thought that mine is the joy of fear. Logan never felt fear. He will not turn on his heel to save his life. Who is there to mourn for Logan? Not one.
—Address attributed to Logan, an Indian leader, 1774
Which of the following most directly expresses why Logan's Address became very popular in the early United States?",Many Americans believed that the Indians had been treated badly.,Many Americans believed that the only good Indian was a dead Indian.,Many Americans believed that Indians were a noble people who were disappearing.,Many Americans believed that Indians should abandon their way of life.,C,C,true
Why is it that anti-virus scanners would not have found an exploitation of Heartbleed?,"It's a vacuous question: Heartbleed only reads outside a buffer, so there is no possible exploit ","Anti-virus scanners tend to look for viruses and other malicious code, but Heartbleed exploits steal secrets without injecting any code ",Anti-virus scanners tend to look for viruses and other malicious,Heartbleed attacks the anti-virus scanner itself,B,B,true
"A buyer signed a contract to purchase a tract of land from a developer. The contract was signed on May 1, 2008, and the closing was set for June 15, 2008. The land was located in a jurisdiction that has in force the following statute:Statute of Limitations ""an action to recover the possession of land shall be brought within twenty (20) years after the cause thereof accrued, but if a person who is entitled to bring such action at the time the cause accrued is within the age of minority (under 21) or of unsound mind, such action may be brought within ten (10) years after such disability is removed. ""This statute was enacted in the jurisdiction in 1932. The land in question had been owned by a doctor in 1962. On September 1, 1962, the doctor died intestate. The doctor's administratrix conveyed the tract to the developer on November 1, 1962, which the latter recorded on the same date. During her title search, the buyer learned that the administratrix had never obtained any license to sell the land in question. The buyer also learned that the administratrix never formally received the approval of any court with respect to the administration of the doctor's estate. Moreover, the buyer ascertained that the developer entered into possession of the land in question on November 1, 1962. The developer was ousted from the land in question by a woman on October 1, 1982. The developer then recovered possession of the land from the woman in an action of ejectment on December 31, 1982. The buyer should be advised that the developer became the owner of the land in question on","November 1, 1962. ","November 1, 1982. ","December 31, 2002. ","December 31, 1982. ",C,B,false
"A patient underwent heart bypass surgery at a hospital. Members of the patient's family had donated blood to be used during the operation. The patient told the doctor she would agree to the operation only if any blood given to her during the operation came from the blood donated by her family. When the doctor performed the surgery, he requisitioned blood from the hospital's blood bank for the patient's transfusion instead of using her family's donated blood. It was the customary practice of doctors in the community to use blood from the hospital's blood bank during surgery. ft was later determined that the hospital blood given to the patient was tainted with HIV. The hospital had not properly screened the blood for the presence of the HIV virus. The patient did not contract the HIV virus. If the patient asserts an action against the doctor for battery, she will","prevail, because the hospital failed to properly screen the blood to detect its contamination. ","not prevail, because the patient did not contract the HIV virus. ","prevail, because consent to the operation was based upon the use of her family's blood. ","not prevail, because it was the customary practice of doctors in the community to use blood from the hospital's blood bank during surgery. ",C,C,true
Total global healthcare expenditure is about what percentage of global GDP as of 2017?,1%,10%,2%,5%,B,B,true
Mr Wood has just returned from surgery and has severe internal bleeding. Which of the following observations would you NOT expect to find on undertaking post-operative observations?,Hypotension.,Confusion,Bradycardia.,Tachypnoea.,C,C,true
"A man entered a tavern in an obviously intoxicated condition, was refused service, and was ordered to leave and escorted out. Just after leaving the tavern, the man staggered across the road toward a liquor store. As he was crossing the road, the man was struck by a car and severely injured. The man sued the tavern for his personal injuries. At trial, the evidence established the facts as set out above. At the close of the evidence, both parties moved for judgment as a matter of law. How should the court rule on these motions?","Grant the tavernÕs motion, because there is no evidence that the tavern breached a duty to the man.","Deny both motions and submit the case to the jury, because reasonable jurors could conclude that the accident was foreseeable.","Deny both motions and submit the case to the jury, because a tavern is a place of public accommodation.","Grant the manÕs motion, because it is undisputed that by being ejected from the tavern, the man was put at risk.",A,A,true
"A defendant owned a large parcel of farmland located in a rural section of a state. He conducted a small farming operation on the property and grew corn, broccoli, and other vegetables, which he sold to local produce companies. One day, the county police received an anonymous tip that the defendant was growing marijuana on his farm. Acting on this information, in an unmarked vehicle, two undercover police officers then drove to the defendant's farm. They climbed over a chain-link fence and walked around the farm. While surveying the terrain, they came upon a small marijuana patch. The officers then noticed fresh footprints that led from the marijuana patch to a nearby cabin. Believing that marijuana was being stored in the cabin, the police officers decided to immediately secure a search warrant. After obtaining the warrant, they returned to the defendant's farm and entered the cabin. Inside the cabin, the police found a large amount of marijuana that had been recently harvested. The defendant was then arrested and charged with unlawful possession of marijuana. The defendant files a pretrial motion to suppress the marijuana as evidence on grounds of an illegal search and seizure. The motion should be","denied, because the warrant was validly issued and based upon information lawfully obtained. ","denied, because the officers secured a warrant before entering the cabin despite the fact that their earlier actions may have been unlawful. ","granted, because the marijuana was the fruit of an illegal search and seizure, since the police did not have probable cause to conduct their investigation. ","granted, because the police were unlawfully on the defendant's property when the marijuana was initially discovered. ",A,A,true
"This question refers to the following information.
""The economic ills we suffer have come upon us over several decades. They will not go away in days, weeks, or months, but they will go away. They will go away because we as Americans have the capacity now, as we've had in the past, to do whatever needs to be done to preserve this last and greatest bastion of freedom. In this present crisis, government is not the solution to our problem; government is the problem. . . .
""It is my intention to curb the size and influence of the Federal establishment and to demand recognition of the distinction between the powers granted to the Federal Government and those reserved to the States or to the people. All of us need to be reminded that the Federal Government did not create the States; the States created the Federal Government.""
—Ronald Reagan, First Inaugural Address, January 21, 1981
Which of the following would have most likely agreed with President Reagan's statement that the federal government was created by the states and the federal government's role should be limited?",The Whig Party.,The Mugwumps.,The Progressives.,The Anti-Federalists.,D,D,true
"A motor has a thermal heating time constant of 50 mm. When the motor runs continuous of full scale, its final temperature rise is 80° C, what would be the temperature rise after 1 hour, if the motor runs continuously on full load?",58° C.,55.9° C.,56° C.,60° C.,B,B,true
"Betty Buyer wanted to buy an antique Volvo automobile owned by Sarah Seller who had previously expressed some interest in selling.  Betty wrote Sarah a signed letter on April 1 stating ""I will buy your Volvo for $10,000 cash upon you bringing the vehicle to my home before April 5. This offer is not subject to countermand."" On April 2 Sarah received the letter and wrote back a signed letter to Betty stating ""I accept your offer and promise to deliver the Volvo to you as you request."" Unfortunately, the Postal Authority delayed delivery of Sarah's letter for 10 days.  In the mean time, Betty grew tired of not hearing from Sarah and purchased another car.  When she learned that Betty would not complete the transfer, Sarah sued for breach of contract.  The court will likely hold that",The April 2nd letter bound both parties to a bilateral contract when received.,The April 2nd letter bound both parties to a unilateral contract.,"The April 2nd letter was effective to form a contract on April 12th, when the offeror received it.",The mailing of the April 2nd letter did not prevent a subsequent effective revocation by Betty.,D,D,true
Which method can be used to solve 11 x 13?,"Multiply 11 x 10 and 10 x 3, then add the two products.","Multiply 11 x 10 and 11 x 3, then add the two products.","Multiply 11 x 100 and 10 x 3, then add the two products.","Multiply 11 x 100 and 11 x 3, then add the two products.",B,B,true
Can we build a secure PRP from a secure PRG?,"No, it cannot be done","Yes, just plug the GGM PRF into the Luby-Rackoff theorem",It depends on the underlying PRG,Option text,B,B,true
Mr Wood has just returned from surgery and has severe internal bleeding. Which of the following observations would you NOT expect to find on undertaking post-operative observations?,Hypotension.,Confusion,Tachypnoea.,Bradycardia.,D,D,true
"This question refers to the following information.
I appeal to any white man to say, if ever he entered Logan's cabin hungry, and he gave him not meat: if ever he came cold and naked, and he clothed him not? During the course of the last long and bloody war, Logan remained idle in his cabin, an advocate for peace. Such was my love for the whites, that my countrymen pointed as they passed, and said, ""Logan is the friend of the white man."" I had even thought to have lived with you but for the injuries of one man. Colonel Cresap, the last spring, in cold blood and unprovoked; murdered all the relations of Logan, not even sparing my women and children. There runs not a drop of my blood in the veins of any living creature. This called on me for revenge. I have sought it: I have killed many; I have fully glutted my vengeance. For my country, I rejoice at the beams of peace. But do not harbor a thought that mine is the joy of fear. Logan never felt fear. He will not turn on his heel to save his life. Who is there to mourn for Logan? Not one.
—Address attributed to Logan, an Indian leader, 1774
Which of the following most directly expresses why Logan's Address became very popular in the early United States?",Many Americans believed that the Indians had been treated badly.,Many Americans believed that the only good Indian was a dead Indian.,Many Americans believed that Indians should abandon their way of life.,Many Americans believed that Indians were a noble people who were disappearing.,D,D,true
"During the murder trial of a defendant, the prosecution presented four witnesses to the brutal slaying of the victim. The evidence pointed to the fact that the defendant beat her about the head and neck with a baseball bat, causing severe injuries to her brain and her ultimate death. The prosecution rested, and the defendant presented two witnesses, his brother and his girlfriend, who testified that the defendant was dining at an elegant restaurant on the other side of town at the time of the alleged murder. The defendant presented no other witnesses. During his closing argument to the jury, the assistant district attorney called attention to the fact that the prosecution witnesses had no apparent reason to have any bias toward the prosecution or against the defendant. He then noted that the defendant's witnesses had clear motives to falsify their testimony and favor the defendant. The assistant district attorney added, ""If the defendant was on the other side of town, why didn't he tell us himself? Why didn't he get on the stand? What was he hiding? Those are questions for you, the jury, to answer. ""The defendant was convicted of first-degree murder and sentenced to life imprisonment. On appeal, his conviction should be","reversed, because the prosecutor improperly referred to the possible motives or interests of the defense witness. ","reversed, because the defendant's constitutional rights were violated during the closing argument. ","reversed, because the assistant district attorney referred to the defendant's failure to testify. ","reversed, because the assistant district attorney's argument violated the defendant's rights under the Fifth and Fourteenth Amendments. ",D,D,true
Which of the following is true about abdominal pain?,Peptic ulcer pain is usually experienced in the hypogastrium,The pain of irritable bowel syndrome is usually well localised,The pain of pancreatitis usually radiates to the groin,The pain of oesophagitis is usually retrosternal in site,D,D,true
Why is it that anti-virus scanners would not have found an exploitation of Heartbleed?,"It's a vacuous question: Heartbleed only reads outside a buffer, so there is no possible exploit ",Anti-virus scanners tend to look for viruses and other malicious,"Anti-virus scanners tend to look for viruses and other malicious code, but Heartbleed exploits steal secrets without injecting any code ",Heartbleed attacks the anti-virus scanner itself,C,C,true
"A plaintiff is bringing an action against a defendant to quiet title to determine ownership of lakefront riparian property. At issue is the mean water level of the lake. For the past several years, a commercial fisherman has kept daily logs of the lake's water level. In preparation for trial, the plaintiff hired a graphic artist to prepare charts from the fisherman's logs to establish the property's boundary line. Based upon the information contained in the fisherman's logs, the graphic artist compiled a number of charts, which the plaintiff now seeks to introduce into evidence. At trial, it was determined that the fisherman is an expert on water level computations. The defendant objects to the charts being offered into evidence. The court will most likely rule the charts","admissible, because they are summaries of voluminous records. ","admissible, because the fisherman is an expert on water level computations. ","inadmissible, because the charts are hearsay not within any recognized exception. ","inadmissible, because the fisherman's daily logs are the best evidence of the lake's water level. ",A,A,true
For which of the following thermodynamic processes is the increase in the internal energy of an ideal gas equal to the heat added to the gas?,Constant temperature,Constant volume,Constant pressure,Adiabatic,B,B,true
Solve the equation 29 = x − 17.,12,−12,−46,46,D,D,true
"There are two billion children in the world today (2020), aged 0 to 15 years old. How many children will there be in the year 2100 according to the United Nations?",4 billion,3 billion,1 billion,2 billion,D,D,true
Why do vinegar (a dilute solution of ethanoic acid in water) and vegetable oil (long-chain organic acids esterified with glycerol) not mix to form solutions?,"The attractive forces in vinegar are much stronger than those in vegetable oil, so the liquids always separate into two phases.",Organic compounds rarely dissolve in water.,"The unfavorably large endothermic process of ""separating"" the molecules in the two solutes compared with the energy released when the solutes interact makes a solution thermodynamically unfavored.","Attractive forces in vinegar are mainly hydrogen bonding, while those in vegetable oil are due to instantaneous dipoles.",C,D,false
"A defendant owned a large parcel of farmland located in a rural section of a state. He conducted a small farming operation on the property and grew corn, broccoli, and other vegetables, which he sold to local produce companies. One day, the county police received an anonymous tip that the defendant was growing marijuana on his farm. Acting on this information, in an unmarked vehicle, two undercover police officers then drove to the defendant's farm. They climbed over a chain-link fence and walked around the farm. While surveying the terrain, they came upon a small marijuana patch. The officers then noticed fresh footprints that led from the marijuana patch to a nearby cabin. Believing that marijuana was being stored in the cabin, the police officers decided to immediately secure a search warrant. After obtaining the warrant, they returned to the defendant's farm and entered the cabin. Inside the cabin, the police found a large amount of marijuana that had been recently harvested. The defendant was then arrested and charged with unlawful possession of marijuana. The defendant files a pretrial motion to suppress the marijuana as evidence on grounds of an illegal search and seizure. The motion should be","denied, because the officers secured a warrant before entering the cabin despite the fact that their earlier actions may have been unlawful. ","denied, because the warrant was validly issued and based upon information lawfully obtained. ","granted, because the marijuana was the fruit of an illegal search and seizure, since the police did not have probable cause to conduct their investigation. ","granted, because the police were unlawfully on the defendant's property when the marijuana was initially discovered. ",B,B,true
Total global healthcare expenditure is about what percentage of global GDP as of 2017?,1%,2%,10%,5%,C,C,true
"A woman was driving her van along a public road one night. A police officer, who was driving behind the woman, decided to make a random stop of the woman's vehicle to check her license and registration. The officer pulled the woman's van over to the side of the road and then walked up to the driver's side of the vehicle. When he came alongside the driver's window, the officer asked the woman for her identification. As the woman was thumbing through her wallet, the officer shone his flashlight into the van and spotted a plastic bag containing marijuana lying on the floor under the back seat. The officer then arrested the woman and charged her with possession of marijuana. At the woman's trial for illegal possession of a controlled substance, her attorney moved to suppress the use of the marijuana as evidence. Her motion should be","granted, because the police officer did not have probable cause or a reasonable suspicion to believe that the woman's van contained a controlled substance. ","granted, because the marijuana was the fruit of an illegal search. ","denied, because the marijuana was in plain view when the police officer shone his flashlight inside the van. ","denied, because the seizure of the marijuana was made pursuant to a lawful investigatory stop. ",B,B,true
"A patient underwent heart bypass surgery at a hospital. Members of the patient's family had donated blood to be used during the operation. The patient told the doctor she would agree to the operation only if any blood given to her during the operation came from the blood donated by her family. When the doctor performed the surgery, he requisitioned blood from the hospital's blood bank for the patient's transfusion instead of using her family's donated blood. It was the customary practice of doctors in the community to use blood from the hospital's blood bank during surgery. ft was later determined that the hospital blood given to the patient was tainted with HIV. The hospital had not properly screened the blood for the presence of the HIV virus. The patient did not contract the HIV virus. If the patient asserts an action against the doctor for battery, she will","prevail, because the hospital failed to properly screen the blood to detect its contamination. ","not prevail, because the patient did not contract the HIV virus. ","not prevail, because it was the customary practice of doctors in the community to use blood from the hospital's blood bank during surgery. ","prevail, because consent to the operation was based upon the use of her family's blood. ",D,D,true
"A veterinarian was the owner of 1,500 acres of undeveloped timberland. The land in question had never been occupied, fenced, or cleared except that for 24 years, a mining company, one mile from the property, regularly drove trucks over a cleared path pursuant to an agreement with the veterinarian. The agreement, which was duly recorded, provided that ""the parties expressly agree and the veterinarian promises that the veterinarian and his successors shall refrain from obstructing the said described pathway across the veterinarian's land, which the mining company and its successors may perpetually use as a road, in consideration of which the mining company and its successors will pay the sum of $700 per annum. ""The provision in the agreement between the veterinarian and the mining company granting ""the use of the pathway"" to the mining company may best be described as a (an)",license.,easement appurtenant.,easement in gross.,prescriptive easement.,C,C,true
"The defendant is on trial for rape of the victim. On the night of the offense, the defendant drove the victim home and asked to come inside for a nightcap. The victim refused, saying she had to be up early in the morning. The defendant then forced the victim upstairs at gunpoint and raped her. During the trial, the defendant took the witness stand and testified that the victim gave him a ride in her car that evening and forced him to go to her house. The defendant's testimony may be used in a subsequent trial as evidence that the defendant committed the crime of",peijury.,misprision of felony.,misprision.,compounding a felony.,A,A,true
Collin spent 7 hours volunteering last month. Vanessa spent 21 hours volunteering last month. Which equation correctly shows how many times more hours Vanessa spent volunteering last month than Collin?,7 × 14 = 21,21 × 3 = 63,7 × 3 = 21,21 × 7 = 147,C,C,true
"A motor has a thermal heating time constant of 50 mm. When the motor runs continuous of full scale, its final temperature rise is 80° C, what would be the temperature rise after 1 hour, if the motor runs continuously on full load?",58° C.,56° C.,55.9° C.,60° C.,C,C,true
Why is it that anti-virus scanners would not have found an exploitation of Heartbleed?,"It's a vacuous question: Heartbleed only reads outside a buffer, so there is no possible exploit ",Anti-virus scanners tend to look for viruses and other malicious,Heartbleed attacks the anti-virus scanner itself,"Anti-virus scanners tend to look for viruses and other malicious code, but Heartbleed exploits steal secrets without injecting any code ",D,D,true
Which method can be used to solve 11 x 13?,"Multiply 11 x 10 and 10 x 3, then add the two products.","Multiply 11 x 100 and 10 x 3, then add the two products.","Multiply 11 x 10 and 11 x 3, then add the two products.","Multiply 11 x 100 and 11 x 3, then add the two products.",C,C,true
"A man entered a tavern in an obviously intoxicated condition, was refused service, and was ordered to leave and escorted out. Just after leaving the tavern, the man staggered across the road toward a liquor store. As he was crossing the road, the man was struck by a car and severely injured. The man sued the tavern for his personal injuries. At trial, the evidence established the facts as set out above. At the close of the evidence, both parties moved for judgment as a matter of law. How should the court rule on these motions?","Deny both motions and submit the case to the jury, because reasonable jurors could conclude that the accident was foreseeable.","Grant the tavernÕs motion, because there is no evidence that the tavern breached a duty to the man.","Deny both motions and submit the case to the jury, because a tavern is a place of public accommodation.","Grant the manÕs motion, because it is undisputed that by being ejected from the tavern, the man was put at risk.",B,B,true
"A rescuer was driving on an isolated portion of a country road. His headlights caught a figure lying at the side of the road. The rescuer stopped to investigate and found a victim, who was bleeding from head wounds and appeared to have been severely beaten. The rescuer then lifted the victim into his car and drove her to the hospital, a half-hour trip. When they arrived at the hospital, the rescuer carried the victim into the emergency room. He left her with a nurse and then returned home. Although the victim recovered from her injuries, she sued the hospital for malpractice, claiming that she was not promptly given medical attention. At trial, the nurse proposes to testify that when the victim was first brought to the hospital, she was unconscious. The victim's attorney objects and moves to strike the nurse's testimony. The trial judge should","overrule the objection, because it is a shorthand rendition of what she observed. ","sustain the objection, because it goes to an ultimate issue in the case. ","sustain the objection, because the nurse is not qualified to render an expert opinion. ","overrule the objection, because there are independent grounds to show a present sense impression. ",A,A,true
"A man sued a manufacturer of video and home theater equipment after his home theater started a raging fire, destroying the equipment and part of his home. He sued the manufacturer in federal court. At trial, the defendants filed a motion to preclude the report and testimony of the plaintiff's expert under Fed.R.Evid. 702. The defendants claim bias, lack of scientific support, failure to conduct testing, divergence of opinion among experts, and that the expert was trained for large commercial fires. The expert had investigated over 500 fires, wrote a book that was used in courses nationwide and taught a course in forensic fire investigations in a university. Her report ruled out all other possible causes. The court did a gate-keeping review as required by Rule 702 and ruled that the expert was highly qualified and that she used accepted scientific methodologies in arriving at her opinion. The defendants appealed the ruling. Is the appellate court likely to go against the ruling under these facts?","No, the court did the required gate-keeping inquiry and found that the witness was not only qualified and competent, but also used the accepted methodologies.","Yes, because the charge of bias against an expert witness requires a ""trial within a trial"" and that was not done.","Yes, because whenever the expert does not back up her conclusion with experimental testing, an expert's opinion will be insufficiently reliable to be allowed.","No, the court has absolute discretion in deciding the competency of the expert for purposes of giving expert trial testimony and evidence.",A,A,true
"A 4 pole lap wound dc generator has 4 brushes, if one of the brush is damaged, what will be the change in V, I and P ratings","V, I and P","V, I/2 and P/2","V/2, I/2 and P/4","V/2, I and P/2",B,B,true
For which of the following thermodynamic processes is the increase in the internal energy of an ideal gas equal to the heat added to the gas?,Constant temperature,Constant pressure,Constant volume,Adiabatic,C,C,true
"A plaintiff is bringing an action against a defendant to quiet title to determine ownership of lakefront riparian property. At issue is the mean water level of the lake. For the past several years, a commercial fisherman has kept daily logs of the lake's water level. In preparation for trial, the plaintiff hired a graphic artist to prepare charts from the fisherman's logs to establish the property's boundary line. Based upon the information contained in the fisherman's logs, the graphic artist compiled a number of charts, which the plaintiff now seeks to introduce into evidence. At trial, it was determined that the fisherman is an expert on water level computations. The defendant objects to the charts being offered into evidence. The court will most likely rule the charts","admissible, because the fisherman is an expert on water level computations. ","admissible, because they are summaries of voluminous records. ","inadmissible, because the charts are hearsay not within any recognized exception. ","inadmissible, because the fisherman's daily logs are the best evidence of the lake's water level. ",B,B,true
Tonsillar tissue is commonly found,between the palatoglossal and palatopharyngeal folds.,on the posterior wall of the oropharynx.,under the mucosa of the ventral surface of the tongue.,at all three sites.,A,A,true
"A state is concerned with the increase in teenage use of alcohol. In an effort to decrease exposure to alcohol, which poses harmful health risk, the state legislature has enacted a statute to restrict various methods of advertising by alcohol manufacturers. One of the provisions of the law states that advertising of alcohol prices is not permitted except by placement of a sticker on the bottle or container. An alcohol company who was a major distributor of alcohol in the state, claims the advertising restriction violates its constitutional rights protected by the First and Fourteenth Amendments. If the alcohol company files suit challenging the validity of the state statute, the court should rule the statute","unconstitutional, because the state could achieve its objective by a less restrictive means. ","constitutional, because the state law is rationally related to the health and safety of the state's citizens. ","constitutional, because the restriction on commercial speech directly advances a substantial government interest. ","unconstitutional, because the regulation on commercial speech is not necessary to further an important government interest. ",A,A,true
Which method can be used to solve 11 x 13?,"Multiply 11 x 10 and 10 x 3, then add the two products.","Multiply 11 x 100 and 10 x 3, then add the two products.","Multiply 11 x 100 and 11 x 3, then add the two products.","Multiply 11 x 10 and 11 x 3, then add the two products.",D,D,true
"A buyer signed a contract to purchase a tract of land from a developer. The contract was signed on May 1, 2008, and the closing was set for June 15, 2008. The land was located in a jurisdiction that has in force the following statute:Statute of Limitations ""an action to recover the possession of land shall be brought within twenty (20) years after the cause thereof accrued, but if a person who is entitled to bring such action at the time the cause accrued is within the age of minority (under 21) or of unsound mind, such action may be brought within ten (10) years after such disability is removed. ""This statute was enacted in the jurisdiction in 1932. The land in question had been owned by a doctor in 1962. On September 1, 1962, the doctor died intestate. The doctor's administratrix conveyed the tract to the developer on November 1, 1962, which the latter recorded on the same date. During her title search, the buyer learned that the administratrix had never obtained any license to sell the land in question. The buyer also learned that the administratrix never formally received the approval of any court with respect to the administration of the doctor's estate. Moreover, the buyer ascertained that the developer entered into possession of the land in question on November 1, 1962. The developer was ousted from the land in question by a woman on October 1, 1982. The developer then recovered possession of the land from the woman in an action of ejectment on December 31, 1982. The buyer should be advised that the developer became the owner of the land in question on","November 1, 1962. ","November 1, 1982. ","December 31, 1982. ","December 31, 2002. ",D,B,false
The best place to listen to the general heart sound with a stethoscope is the,fifth left intercostal space in the midclavicular line.,second left intercostal space one inch from the sternum.,third left rib at its junction with the sternum.,sternum midway between the sternal angle and xiphisternum.,A,A,true
"A collector had an extensive collection of sports memorabilia, which included baseball cards, autographed bats, balls, and old uniforms. The collector would often attend regional shows where he would display his vast collection and meet with other sports enthusiasts. One day at a sports memorabilia show, the defendant approached the collector with an old baseball glove with what appeared to be an authentic signature of a famous player. Unknown to the collector, the defendant signed the glove himself. The defendant had practiced the distinctive signature of the famous player for several hours before signing the glove with an extremely good likeness of his signature. The collector examined the glove and asked the defendant if the signature was authentic. The defendant replied that he had purchased the glove at an auction and could not vouch for the authenticity of the signature. The collector paid the defendant for the glove. Later, the collector took the glove to a handwriting expert who informed the collector that the signature on the glove was a very skillful fake, but a fake, nonetheless. The defendant is guilty of",false pretenses and forgery.,"false pretenses but not forgery, because the glove is not a document with legalsignificance. ","forgery but not false pretenses, because thedefendant did not vouch for the authenticity ofthe glove. ",neither false pretenses nor forgery.,A,B,false
Can we build a secure PRP from a secure PRG?,"No, it cannot be done",It depends on the underlying PRG,"Yes, just plug the GGM PRF into the Luby-Rackoff theorem",Option text,C,C,true
Total global healthcare expenditure is about what percentage of global GDP as of 2017?,1%,2%,5%,10%,D,D,true
"A defendant owned a large parcel of farmland located in a rural section of a state. He conducted a small farming operation on the property and grew corn, broccoli, and other vegetables, which he sold to local produce companies. One day, the county police received an anonymous tip that the defendant was growing marijuana on his farm. Acting on this information, in an unmarked vehicle, two undercover police officers then drove to the defendant's farm. They climbed over a chain-link fence and walked around the farm. While surveying the terrain, they came upon a small marijuana patch. The officers then noticed fresh footprints that led from the marijuana patch to a nearby cabin. Believing that marijuana was being stored in the cabin, the police officers decided to immediately secure a search warrant. After obtaining the warrant, they returned to the defendant's farm and entered the cabin. Inside the cabin, the police found a large amount of marijuana that had been recently harvested. The defendant was then arrested and charged with unlawful possession of marijuana. The defendant files a pretrial motion to suppress the marijuana as evidence on grounds of an illegal search and seizure. The motion should be","denied, because the officers secured a warrant before entering the cabin despite the fact that their earlier actions may have been unlawful. ","granted, because the marijuana was the fruit of an illegal search and seizure, since the police did not have probable cause to conduct their investigation. ","denied, because the warrant was validly issued and based upon information lawfully obtained. ","granted, because the police were unlawfully on the defendant's property when the marijuana was initially discovered. ",C,C,true
"The defendant is on trial for rape of the victim. On the night of the offense, the defendant drove the victim home and asked to come inside for a nightcap. The victim refused, saying she had to be up early in the morning. The defendant then forced the victim upstairs at gunpoint and raped her. During the trial, the defendant took the witness stand and testified that the victim gave him a ride in her car that evening and forced him to go to her house. The defendant's testimony may be used in a subsequent trial as evidence that the defendant committed the crime of",misprision of felony.,peijury.,misprision.,compounding a felony.,B,B,true
"A rescuer was driving on an isolated portion of a country road. His headlights caught a figure lying at the side of the road. The rescuer stopped to investigate and found a victim, who was bleeding from head wounds and appeared to have been severely beaten. The rescuer then lifted the victim into his car and drove her to the hospital, a half-hour trip. When they arrived at the hospital, the rescuer carried the victim into the emergency room. He left her with a nurse and then returned home. Although the victim recovered from her injuries, she sued the hospital for malpractice, claiming that she was not promptly given medical attention. At trial, the nurse proposes to testify that when the victim was first brought to the hospital, she was unconscious. The victim's attorney objects and moves to strike the nurse's testimony. The trial judge should","sustain the objection, because it goes to an ultimate issue in the case. ","overrule the objection, because it is a shorthand rendition of what she observed. ","sustain the objection, because the nurse is not qualified to render an expert opinion. ","overrule the objection, because there are independent grounds to show a present sense impression. ",B,B,true
"A motor has a thermal heating time constant of 50 mm. When the motor runs continuous of full scale, its final temperature rise is 80° C, what would be the temperature rise after 1 hour, if the motor runs continuously on full load?",58° C.,56° C.,60° C.,55.9° C.,D,D,true
"An elderly man employed an attorney to make up his will. The man had no immediate relatives in his locality and no friends he could trust to enforce the will. The attorney induced the man to appoint the attorney to administer the will for a separate fee. He also promised the man that everything would be enforced exactly as he wished but only if he provided a special gift of $25,000 in the will to the attorney, which would be in addition to legal fees and administration fees. When the man dies, his surviving heirs challenged the foregoing provisions added by the lawyer. What legal theory most closely represents their challenge?",Undue influence.,Fraudulent alienation.,Duress.,Mistake.,A,A,true
"A man entered a tavern in an obviously intoxicated condition, was refused service, and was ordered to leave and escorted out. Just after leaving the tavern, the man staggered across the road toward a liquor store. As he was crossing the road, the man was struck by a car and severely injured. The man sued the tavern for his personal injuries. At trial, the evidence established the facts as set out above. At the close of the evidence, both parties moved for judgment as a matter of law. How should the court rule on these motions?","Deny both motions and submit the case to the jury, because reasonable jurors could conclude that the accident was foreseeable.","Deny both motions and submit the case to the jury, because a tavern is a place of public accommodation.","Grant the tavernÕs motion, because there is no evidence that the tavern breached a duty to the man.","Grant the manÕs motion, because it is undisputed that by being ejected from the tavern, the man was put at risk.",C,C,true
"A man sued a manufacturer of video and home theater equipment after his home theater started a raging fire, destroying the equipment and part of his home. He sued the manufacturer in federal court. At trial, the defendants filed a motion to preclude the report and testimony of the plaintiff's expert under Fed.R.Evid. 702. The defendants claim bias, lack of scientific support, failure to conduct testing, divergence of opinion among experts, and that the expert was trained for large commercial fires. The expert had investigated over 500 fires, wrote a book that was used in courses nationwide and taught a course in forensic fire investigations in a university. Her report ruled out all other possible causes. The court did a gate-keeping review as required by Rule 702 and ruled that the expert was highly qualified and that she used accepted scientific methodologies in arriving at her opinion. The defendants appealed the ruling. Is the appellate court likely to go against the ruling under these facts?","Yes, because the charge of bias against an expert witness requires a ""trial within a trial"" and that was not done.","No, the court did the required gate-keeping inquiry and found that the witness was not only qualified and competent, but also used the accepted methodologies.","Yes, because whenever the expert does not back up her conclusion with experimental testing, an expert's opinion will be insufficiently reliable to be allowed.","No, the court has absolute discretion in deciding the competency of the expert for purposes of giving expert trial testimony and evidence.",B,B,true
Collin spent 7 hours volunteering last month. Vanessa spent 21 hours volunteering last month. Which equation correctly shows how many times more hours Vanessa spent volunteering last month than Collin?,7 × 14 = 21,21 × 3 = 63,21 × 7 = 147,7 × 3 = 21,D,D,true
For which of the following thermodynamic processes is the increase in the internal energy of an ideal gas equal to the heat added to the gas?,Constant temperature,Constant pressure,Adiabatic,Constant volume,D,D,true
"In 1960, a widower, advancing into old age, realizes that he is no longer able to farm his 1,000 acres; therefore, he decides to sell some of the farmland in parcels of 250 acres. The president of a development company is interested in purchasing three of the parcels. The president buys the three parcels from the widower and begins formulating plans for constructing single-family dwelling units on the land, which is located in an upper-middle-class area of the county. The original deed between thewidower and the development company contains a provision expressly binding ""upon all subsequent grantees, their heirs, and assigns,"" stipulating that any further subdivisions by any such persons shall be restricted to minimum two-acre lots to be used for single-family dwelling units only. In the original deed between the widower and the development company, the stipulation that restricted the size and residential character of any subsequent subdivision of the parcels is an example of a (an)",negative covenant.,easement.,affirmative covenant.,covenant for quiet enjoyment.,A,A,true
"A woman was driving her van along a public road one night. A police officer, who was driving behind the woman, decided to make a random stop of the woman's vehicle to check her license and registration. The officer pulled the woman's van over to the side of the road and then walked up to the driver's side of the vehicle. When he came alongside the driver's window, the officer asked the woman for her identification. As the woman was thumbing through her wallet, the officer shone his flashlight into the van and spotted a plastic bag containing marijuana lying on the floor under the back seat. The officer then arrested the woman and charged her with possession of marijuana. At the woman's trial for illegal possession of a controlled substance, her attorney moved to suppress the use of the marijuana as evidence. Her motion should be","granted, because the police officer did not have probable cause or a reasonable suspicion to believe that the woman's van contained a controlled substance. ","denied, because the marijuana was in plain view when the police officer shone his flashlight inside the van. ","granted, because the marijuana was the fruit of an illegal search. ","denied, because the seizure of the marijuana was made pursuant to a lawful investigatory stop. ",C,C,true
"On March 15, in a signed written contract, a manufacturer agreed to sell 40,000 pens at $1 each to a retailer, delivery to be made in two equal installments on April 1 and May 1. The contract was silent as to the time of payment, but on March 25 the two parties orally agreed that the entire purchase price was to be paid on delivery of the second installment. On April 1, the manufacturer delivered 20,000 pens, and the retailer accepted them. The manufacturer then demanded payment of $20,000. When the retailer refused to make the payment, the manufacturer sued the retailer for breach of contract. In its defense, the retailer proffered evidence of the March 25 oral agreement. Is the manufacturer likely to succeed in its action? ","No, because even though the March 25 oral agreement is not effective, payment is due at the time of the second installment.","Yes, because the parol evidence rule bars the introduction of evidence of an oral agreement modifying a written contract.","No, because the March 25 oral agreement was an effective modification of the written contract.","Yes, because there was no consideration to support the modification.",C,C,true
Why might you choose to use a silicone catheter (as of 2020 medical knowledge)?,Because the patient is allergic to latex.,Because the patient does not like the others.,Because there are no other kinds of catheter at your disposal.,Because it is cheaper.,A,A,true
"Dissolving one mole of each of the oxoacids HNO2, HClO4, H2CO3, and H3PO4 in 2.0 L of distilled water results in solutions with different pH values. Arrange these acid solutions from the one with the highest pH to the one with the lowest pH.",H2CO3 > H3PO4 > HNO2 > HClO4,HNO2 > HClO4 > H2CO3 > H3PO4,HClO4 > HNO2 > H2CO3 > H3PO4,H2CO3 > HNO2 > HClO4 > H3PO4,A,A,true
"The defendant is on trial for rape of the victim. On the night of the offense, the defendant drove the victim home and asked to come inside for a nightcap. The victim refused, saying she had to be up early in the morning. The defendant then forced the victim upstairs at gunpoint and raped her. During the trial, the defendant took the witness stand and testified that the victim gave him a ride in her car that evening and forced him to go to her house. The defendant's testimony may be used in a subsequent trial as evidence that the defendant committed the crime of",misprision of felony.,misprision.,peijury.,compounding a felony.,C,C,true
"A defendant owned a large parcel of farmland located in a rural section of a state. He conducted a small farming operation on the property and grew corn, broccoli, and other vegetables, which he sold to local produce companies. One day, the county police received an anonymous tip that the defendant was growing marijuana on his farm. Acting on this information, in an unmarked vehicle, two undercover police officers then drove to the defendant's farm. They climbed over a chain-link fence and walked around the farm. While surveying the terrain, they came upon a small marijuana patch. The officers then noticed fresh footprints that led from the marijuana patch to a nearby cabin. Believing that marijuana was being stored in the cabin, the police officers decided to immediately secure a search warrant. After obtaining the warrant, they returned to the defendant's farm and entered the cabin. Inside the cabin, the police found a large amount of marijuana that had been recently harvested. The defendant was then arrested and charged with unlawful possession of marijuana. The defendant files a pretrial motion to suppress the marijuana as evidence on grounds of an illegal search and seizure. The motion should be","denied, because the officers secured a warrant before entering the cabin despite the fact that their earlier actions may have been unlawful. ","granted, because the marijuana was the fruit of an illegal search and seizure, since the police did not have probable cause to conduct their investigation. ","granted, because the police were unlawfully on the defendant's property when the marijuana was initially discovered. ","denied, because the warrant was validly issued and based upon information lawfully obtained. ",D,D,true
The best place to listen to the general heart sound with a stethoscope is the,second left intercostal space one inch from the sternum.,fifth left intercostal space in the midclavicular line.,third left rib at its junction with the sternum.,sternum midway between the sternal angle and xiphisternum.,B,B,true
"A citizen of a state was arrested and charged under a state statute making it a felony for ""a male to sell or give alcoholic beverages to a female under the age of 14. "" At his trial, the citizen attacked the validity of the state statute on federal constitutional grounds. The court will likely hold the statute to be","unconstitutional, because the law treats males and females differently without adequate justification and, therefore, is violative of the Fourteenth Amendment. ","constitutional, because under the Twenty First Amendment, a state has exclusive authority to regulate the use and sale of intoxicating liquors. ","constitutional, because the state could reasonably believe that young females need more protection than young males under these circumstances. ","unconstitutional, because it lacks a legitimate purpose and, therefore, is violative of the Fourteenth Amendment. ",A,A,true
Can we build a secure PRP from a secure PRG?,"No, it cannot be done",It depends on the underlying PRG,Option text,"Yes, just plug the GGM PRF into the Luby-Rackoff theorem",D,D,true
Consider the following reaction showing photosynthesis: 6CO2(g) + 6H2O(l) → C6H12O6(s) + 6O2(g) DH = + 2800 kJ/mol Which of the following is true regarding the thermal energy in this system?,It is transferred from the surroundings to the reaction.,It is transferred from the reaction to the surroundings.,It is transferred from the reactants to the products.,It is transferred from the products to the reactants.,A,A,true
"A state is concerned with the increase in teenage use of alcohol. In an effort to decrease exposure to alcohol, which poses harmful health risk, the state legislature has enacted a statute to restrict various methods of advertising by alcohol manufacturers. One of the provisions of the law states that advertising of alcohol prices is not permitted except by placement of a sticker on the bottle or container. An alcohol company who was a major distributor of alcohol in the state, claims the advertising restriction violates its constitutional rights protected by the First and Fourteenth Amendments. If the alcohol company files suit challenging the validity of the state statute, the court should rule the statute","constitutional, because the state law is rationally related to the health and safety of the state's citizens. ","unconstitutional, because the state could achieve its objective by a less restrictive means. ","constitutional, because the restriction on commercial speech directly advances a substantial government interest. ","unconstitutional, because the regulation on commercial speech is not necessary to further an important government interest. ",B,B,true
"A food manufacturer entered into a contract to buy all of the seller's bread crumb output. Several months after the contract was signed, the seller dismantled its machinery and stopped making bread crumbs. The buyer sued the seller. The seller testified and proved by expert evidence that it was no longer economically beneficial to produce bread crumbs. Will the court enforce the breach of contract action and award damages to the buyer?","No, the fact that the seller proved that it was economically unproductive means that the seller acted in good faith, and there was no further duty under the agreement.","Yes, an output contract must meet its output promises or the breaching party must pay reasonable damages.","Yes, the court will grant damages at least for the first year of operation so that the buyer recoups its initial losses.","No, the general promise of providing all of a company's output is considered an illusory promise that will not be enforced.",A,A,true
"A man sued a manufacturer of video and home theater equipment after his home theater started a raging fire, destroying the equipment and part of his home. He sued the manufacturer in federal court. At trial, the defendants filed a motion to preclude the report and testimony of the plaintiff's expert under Fed.R.Evid. 702. The defendants claim bias, lack of scientific support, failure to conduct testing, divergence of opinion among experts, and that the expert was trained for large commercial fires. The expert had investigated over 500 fires, wrote a book that was used in courses nationwide and taught a course in forensic fire investigations in a university. Her report ruled out all other possible causes. The court did a gate-keeping review as required by Rule 702 and ruled that the expert was highly qualified and that she used accepted scientific methodologies in arriving at her opinion. The defendants appealed the ruling. Is the appellate court likely to go against the ruling under these facts?","Yes, because the charge of bias against an expert witness requires a ""trial within a trial"" and that was not done.","Yes, because whenever the expert does not back up her conclusion with experimental testing, an expert's opinion will be insufficiently reliable to be allowed.","No, the court did the required gate-keeping inquiry and found that the witness was not only qualified and competent, but also used the accepted methodologies.","No, the court has absolute discretion in deciding the competency of the expert for purposes of giving expert trial testimony and evidence.",C,C,true
What should be done after catheterization is carried out?,Document catheterization in the patient's notes.,The patient should be thanked.,The patient should be advised when to drink.,The patient should be washed.,A,A,true
"A plaintiff is bringing an action against a defendant to quiet title to determine ownership of lakefront riparian property. At issue is the mean water level of the lake. For the past several years, a commercial fisherman has kept daily logs of the lake's water level. In preparation for trial, the plaintiff hired a graphic artist to prepare charts from the fisherman's logs to establish the property's boundary line. Based upon the information contained in the fisherman's logs, the graphic artist compiled a number of charts, which the plaintiff now seeks to introduce into evidence. At trial, it was determined that the fisherman is an expert on water level computations. The defendant objects to the charts being offered into evidence. The court will most likely rule the charts","admissible, because the fisherman is an expert on water level computations. ","inadmissible, because the charts are hearsay not within any recognized exception. ","admissible, because they are summaries of voluminous records. ","inadmissible, because the fisherman's daily logs are the best evidence of the lake's water level. ",C,C,true
"A veterinarian was the owner of 1,500 acres of undeveloped timberland. The land in question had never been occupied, fenced, or cleared except that for 24 years, a mining company, one mile from the property, regularly drove trucks over a cleared path pursuant to an agreement with the veterinarian. The agreement, which was duly recorded, provided that ""the parties expressly agree and the veterinarian promises that the veterinarian and his successors shall refrain from obstructing the said described pathway across the veterinarian's land, which the mining company and its successors may perpetually use as a road, in consideration of which the mining company and its successors will pay the sum of $700 per annum. ""The provision in the agreement between the veterinarian and the mining company granting ""the use of the pathway"" to the mining company may best be described as a (an)",license.,easement appurtenant.,prescriptive easement.,easement in gross.,D,D,true
"A collector had an extensive collection of sports memorabilia, which included baseball cards, autographed bats, balls, and old uniforms. The collector would often attend regional shows where he would display his vast collection and meet with other sports enthusiasts. One day at a sports memorabilia show, the defendant approached the collector with an old baseball glove with what appeared to be an authentic signature of a famous player. Unknown to the collector, the defendant signed the glove himself. The defendant had practiced the distinctive signature of the famous player for several hours before signing the glove with an extremely good likeness of his signature. The collector examined the glove and asked the defendant if the signature was authentic. The defendant replied that he had purchased the glove at an auction and could not vouch for the authenticity of the signature. The collector paid the defendant for the glove. Later, the collector took the glove to a handwriting expert who informed the collector that the signature on the glove was a very skillful fake, but a fake, nonetheless. The defendant is guilty of","false pretenses but not forgery, because the glove is not a document with legalsignificance. ",false pretenses and forgery.,"forgery but not false pretenses, because thedefendant did not vouch for the authenticity ofthe glove. ",neither false pretenses nor forgery.,B,A,false
Solve −2k = −34.8.,69.6,−69.6,−17.4,17.4,A,D,false
"An elderly man employed an attorney to make up his will. The man had no immediate relatives in his locality and no friends he could trust to enforce the will. The attorney induced the man to appoint the attorney to administer the will for a separate fee. He also promised the man that everything would be enforced exactly as he wished but only if he provided a special gift of $25,000 in the will to the attorney, which would be in addition to legal fees and administration fees. When the man dies, his surviving heirs challenged the foregoing provisions added by the lawyer. What legal theory most closely represents their challenge?",Fraudulent alienation.,Undue influence.,Duress.,Mistake.,B,B,true
"In 1960, a widower, advancing into old age, realizes that he is no longer able to farm his 1,000 acres; therefore, he decides to sell some of the farmland in parcels of 250 acres. The president of a development company is interested in purchasing three of the parcels. The president buys the three parcels from the widower and begins formulating plans for constructing single-family dwelling units on the land, which is located in an upper-middle-class area of the county. The original deed between thewidower and the development company contains a provision expressly binding ""upon all subsequent grantees, their heirs, and assigns,"" stipulating that any further subdivisions by any such persons shall be restricted to minimum two-acre lots to be used for single-family dwelling units only. In the original deed between the widower and the development company, the stipulation that restricted the size and residential character of any subsequent subdivision of the parcels is an example of a (an)",easement.,negative covenant.,affirmative covenant.,covenant for quiet enjoyment.,B,B,true
Tonsillar tissue is commonly found,on the posterior wall of the oropharynx.,between the palatoglossal and palatopharyngeal folds.,under the mucosa of the ventral surface of the tongue.,at all three sites.,B,B,true
Why might you choose to use a silicone catheter (as of 2020 medical knowledge)?,Because the patient does not like the others.,Because the patient is allergic to latex.,Because there are no other kinds of catheter at your disposal.,Because it is cheaper.,B,B,true
"The defendant is on trial for rape of the victim. On the night of the offense, the defendant drove the victim home and asked to come inside for a nightcap. The victim refused, saying she had to be up early in the morning. The defendant then forced the victim upstairs at gunpoint and raped her. During the trial, the defendant took the witness stand and testified that the victim gave him a ride in her car that evening and forced him to go to her house. The defendant's testimony may be used in a subsequent trial as evidence that the defendant committed the crime of",misprision of felony.,misprision.,compounding a felony.,peijury.,D,D,true
"A rescuer was driving on an isolated portion of a country road. His headlights caught a figure lying at the side of the road. The rescuer stopped to investigate and found a victim, who was bleeding from head wounds and appeared to have been severely beaten. The rescuer then lifted the victim into his car and drove her to the hospital, a half-hour trip. When they arrived at the hospital, the rescuer carried the victim into the emergency room. He left her with a nurse and then returned home. Although the victim recovered from her injuries, she sued the hospital for malpractice, claiming that she was not promptly given medical attention. At trial, the nurse proposes to testify that when the victim was first brought to the hospital, she was unconscious. The victim's attorney objects and moves to strike the nurse's testimony. The trial judge should","sustain the objection, because it goes to an ultimate issue in the case. ","sustain the objection, because the nurse is not qualified to render an expert opinion. ","overrule the objection, because it is a shorthand rendition of what she observed. ","overrule the objection, because there are independent grounds to show a present sense impression. ",C,C,true
"A 4 pole lap wound dc generator has 4 brushes, if one of the brush is damaged, what will be the change in V, I and P ratings","V, I and P","V/2, I/2 and P/4","V, I/2 and P/2","V/2, I and P/2",C,C,true
"A man entered a tavern in an obviously intoxicated condition, was refused service, and was ordered to leave and escorted out. Just after leaving the tavern, the man staggered across the road toward a liquor store. As he was crossing the road, the man was struck by a car and severely injured. The man sued the tavern for his personal injuries. At trial, the evidence established the facts as set out above. At the close of the evidence, both parties moved for judgment as a matter of law. How should the court rule on these motions?","Deny both motions and submit the case to the jury, because reasonable jurors could conclude that the accident was foreseeable.","Deny both motions and submit the case to the jury, because a tavern is a place of public accommodation.","Grant the manÕs motion, because it is undisputed that by being ejected from the tavern, the man was put at risk.","Grant the tavernÕs motion, because there is no evidence that the tavern breached a duty to the man.",D,D,true
"A man sued a manufacturer of video and home theater equipment after his home theater started a raging fire, destroying the equipment and part of his home. He sued the manufacturer in federal court. At trial, the defendants filed a motion to preclude the report and testimony of the plaintiff's expert under Fed.R.Evid. 702. The defendants claim bias, lack of scientific support, failure to conduct testing, divergence of opinion among experts, and that the expert was trained for large commercial fires. The expert had investigated over 500 fires, wrote a book that was used in courses nationwide and taught a course in forensic fire investigations in a university. Her report ruled out all other possible causes. The court did a gate-keeping review as required by Rule 702 and ruled that the expert was highly qualified and that she used accepted scientific methodologies in arriving at her opinion. The defendants appealed the ruling. Is the appellate court likely to go against the ruling under these facts?","Yes, because the charge of bias against an expert witness requires a ""trial within a trial"" and that was not done.","Yes, because whenever the expert does not back up her conclusion with experimental testing, an expert's opinion will be insufficiently reliable to be allowed.","No, the court has absolute discretion in deciding the competency of the expert for purposes of giving expert trial testimony and evidence.","No, the court did the required gate-keeping inquiry and found that the witness was not only qualified and competent, but also used the accepted methodologies.",D,D,true
Consider the following reaction showing photosynthesis: 6CO2(g) + 6H2O(l) → C6H12O6(s) + 6O2(g) DH = + 2800 kJ/mol Which of the following is true regarding the thermal energy in this system?,It is transferred from the reaction to the surroundings.,It is transferred from the surroundings to the reaction.,It is transferred from the reactants to the products.,It is transferred from the products to the reactants.,B,B,true
"In 1960, a widower, advancing into old age, realizes that he is no longer able to farm his 1,000 acres; therefore, he decides to sell some of the farmland in parcels of 250 acres. The president of a development company is interested in purchasing three of the parcels. The president buys the three parcels from the widower and begins formulating plans for constructing single-family dwelling units on the land, which is located in an upper-middle-class area of the county. The original deed between thewidower and the development company contains a provision expressly binding ""upon all subsequent grantees, their heirs, and assigns,"" stipulating that any further subdivisions by any such persons shall be restricted to minimum two-acre lots to be used for single-family dwelling units only. In the original deed between the widower and the development company, the stipulation that restricted the size and residential character of any subsequent subdivision of the parcels is an example of a (an)",easement.,affirmative covenant.,negative covenant.,covenant for quiet enjoyment.,C,C,true
"A citizen of a state was arrested and charged under a state statute making it a felony for ""a male to sell or give alcoholic beverages to a female under the age of 14. "" At his trial, the citizen attacked the validity of the state statute on federal constitutional grounds. The court will likely hold the statute to be","constitutional, because under the Twenty First Amendment, a state has exclusive authority to regulate the use and sale of intoxicating liquors. ","unconstitutional, because the law treats males and females differently without adequate justification and, therefore, is violative of the Fourteenth Amendment. ","constitutional, because the state could reasonably believe that young females need more protection than young males under these circumstances. ","unconstitutional, because it lacks a legitimate purpose and, therefore, is violative of the Fourteenth Amendment. ",B,B,true
"A woman was driving her van along a public road one night. A police officer, who was driving behind the woman, decided to make a random stop of the woman's vehicle to check her license and registration. The officer pulled the woman's van over to the side of the road and then walked up to the driver's side of the vehicle. When he came alongside the driver's window, the officer asked the woman for her identification. As the woman was thumbing through her wallet, the officer shone his flashlight into the van and spotted a plastic bag containing marijuana lying on the floor under the back seat. The officer then arrested the woman and charged her with possession of marijuana. At the woman's trial for illegal possession of a controlled substance, her attorney moved to suppress the use of the marijuana as evidence. Her motion should be","granted, because the police officer did not have probable cause or a reasonable suspicion to believe that the woman's van contained a controlled substance. ","denied, because the marijuana was in plain view when the police officer shone his flashlight inside the van. ","denied, because the seizure of the marijuana was made pursuant to a lawful investigatory stop. ","granted, because the marijuana was the fruit of an illegal search. ",D,D,true
"A homeowner purchased a new vacuum cleaner. A few days later, the homeowner received a severe electric shock while using the vacuum cleaner. The homeowner realized that there was a short in the wiring of the vacuum cleaner. The homeowner called the store that sold the vacuum cleaner and arranged to return it for a refund. The homeowner was busy, however, and would not have time to make a trip to the store for several days; so he put the vacuum cleaner in a corner in his living room to store it until he had a chance to take it to the store. The next day, the homeowner had an old friend from out of town arrive for a three-day visit. The homeowner had a spare room and loved to have overnight guests, so he had invited this old friend to come for a visit and was excited to see her. Shortly after the guest's arrival, however, the homeowner had to go to work for a few hours, so he told his friend to make herself comfortable in the house while he went to his office. While the homeowner was away from the house, his friend got hungry and made herself a snack. After finishing the snack, she realized that she had dropped a lot of crumbs on the carpet. Wanting to be a polite guest, she decided to clean up the mess herself before the homeowner returned. She saw the vacuum cleaner in the corner, plugged it in at an electric outlet, and started to vacuum up the crumbs, when she received a very strong electric shock as a result of the vacuum cleaner's faulty wiring. If the guest asserts a claim against the homeowner, the most likely result is that the guest will","recover, because the homeowner knew about the hazardous condition of the vacuum cleaner and yet failed to warn the guest. ","recover, because the homeowner had a duty to make a reasonable inspection of the home to discover any unknown dangers. ","not recover, because the homeowner did not create the risk of harm. ","not recover, under the family purpose doctrine. ",A,A,true
What should be done after catheterization is carried out?,The patient should be thanked.,Document catheterization in the patient's notes.,The patient should be advised when to drink.,The patient should be washed.,B,B,true
"An elderly man employed an attorney to make up his will. The man had no immediate relatives in his locality and no friends he could trust to enforce the will. The attorney induced the man to appoint the attorney to administer the will for a separate fee. He also promised the man that everything would be enforced exactly as he wished but only if he provided a special gift of $25,000 in the will to the attorney, which would be in addition to legal fees and administration fees. When the man dies, his surviving heirs challenged the foregoing provisions added by the lawyer. What legal theory most closely represents their challenge?",Fraudulent alienation.,Duress.,Undue influence.,Mistake.,C,C,true
Solve −2k = −34.8.,−69.6,69.6,−17.4,17.4,B,D,false
An element in its ground state,has all of its electrons in the lowest possible energy levels,is an element as found in nature,is an element that is unreactive and found free in nature,has all of its electrons paired,A,A,true
"A collector had an extensive collection of sports memorabilia, which included baseball cards, autographed bats, balls, and old uniforms. The collector would often attend regional shows where he would display his vast collection and meet with other sports enthusiasts. One day at a sports memorabilia show, the defendant approached the collector with an old baseball glove with what appeared to be an authentic signature of a famous player. Unknown to the collector, the defendant signed the glove himself. The defendant had practiced the distinctive signature of the famous player for several hours before signing the glove with an extremely good likeness of his signature. The collector examined the glove and asked the defendant if the signature was authentic. The defendant replied that he had purchased the glove at an auction and could not vouch for the authenticity of the signature. The collector paid the defendant for the glove. Later, the collector took the glove to a handwriting expert who informed the collector that the signature on the glove was a very skillful fake, but a fake, nonetheless. The defendant is guilty of","false pretenses but not forgery, because the glove is not a document with legalsignificance. ","forgery but not false pretenses, because thedefendant did not vouch for the authenticity ofthe glove. ",false pretenses and forgery.,neither false pretenses nor forgery.,C,A,false
"The Pentagon has recently released a civil defense plan in the event of nuclear war. According to the Pentagon's study, certain essential citizens would be evacuated once it was determined that a nuclear war was imminent. Essential citizens would include scientists, carpenters, and the young. The study also recommended that certain non-essential citizens such as the elderly, the infirm, and persons in penal institutions not be evacuated since their future contributions would be less important in the rebuilding of the country following a nuclear war. An employee of the Pentagon, was instructed to conduct a public opinion survey regarding the controversial plan. Pentagon officials directed the employee to interview citizens in a door-to- door canvass to determine public opinion for the civil defense plan. After the employee conducted his door-to-door interview canvassing, he was prosecuted for not obtaining prior consent of the citizens he interviewed. The employee's strongest argument is that the prosecution",violates the intergovernmental immunity of a federal employee.,violates his right to free speech.,deprives him of his employment interest without due process.,impairs the obligation of his employment contract.,A,A,true
"A food manufacturer entered into a contract to buy all of the seller's bread crumb output. Several months after the contract was signed, the seller dismantled its machinery and stopped making bread crumbs. The buyer sued the seller. The seller testified and proved by expert evidence that it was no longer economically beneficial to produce bread crumbs. Will the court enforce the breach of contract action and award damages to the buyer?","Yes, an output contract must meet its output promises or the breaching party must pay reasonable damages.","No, the fact that the seller proved that it was economically unproductive means that the seller acted in good faith, and there was no further duty under the agreement.","Yes, the court will grant damages at least for the first year of operation so that the buyer recoups its initial losses.","No, the general promise of providing all of a company's output is considered an illusory promise that will not be enforced.",B,B,true
The best place to listen to the general heart sound with a stethoscope is the,second left intercostal space one inch from the sternum.,third left rib at its junction with the sternum.,fifth left intercostal space in the midclavicular line.,sternum midway between the sternal angle and xiphisternum.,C,C,true
"A rescuer was driving on an isolated portion of a country road. His headlights caught a figure lying at the side of the road. The rescuer stopped to investigate and found a victim, who was bleeding from head wounds and appeared to have been severely beaten. The rescuer then lifted the victim into his car and drove her to the hospital, a half-hour trip. When they arrived at the hospital, the rescuer carried the victim into the emergency room. He left her with a nurse and then returned home. Although the victim recovered from her injuries, she sued the hospital for malpractice, claiming that she was not promptly given medical attention. At trial, the nurse proposes to testify that when the victim was first brought to the hospital, she was unconscious. The victim's attorney objects and moves to strike the nurse's testimony. The trial judge should","sustain the objection, because it goes to an ultimate issue in the case. ","sustain the objection, because the nurse is not qualified to render an expert opinion. ","overrule the objection, because there are independent grounds to show a present sense impression. ","overrule the objection, because it is a shorthand rendition of what she observed. ",D,D,true
"A plaintiff is bringing an action against a defendant to quiet title to determine ownership of lakefront riparian property. At issue is the mean water level of the lake. For the past several years, a commercial fisherman has kept daily logs of the lake's water level. In preparation for trial, the plaintiff hired a graphic artist to prepare charts from the fisherman's logs to establish the property's boundary line. Based upon the information contained in the fisherman's logs, the graphic artist compiled a number of charts, which the plaintiff now seeks to introduce into evidence. At trial, it was determined that the fisherman is an expert on water level computations. The defendant objects to the charts being offered into evidence. The court will most likely rule the charts","admissible, because the fisherman is an expert on water level computations. ","inadmissible, because the charts are hearsay not within any recognized exception. ","inadmissible, because the fisherman's daily logs are the best evidence of the lake's water level. ","admissible, because they are summaries of voluminous records. ",D,D,true
No load saturation characteristics are plotted between,no load voltage and field current,no load voltage and armature current,short circuit current and field current,short circuit current and armature current,A,A,true
Write 5.875 as a mixed number or fraction in simplest form.,5 and 7 over 8,5 and 8 over 9,7 over 8,5 and 87 over 105,A,A,true
Consider the following reaction showing photosynthesis: 6CO2(g) + 6H2O(l) → C6H12O6(s) + 6O2(g) DH = + 2800 kJ/mol Which of the following is true regarding the thermal energy in this system?,It is transferred from the reaction to the surroundings.,It is transferred from the reactants to the products.,It is transferred from the surroundings to the reaction.,It is transferred from the products to the reactants.,C,C,true
In which case would the defendant's intoxication defense most likely negate his criminal intent?,"A defendant is charged with assault with intent to commit rape. While on trial, the defendant testified that he was intoxicated to such an extent that he did not remember striking the victim. ","A defendant is charged with raping a victim. At trial, the defendant testifies that he was so inebriated that he was unable to understand that the victim did not consent to his conduct. ","A victim was horseback riding when she was approached by a defendant, who rode up from behind and struck her horse with his riding crop, causing the horse to bolt and throw the victim. On trial for battery, the defendant testifled that he was drunk and only fooling around and did not intend to injure the victim. ","While intoxicated, a defendant wandered into a victim's barn, lit a match, and began looking for some whiskey that he thought was hidden there. Angered at not finding any liquor, the defendant threw the match into a bale of hay, which quickly ignited, thus causing the destruction of the victim's barn. The defendant is charged with arson. ",A,A,true
"A state is concerned with the increase in teenage use of alcohol. In an effort to decrease exposure to alcohol, which poses harmful health risk, the state legislature has enacted a statute to restrict various methods of advertising by alcohol manufacturers. One of the provisions of the law states that advertising of alcohol prices is not permitted except by placement of a sticker on the bottle or container. An alcohol company who was a major distributor of alcohol in the state, claims the advertising restriction violates its constitutional rights protected by the First and Fourteenth Amendments. If the alcohol company files suit challenging the validity of the state statute, the court should rule the statute","constitutional, because the state law is rationally related to the health and safety of the state's citizens. ","constitutional, because the restriction on commercial speech directly advances a substantial government interest. ","unconstitutional, because the state could achieve its objective by a less restrictive means. ","unconstitutional, because the regulation on commercial speech is not necessary to further an important government interest. ",C,C,true
Why might you choose to use a silicone catheter (as of 2020 medical knowledge)?,Because the patient does not like the others.,Because there are no other kinds of catheter at your disposal.,Because the patient is allergic to latex.,Because it is cheaper.,C,C,true
"A homeowner purchased a new vacuum cleaner. A few days later, the homeowner received a severe electric shock while using the vacuum cleaner. The homeowner realized that there was a short in the wiring of the vacuum cleaner. The homeowner called the store that sold the vacuum cleaner and arranged to return it for a refund. The homeowner was busy, however, and would not have time to make a trip to the store for several days; so he put the vacuum cleaner in a corner in his living room to store it until he had a chance to take it to the store. The next day, the homeowner had an old friend from out of town arrive for a three-day visit. The homeowner had a spare room and loved to have overnight guests, so he had invited this old friend to come for a visit and was excited to see her. Shortly after the guest's arrival, however, the homeowner had to go to work for a few hours, so he told his friend to make herself comfortable in the house while he went to his office. While the homeowner was away from the house, his friend got hungry and made herself a snack. After finishing the snack, she realized that she had dropped a lot of crumbs on the carpet. Wanting to be a polite guest, she decided to clean up the mess herself before the homeowner returned. She saw the vacuum cleaner in the corner, plugged it in at an electric outlet, and started to vacuum up the crumbs, when she received a very strong electric shock as a result of the vacuum cleaner's faulty wiring. If the guest asserts a claim against the homeowner, the most likely result is that the guest will","recover, because the homeowner had a duty to make a reasonable inspection of the home to discover any unknown dangers. ","recover, because the homeowner knew about the hazardous condition of the vacuum cleaner and yet failed to warn the guest. ","not recover, because the homeowner did not create the risk of harm. ","not recover, under the family purpose doctrine. ",B,B,true
"An elderly man employed an attorney to make up his will. The man had no immediate relatives in his locality and no friends he could trust to enforce the will. The attorney induced the man to appoint the attorney to administer the will for a separate fee. He also promised the man that everything would be enforced exactly as he wished but only if he provided a special gift of $25,000 in the will to the attorney, which would be in addition to legal fees and administration fees. When the man dies, his surviving heirs challenged the foregoing provisions added by the lawyer. What legal theory most closely represents their challenge?",Fraudulent alienation.,Duress.,Mistake.,Undue influence.,D,D,true
"A citizen of a state was arrested and charged under a state statute making it a felony for ""a male to sell or give alcoholic beverages to a female under the age of 14. "" At his trial, the citizen attacked the validity of the state statute on federal constitutional grounds. The court will likely hold the statute to be","constitutional, because under the Twenty First Amendment, a state has exclusive authority to regulate the use and sale of intoxicating liquors. ","constitutional, because the state could reasonably believe that young females need more protection than young males under these circumstances. ","unconstitutional, because the law treats males and females differently without adequate justification and, therefore, is violative of the Fourteenth Amendment. ","unconstitutional, because it lacks a legitimate purpose and, therefore, is violative of the Fourteenth Amendment. ",C,C,true
Tonsillar tissue is commonly found,on the posterior wall of the oropharynx.,under the mucosa of the ventral surface of the tongue.,between the palatoglossal and palatopharyngeal folds.,at all three sites.,C,C,true
"A 4 pole lap wound dc generator has 4 brushes, if one of the brush is damaged, what will be the change in V, I and P ratings","V, I and P","V/2, I/2 and P/4","V/2, I and P/2","V, I/2 and P/2",D,D,true
What should be done after catheterization is carried out?,The patient should be thanked.,The patient should be advised when to drink.,Document catheterization in the patient's notes.,The patient should be washed.,C,C,true
Write 5.875 as a mixed number or fraction in simplest form.,5 and 8 over 9,5 and 7 over 8,7 over 8,5 and 87 over 105,B,B,true
An element in its ground state,is an element as found in nature,has all of its electrons in the lowest possible energy levels,is an element that is unreactive and found free in nature,has all of its electrons paired,B,B,true
Solve −2k = −34.8.,−69.6,−17.4,69.6,17.4,C,D,false
Why might you choose to use a silicone catheter (as of 2020 medical knowledge)?,Because the patient does not like the others.,Because there are no other kinds of catheter at your disposal.,Because it is cheaper.,Because the patient is allergic to latex.,D,D,true
Consider the following reaction showing photosynthesis: 6CO2(g) + 6H2O(l) → C6H12O6(s) + 6O2(g) DH = + 2800 kJ/mol Which of the following is true regarding the thermal energy in this system?,It is transferred from the reaction to the surroundings.,It is transferred from the reactants to the products.,It is transferred from the products to the reactants.,It is transferred from the surroundings to the reaction.,D,D,true
"The Pentagon has recently released a civil defense plan in the event of nuclear war. According to the Pentagon's study, certain essential citizens would be evacuated once it was determined that a nuclear war was imminent. Essential citizens would include scientists, carpenters, and the young. The study also recommended that certain non-essential citizens such as the elderly, the infirm, and persons in penal institutions not be evacuated since their future contributions would be less important in the rebuilding of the country following a nuclear war. An employee of the Pentagon, was instructed to conduct a public opinion survey regarding the controversial plan. Pentagon officials directed the employee to interview citizens in a door-to- door canvass to determine public opinion for the civil defense plan. After the employee conducted his door-to-door interview canvassing, he was prosecuted for not obtaining prior consent of the citizens he interviewed. The employee's strongest argument is that the prosecution",violates his right to free speech.,violates the intergovernmental immunity of a federal employee.,deprives him of his employment interest without due process.,impairs the obligation of his employment contract.,B,B,true
The best place to listen to the general heart sound with a stethoscope is the,second left intercostal space one inch from the sternum.,third left rib at its junction with the sternum.,sternum midway between the sternal angle and xiphisternum.,fifth left intercostal space in the midclavicular line.,D,D,true
Why do vinegar (a dilute solution of ethanoic acid in water) and vegetable oil (long-chain organic acids esterified with glycerol) not mix to form solutions?,"The attractive forces in vinegar are much stronger than those in vegetable oil, so the liquids always separate into two phases.",Organic compounds rarely dissolve in water.,"Attractive forces in vinegar are mainly hydrogen bonding, while those in vegetable oil are due to instantaneous dipoles.","The unfavorably large endothermic process of ""separating"" the molecules in the two solutes compared with the energy released when the solutes interact makes a solution thermodynamically unfavored.",D,C,false
In which case would the defendant's intoxication defense most likely negate his criminal intent?,"A defendant is charged with raping a victim. At trial, the defendant testifies that he was so inebriated that he was unable to understand that the victim did not consent to his conduct. ","A defendant is charged with assault with intent to commit rape. While on trial, the defendant testified that he was intoxicated to such an extent that he did not remember striking the victim. ","A victim was horseback riding when she was approached by a defendant, who rode up from behind and struck her horse with his riding crop, causing the horse to bolt and throw the victim. On trial for battery, the defendant testifled that he was drunk and only fooling around and did not intend to injure the victim. ","While intoxicated, a defendant wandered into a victim's barn, lit a match, and began looking for some whiskey that he thought was hidden there. Angered at not finding any liquor, the defendant threw the match into a bale of hay, which quickly ignited, thus causing the destruction of the victim's barn. The defendant is charged with arson. ",B,B,true
The ticket prices to a play are $5.00 for teachers and $3.00 for students. How much will it cost for a group of 71 students and 5 teachers to see the play?,$238.00 ,$228.00 ,$370.00 ,$380.00 ,A,A,true
No load saturation characteristics are plotted between,no load voltage and armature current,no load voltage and field current,short circuit current and field current,short circuit current and armature current,B,B,true
"Dissolving one mole of each of the oxoacids HNO2, HClO4, H2CO3, and H3PO4 in 2.0 L of distilled water results in solutions with different pH values. Arrange these acid solutions from the one with the highest pH to the one with the lowest pH.",HNO2 > HClO4 > H2CO3 > H3PO4,H2CO3 > H3PO4 > HNO2 > HClO4,HClO4 > HNO2 > H2CO3 > H3PO4,H2CO3 > HNO2 > HClO4 > H3PO4,B,B,true
"A homeowner purchased a new vacuum cleaner. A few days later, the homeowner received a severe electric shock while using the vacuum cleaner. The homeowner realized that there was a short in the wiring of the vacuum cleaner. The homeowner called the store that sold the vacuum cleaner and arranged to return it for a refund. The homeowner was busy, however, and would not have time to make a trip to the store for several days; so he put the vacuum cleaner in a corner in his living room to store it until he had a chance to take it to the store. The next day, the homeowner had an old friend from out of town arrive for a three-day visit. The homeowner had a spare room and loved to have overnight guests, so he had invited this old friend to come for a visit and was excited to see her. Shortly after the guest's arrival, however, the homeowner had to go to work for a few hours, so he told his friend to make herself comfortable in the house while he went to his office. While the homeowner was away from the house, his friend got hungry and made herself a snack. After finishing the snack, she realized that she had dropped a lot of crumbs on the carpet. Wanting to be a polite guest, she decided to clean up the mess herself before the homeowner returned. She saw the vacuum cleaner in the corner, plugged it in at an electric outlet, and started to vacuum up the crumbs, when she received a very strong electric shock as a result of the vacuum cleaner's faulty wiring. If the guest asserts a claim against the homeowner, the most likely result is that the guest will","recover, because the homeowner had a duty to make a reasonable inspection of the home to discover any unknown dangers. ","not recover, because the homeowner did not create the risk of harm. ","recover, because the homeowner knew about the hazardous condition of the vacuum cleaner and yet failed to warn the guest. ","not recover, under the family purpose doctrine. ",C,C,true
"A privately owned shopping center leases retail store space to private retailers. A group of students from a local high school were distributing pamphlets commemorating a national holiday in the enclosed mall area of a privately owned shopping complex. The management of the shopping complex requested that the students cease distributing the pamphlets or leave the premises. When they refused, the police were summoned to disperse the students. Upon the arrival of the police, the students were removed from the premises. Subsequently, the students brought suit in federal court seeking an injunction that would order the shopping complex management to allow them to distribute the pamphlets within the mall. The students will","not prevail, because pamphleteering on private property is not a constitutionally protected activity. ","prevail, because pamphleteering is a speech- related activity, which is protected by the First and Fourteenth Amendments. ","prevail, because there is not an anti-pamphleteering statute. ","not prevail, because pamphleteering may be prohibited as a public nuisance that invades the privacy interest of persons not wishing such communicative contact. ",A,A,true
"A citizen of a state was arrested and charged under a state statute making it a felony for ""a male to sell or give alcoholic beverages to a female under the age of 14. "" At his trial, the citizen attacked the validity of the state statute on federal constitutional grounds. The court will likely hold the statute to be","constitutional, because under the Twenty First Amendment, a state has exclusive authority to regulate the use and sale of intoxicating liquors. ","constitutional, because the state could reasonably believe that young females need more protection than young males under these circumstances. ","unconstitutional, because it lacks a legitimate purpose and, therefore, is violative of the Fourteenth Amendment. ","unconstitutional, because the law treats males and females differently without adequate justification and, therefore, is violative of the Fourteenth Amendment. ",D,D,true
___________ is a process of wireless traffic analysis that may be helpful for forensic investigations or during troubleshooting any wireless issue.,Wireless Traffic Sniffing,WiFi Traffic Sniffing,Wireless Traffic Checking,Wireless Transmission Sniffing,A,A,true
"A collector had an extensive collection of sports memorabilia, which included baseball cards, autographed bats, balls, and old uniforms. The collector would often attend regional shows where he would display his vast collection and meet with other sports enthusiasts. One day at a sports memorabilia show, the defendant approached the collector with an old baseball glove with what appeared to be an authentic signature of a famous player. Unknown to the collector, the defendant signed the glove himself. The defendant had practiced the distinctive signature of the famous player for several hours before signing the glove with an extremely good likeness of his signature. The collector examined the glove and asked the defendant if the signature was authentic. The defendant replied that he had purchased the glove at an auction and could not vouch for the authenticity of the signature. The collector paid the defendant for the glove. Later, the collector took the glove to a handwriting expert who informed the collector that the signature on the glove was a very skillful fake, but a fake, nonetheless. The defendant is guilty of","false pretenses but not forgery, because the glove is not a document with legalsignificance. ","forgery but not false pretenses, because thedefendant did not vouch for the authenticity ofthe glove. ",neither false pretenses nor forgery.,false pretenses and forgery.,D,A,false
"In 1960, a widower, advancing into old age, realizes that he is no longer able to farm his 1,000 acres; therefore, he decides to sell some of the farmland in parcels of 250 acres. The president of a development company is interested in purchasing three of the parcels. The president buys the three parcels from the widower and begins formulating plans for constructing single-family dwelling units on the land, which is located in an upper-middle-class area of the county. The original deed between thewidower and the development company contains a provision expressly binding ""upon all subsequent grantees, their heirs, and assigns,"" stipulating that any further subdivisions by any such persons shall be restricted to minimum two-acre lots to be used for single-family dwelling units only. In the original deed between the widower and the development company, the stipulation that restricted the size and residential character of any subsequent subdivision of the parcels is an example of a (an)",easement.,affirmative covenant.,covenant for quiet enjoyment.,negative covenant.,D,D,true
What should be done after catheterization is carried out?,The patient should be thanked.,The patient should be advised when to drink.,The patient should be washed.,Document catheterization in the patient's notes.,D,D,true
Write 5.875 as a mixed number or fraction in simplest form.,5 and 8 over 9,7 over 8,5 and 7 over 8,5 and 87 over 105,C,C,true
An element in its ground state,is an element as found in nature,is an element that is unreactive and found free in nature,has all of its electrons in the lowest possible energy levels,has all of its electrons paired,C,C,true
"A food manufacturer entered into a contract to buy all of the seller's bread crumb output. Several months after the contract was signed, the seller dismantled its machinery and stopped making bread crumbs. The buyer sued the seller. The seller testified and proved by expert evidence that it was no longer economically beneficial to produce bread crumbs. Will the court enforce the breach of contract action and award damages to the buyer?","Yes, an output contract must meet its output promises or the breaching party must pay reasonable damages.","Yes, the court will grant damages at least for the first year of operation so that the buyer recoups its initial losses.","No, the fact that the seller proved that it was economically unproductive means that the seller acted in good faith, and there was no further duty under the agreement.","No, the general promise of providing all of a company's output is considered an illusory promise that will not be enforced.",C,C,true
The expression –105 + (–14) + 34 simplifies to which of the following?,–85,–57,–75,143,A,A,true
"A state is concerned with the increase in teenage use of alcohol. In an effort to decrease exposure to alcohol, which poses harmful health risk, the state legislature has enacted a statute to restrict various methods of advertising by alcohol manufacturers. One of the provisions of the law states that advertising of alcohol prices is not permitted except by placement of a sticker on the bottle or container. An alcohol company who was a major distributor of alcohol in the state, claims the advertising restriction violates its constitutional rights protected by the First and Fourteenth Amendments. If the alcohol company files suit challenging the validity of the state statute, the court should rule the statute","constitutional, because the state law is rationally related to the health and safety of the state's citizens. ","constitutional, because the restriction on commercial speech directly advances a substantial government interest. ","unconstitutional, because the regulation on commercial speech is not necessary to further an important government interest. ","unconstitutional, because the state could achieve its objective by a less restrictive means. ",D,D,true
Pharyngeal mucosa is innervated by the glossopharyngeal nerves because it develops from the,third pharyngeal arch.,first pharyngeal arch.,second pharyngeal arch.,fourth pharyngeal arch.,A,A,true
No load saturation characteristics are plotted between,no load voltage and armature current,short circuit current and field current,no load voltage and field current,short circuit current and armature current,C,C,true
"In his will, a jockey devised his home ""to my friend to whom I am everlastingly grateful for the devoted care he has lavished on my horses, but if ever my horses who survive me shall fail to receive proper care, then to my beloved daughter and her heirs, if she be living and own any horses, otherwise to the Equestrian Society. ""In an appropriate action to construe the will, the court will determine the friend's interest to be a",fee simple subject to an executory interest.,fee simple determinable.,fee simple subject to condition subsequent.,contingent remainder.,A,A,true
"A homeowner purchased a new vacuum cleaner. A few days later, the homeowner received a severe electric shock while using the vacuum cleaner. The homeowner realized that there was a short in the wiring of the vacuum cleaner. The homeowner called the store that sold the vacuum cleaner and arranged to return it for a refund. The homeowner was busy, however, and would not have time to make a trip to the store for several days; so he put the vacuum cleaner in a corner in his living room to store it until he had a chance to take it to the store. The next day, the homeowner had an old friend from out of town arrive for a three-day visit. The homeowner had a spare room and loved to have overnight guests, so he had invited this old friend to come for a visit and was excited to see her. Shortly after the guest's arrival, however, the homeowner had to go to work for a few hours, so he told his friend to make herself comfortable in the house while he went to his office. While the homeowner was away from the house, his friend got hungry and made herself a snack. After finishing the snack, she realized that she had dropped a lot of crumbs on the carpet. Wanting to be a polite guest, she decided to clean up the mess herself before the homeowner returned. She saw the vacuum cleaner in the corner, plugged it in at an electric outlet, and started to vacuum up the crumbs, when she received a very strong electric shock as a result of the vacuum cleaner's faulty wiring. If the guest asserts a claim against the homeowner, the most likely result is that the guest will","recover, because the homeowner had a duty to make a reasonable inspection of the home to discover any unknown dangers. ","not recover, because the homeowner did not create the risk of harm. ","not recover, under the family purpose doctrine. ","recover, because the homeowner knew about the hazardous condition of the vacuum cleaner and yet failed to warn the guest. ",D,D,true
When checked with an ohm meter an open resistor reads,infinite.,high but within tolerance.,low but not zero.,zero.,A,A,true
The ticket prices to a play are $5.00 for teachers and $3.00 for students. How much will it cost for a group of 71 students and 5 teachers to see the play?,$228.00 ,$238.00 ,$370.00 ,$380.00 ,B,B,true
Solve −2k = −34.8.,−69.6,−17.4,17.4,69.6,D,C,false
"The Pentagon has recently released a civil defense plan in the event of nuclear war. According to the Pentagon's study, certain essential citizens would be evacuated once it was determined that a nuclear war was imminent. Essential citizens would include scientists, carpenters, and the young. The study also recommended that certain non-essential citizens such as the elderly, the infirm, and persons in penal institutions not be evacuated since their future contributions would be less important in the rebuilding of the country following a nuclear war. An employee of the Pentagon, was instructed to conduct a public opinion survey regarding the controversial plan. Pentagon officials directed the employee to interview citizens in a door-to- door canvass to determine public opinion for the civil defense plan. After the employee conducted his door-to-door interview canvassing, he was prosecuted for not obtaining prior consent of the citizens he interviewed. The employee's strongest argument is that the prosecution",violates his right to free speech.,deprives him of his employment interest without due process.,violates the intergovernmental immunity of a federal employee.,impairs the obligation of his employment contract.,C,C,true
"A man works as an engineer in a small building. He uses a candle to meditate when he is stressed on the job, which then calms him down. He has been mulling an idea in his mind to take a lot of money from his employer using his computer skills, and he has worked out a general plan in his mind. Once he obtains the money, he thinks it might be good to let a candle drop and have the whole building burn down. While he is out at lunch, the janitorial staff came through his office. While cleaning the area, one person lit a candle on the man's desk. When they left, he forgot to blow it out. They slammed the door on the way out, causing the lit candle to fall. It started a fire that burned the building down. What crime, if any, is the man most likely to be convicted of?","No crime, because he only had ideas in his mind and leaving the candle on his desk where he used it for meditation cannot be a substantial act toward committing a crime.","Attempted arson, because he took steps to have a candle there to finish the criminal act, but someone else ended up causing an accidental fire that he did not cause.","Arson, because he took a substantial act by having the candle on his desk, and the crime was finished by the foreseeable act of a janitor lighting it and causing a fire.",Attempted arson and attempted murder. Attempted arson because he took a substantial step to committing arson.,A,A,true
In which case would the defendant's intoxication defense most likely negate his criminal intent?,"A defendant is charged with raping a victim. At trial, the defendant testifies that he was so inebriated that he was unable to understand that the victim did not consent to his conduct. ","A victim was horseback riding when she was approached by a defendant, who rode up from behind and struck her horse with his riding crop, causing the horse to bolt and throw the victim. On trial for battery, the defendant testifled that he was drunk and only fooling around and did not intend to injure the victim. ","A defendant is charged with assault with intent to commit rape. While on trial, the defendant testified that he was intoxicated to such an extent that he did not remember striking the victim. ","While intoxicated, a defendant wandered into a victim's barn, lit a match, and began looking for some whiskey that he thought was hidden there. Angered at not finding any liquor, the defendant threw the match into a bale of hay, which quickly ignited, thus causing the destruction of the victim's barn. The defendant is charged with arson. ",C,C,true
"Many years ago, a nuclear power plant had been accused of poisoning local oyster beds with waste. The plant had been shut down for 10 years. Much to Darlene's chagrin, officials at the plant had announced plans to reopen the plant. Darlene, who was a waitress at a local restaurant, devised a scheme whereby she would contaminate oysters at her restaurant with small amounts of a poisonous substance. Although she didn't want to seriously injure anyone, Darlene believed that if some people got sick from eating the oysters, they would attribute their illness to nuclear waste from the power plant. To facilitate her plan, she stole some poison from a local pharmacy. She sprinkled it on some oysters at the restaurant where she worked. Mistakenly, she put too much of the poison on some of the oysters. A few of the customers who ate the oysters became sick and nauseated. One person suffered convulsions and died from the poisoning. A statute in the jurisdiction provides: ""Any intentional and premeditated killing, or one occurring during the perpetration of a felony, is murder in the first degree. Murder in the second degree is murder with intent to cause serious bodily harm. Manslaughter is an unlawful killing due to recklessness. ""Assault with intent to kill or to cause serious physical injury is a felony in the jurisdiction. There are no separate felonies relating to adulterating food or poisoning. The most serious crime for which Darlene can properly be convicted is","manslaughter, because her conduct was reckless. ","first-degree murder, because her acts were intentional and premeditated. ","first-degree murder, because the death occurred during the commission of a felony. ","second-degree murder, because of the intent to cause physical harm. ",A,A,true
What is erythema?,Redness of the skin due to congestion of the capillaries.,Inflammation of the sweat glands.,A form of skin infection.,Redness of the skin caused by pressure.,A,A,true
What is penetration testing?,Whole-system testing for security flaws and bugs,A procedure for testing libraries or other program components for vulnerabilities,A security-minded form of unit testing that applies early in the development process,All of the above,A,A,true
"A privately owned shopping center leases retail store space to private retailers. A group of students from a local high school were distributing pamphlets commemorating a national holiday in the enclosed mall area of a privately owned shopping complex. The management of the shopping complex requested that the students cease distributing the pamphlets or leave the premises. When they refused, the police were summoned to disperse the students. Upon the arrival of the police, the students were removed from the premises. Subsequently, the students brought suit in federal court seeking an injunction that would order the shopping complex management to allow them to distribute the pamphlets within the mall. The students will","prevail, because pamphleteering is a speech- related activity, which is protected by the First and Fourteenth Amendments. ","not prevail, because pamphleteering on private property is not a constitutionally protected activity. ","prevail, because there is not an anti-pamphleteering statute. ","not prevail, because pamphleteering may be prohibited as a public nuisance that invades the privacy interest of persons not wishing such communicative contact. ",B,B,true
Write 5.875 as a mixed number or fraction in simplest form.,5 and 8 over 9,7 over 8,5 and 87 over 105,5 and 7 over 8,D,D,true
An element in its ground state,is an element as found in nature,is an element that is unreactive and found free in nature,has all of its electrons paired,has all of its electrons in the lowest possible energy levels,D,D,true
The expression –105 + (–14) + 34 simplifies to which of the following?,–57,–85,–75,143,B,B,true
No load saturation characteristics are plotted between,no load voltage and armature current,short circuit current and field current,short circuit current and armature current,no load voltage and field current,D,D,true
Tonsillar tissue is commonly found,on the posterior wall of the oropharynx.,under the mucosa of the ventral surface of the tongue.,at all three sites.,between the palatoglossal and palatopharyngeal folds.,D,D,true
Pharyngeal mucosa is innervated by the glossopharyngeal nerves because it develops from the,first pharyngeal arch.,third pharyngeal arch.,second pharyngeal arch.,fourth pharyngeal arch.,B,B,true
"A collector told a local coin dealer that he wished to purchase an 1804 silver dollar. The coin dealer told the collector that he would locate one of these rare coins and the cost would be approximately $40,000 plus a commission. The coin dealer successfully located and arranged for the purchase of the 1804 silver dollar. After the collector purchased the coin, a disagreement arose as to the amount of commission. The coin dealer brought suit, claiming that the agreed-upon amount was 15%. The collector contends that they agreed upon 12%. At trial, the coin dealer introduces photocopies of company records showing that in all his previous dealings with the collector, and all other customers as well, he charged a 15% commission when asked to locate rare coins. The court should find that the offer of this evidence is","admissible, under the business records exception. ",admissible as past recollection recorded.,inadmissible as a violation of the best evidence rule.,inadmissible as hearsay not within any recognized exception.,A,A,true
"A food manufacturer entered into a contract to buy all of the seller's bread crumb output. Several months after the contract was signed, the seller dismantled its machinery and stopped making bread crumbs. The buyer sued the seller. The seller testified and proved by expert evidence that it was no longer economically beneficial to produce bread crumbs. Will the court enforce the breach of contract action and award damages to the buyer?","Yes, an output contract must meet its output promises or the breaching party must pay reasonable damages.","Yes, the court will grant damages at least for the first year of operation so that the buyer recoups its initial losses.","No, the general promise of providing all of a company's output is considered an illusory promise that will not be enforced.","No, the fact that the seller proved that it was economically unproductive means that the seller acted in good faith, and there was no further duty under the agreement.",D,D,true
When checked with an ohm meter an open resistor reads,high but within tolerance.,infinite.,low but not zero.,zero.,B,B,true
Which expression is equivalent to (5 + 2) x 8?,(8 x 5) + (8 x 2),(5 x 8) + (5x 2),8 x (5x2),(5x8)x2,A,A,true
"A woman lived in a town that has an ordinance that prohibits littering. While the woman was taking a stroll one morning, she passed a man who was standing on the sidewalk and eating a doughnut. As he finished the doughnut, the man wiped his mouth with a paper napkin. He then wadded up the napkin into a small ball and dropped it on the sidewalk. Seeing this, the woman stopped and admonished the man for throwing his trash on the ground. She told him about the town ordinance that prohibits littering and said that a police officer could give him a citation that would require him to pay a fine. The man was very insulted and annoyed to be lectured like this. If the man institutes a civil action against the woman, the man will most likely","not recover, because the woman's conduct was customary and reasonable under the circumstances. ",recover for battery.,recover for negligence.,"not recover, because the fact that an ordinance prohibited the man's conduct would preclude recovery as a matter of law. ",A,A,true
What is erythema?,Inflammation of the sweat glands.,Redness of the skin due to congestion of the capillaries.,A form of skin infection.,Redness of the skin caused by pressure.,B,B,true
"A man works as an engineer in a small building. He uses a candle to meditate when he is stressed on the job, which then calms him down. He has been mulling an idea in his mind to take a lot of money from his employer using his computer skills, and he has worked out a general plan in his mind. Once he obtains the money, he thinks it might be good to let a candle drop and have the whole building burn down. While he is out at lunch, the janitorial staff came through his office. While cleaning the area, one person lit a candle on the man's desk. When they left, he forgot to blow it out. They slammed the door on the way out, causing the lit candle to fall. It started a fire that burned the building down. What crime, if any, is the man most likely to be convicted of?","Attempted arson, because he took steps to have a candle there to finish the criminal act, but someone else ended up causing an accidental fire that he did not cause.","No crime, because he only had ideas in his mind and leaving the candle on his desk where he used it for meditation cannot be a substantial act toward committing a crime.","Arson, because he took a substantial act by having the candle on his desk, and the crime was finished by the foreseeable act of a janitor lighting it and causing a fire.",Attempted arson and attempted murder. Attempted arson because he took a substantial step to committing arson.,B,B,true
The ticket prices to a play are $5.00 for teachers and $3.00 for students. How much will it cost for a group of 71 students and 5 teachers to see the play?,$228.00 ,$370.00 ,$238.00 ,$380.00 ,C,C,true
"Many years ago, a nuclear power plant had been accused of poisoning local oyster beds with waste. The plant had been shut down for 10 years. Much to Darlene's chagrin, officials at the plant had announced plans to reopen the plant. Darlene, who was a waitress at a local restaurant, devised a scheme whereby she would contaminate oysters at her restaurant with small amounts of a poisonous substance. Although she didn't want to seriously injure anyone, Darlene believed that if some people got sick from eating the oysters, they would attribute their illness to nuclear waste from the power plant. To facilitate her plan, she stole some poison from a local pharmacy. She sprinkled it on some oysters at the restaurant where she worked. Mistakenly, she put too much of the poison on some of the oysters. A few of the customers who ate the oysters became sick and nauseated. One person suffered convulsions and died from the poisoning. A statute in the jurisdiction provides: ""Any intentional and premeditated killing, or one occurring during the perpetration of a felony, is murder in the first degree. Murder in the second degree is murder with intent to cause serious bodily harm. Manslaughter is an unlawful killing due to recklessness. ""Assault with intent to kill or to cause serious physical injury is a felony in the jurisdiction. There are no separate felonies relating to adulterating food or poisoning. The most serious crime for which Darlene can properly be convicted is","first-degree murder, because her acts were intentional and premeditated. ","manslaughter, because her conduct was reckless. ","first-degree murder, because the death occurred during the commission of a felony. ","second-degree murder, because of the intent to cause physical harm. ",B,B,true
"A privately owned shopping center leases retail store space to private retailers. A group of students from a local high school were distributing pamphlets commemorating a national holiday in the enclosed mall area of a privately owned shopping complex. The management of the shopping complex requested that the students cease distributing the pamphlets or leave the premises. When they refused, the police were summoned to disperse the students. Upon the arrival of the police, the students were removed from the premises. Subsequently, the students brought suit in federal court seeking an injunction that would order the shopping complex management to allow them to distribute the pamphlets within the mall. The students will","prevail, because pamphleteering is a speech- related activity, which is protected by the First and Fourteenth Amendments. ","prevail, because there is not an anti-pamphleteering statute. ","not prevail, because pamphleteering on private property is not a constitutionally protected activity. ","not prevail, because pamphleteering may be prohibited as a public nuisance that invades the privacy interest of persons not wishing such communicative contact. ",C,C,true
What is penetration testing?,A procedure for testing libraries or other program components for vulnerabilities,Whole-system testing for security flaws and bugs,A security-minded form of unit testing that applies early in the development process,All of the above,B,B,true
"The Pentagon has recently released a civil defense plan in the event of nuclear war. According to the Pentagon's study, certain essential citizens would be evacuated once it was determined that a nuclear war was imminent. Essential citizens would include scientists, carpenters, and the young. The study also recommended that certain non-essential citizens such as the elderly, the infirm, and persons in penal institutions not be evacuated since their future contributions would be less important in the rebuilding of the country following a nuclear war. An employee of the Pentagon, was instructed to conduct a public opinion survey regarding the controversial plan. Pentagon officials directed the employee to interview citizens in a door-to- door canvass to determine public opinion for the civil defense plan. After the employee conducted his door-to-door interview canvassing, he was prosecuted for not obtaining prior consent of the citizens he interviewed. The employee's strongest argument is that the prosecution",violates his right to free speech.,deprives him of his employment interest without due process.,impairs the obligation of his employment contract.,violates the intergovernmental immunity of a federal employee.,D,D,true
In which case would the defendant's intoxication defense most likely negate his criminal intent?,"A defendant is charged with raping a victim. At trial, the defendant testifies that he was so inebriated that he was unable to understand that the victim did not consent to his conduct. ","A victim was horseback riding when she was approached by a defendant, who rode up from behind and struck her horse with his riding crop, causing the horse to bolt and throw the victim. On trial for battery, the defendant testifled that he was drunk and only fooling around and did not intend to injure the victim. ","While intoxicated, a defendant wandered into a victim's barn, lit a match, and began looking for some whiskey that he thought was hidden there. Angered at not finding any liquor, the defendant threw the match into a bale of hay, which quickly ignited, thus causing the destruction of the victim's barn. The defendant is charged with arson. ","A defendant is charged with assault with intent to commit rape. While on trial, the defendant testified that he was intoxicated to such an extent that he did not remember striking the victim. ",D,D,true
"When a buyer and a seller executed a valid contract for the sale of a house, the buyer gave the seller $1,000 as earnest money. The contract noted that the earnest money tendered would be applied to the purchase price at the time of sale but was silent as to remedies in the event of any default. Just before the closing, the buyer lost her job. The buyer told the seller that she could no longer purchase the house and asked him to return the earnest money. The seller accurately told the buyer that the seller's actual losses exceeded the amount of the earnest money; that if the seller sued the buyer for damages, he would receive a minimum of $5,000; and that it would be difficult for him to sell the house in the current market. Should the buyer get the earnest money back? ","No, because the seller's actual losses exceeded the amount of the earnest money.","No, because the contract was silent regarding remedies.","Yes, because the buyer is no longer ready, willing, and able to purchase the house.","Yes, because the reason for the buyer's default was not anticipated.",A,A,true
"A woman borrowed $800,000 from a bank and gave the bank a note for that amount secured by a mortgage on her farm. Several years later, at a time when the woman still owed the bank $750,000 on the mortgage loan, she sold the farm to a man for $900,000. The man paid the woman $150,000 in cash and specifically assumed the mortgage note. The bank received notice of this transaction and elected not to exer-cise the optional due-on-sale clause in the mortgage. Without informing the man, the bank later released the woman from any further personal liability on the note. After he had owned the farm for a number of years, the man defaulted on the loan. The bank properly accelerated the loan, and the farm was eventually sold at a foreclosure sale for $500,000. Because there was still $600,000 owing on the note, the bank sued the man for the $100,000 deficiency. Is the man liable to the bank for the deficiency?","Yes, because the manÕs personal liability on the note was not affected by the bankÕs release of the woman.","No, because the woman would have still been primarily liable for payment, but the bank had released her from personal liability.","No, because the bankÕs release of the woman from per-sonal liability also released the man.","Yes, because the bankÕs release of the woman consti-tuted a clogging of the equity of redemption.",A,A,true
"Dissolving one mole of each of the oxoacids HNO2, HClO4, H2CO3, and H3PO4 in 2.0 L of distilled water results in solutions with different pH values. Arrange these acid solutions from the one with the highest pH to the one with the lowest pH.",HNO2 > HClO4 > H2CO3 > H3PO4,HClO4 > HNO2 > H2CO3 > H3PO4,H2CO3 > H3PO4 > HNO2 > HClO4,H2CO3 > HNO2 > HClO4 > H3PO4,C,C,true
Pharyngeal mucosa is innervated by the glossopharyngeal nerves because it develops from the,first pharyngeal arch.,second pharyngeal arch.,third pharyngeal arch.,fourth pharyngeal arch.,C,C,true
When checked with an ohm meter an open resistor reads,high but within tolerance.,low but not zero.,infinite.,zero.,C,C,true
A hash function guarantees the integrity of a message. It guarantees that the message has not be,Changed,Replaced,Overview,Violated,A,A,true
"A collector told a local coin dealer that he wished to purchase an 1804 silver dollar. The coin dealer told the collector that he would locate one of these rare coins and the cost would be approximately $40,000 plus a commission. The coin dealer successfully located and arranged for the purchase of the 1804 silver dollar. After the collector purchased the coin, a disagreement arose as to the amount of commission. The coin dealer brought suit, claiming that the agreed-upon amount was 15%. The collector contends that they agreed upon 12%. At trial, the coin dealer introduces photocopies of company records showing that in all his previous dealings with the collector, and all other customers as well, he charged a 15% commission when asked to locate rare coins. The court should find that the offer of this evidence is",admissible as past recollection recorded.,"admissible, under the business records exception. ",inadmissible as a violation of the best evidence rule.,inadmissible as hearsay not within any recognized exception.,B,B,true
"A man works as an engineer in a small building. He uses a candle to meditate when he is stressed on the job, which then calms him down. He has been mulling an idea in his mind to take a lot of money from his employer using his computer skills, and he has worked out a general plan in his mind. Once he obtains the money, he thinks it might be good to let a candle drop and have the whole building burn down. While he is out at lunch, the janitorial staff came through his office. While cleaning the area, one person lit a candle on the man's desk. When they left, he forgot to blow it out. They slammed the door on the way out, causing the lit candle to fall. It started a fire that burned the building down. What crime, if any, is the man most likely to be convicted of?","Attempted arson, because he took steps to have a candle there to finish the criminal act, but someone else ended up causing an accidental fire that he did not cause.","Arson, because he took a substantial act by having the candle on his desk, and the crime was finished by the foreseeable act of a janitor lighting it and causing a fire.","No crime, because he only had ideas in his mind and leaving the candle on his desk where he used it for meditation cannot be a substantial act toward committing a crime.",Attempted arson and attempted murder. Attempted arson because he took a substantial step to committing arson.,C,C,true
"A woman lived in a town that has an ordinance that prohibits littering. While the woman was taking a stroll one morning, she passed a man who was standing on the sidewalk and eating a doughnut. As he finished the doughnut, the man wiped his mouth with a paper napkin. He then wadded up the napkin into a small ball and dropped it on the sidewalk. Seeing this, the woman stopped and admonished the man for throwing his trash on the ground. She told him about the town ordinance that prohibits littering and said that a police officer could give him a citation that would require him to pay a fine. The man was very insulted and annoyed to be lectured like this. If the man institutes a civil action against the woman, the man will most likely",recover for battery.,"not recover, because the woman's conduct was customary and reasonable under the circumstances. ",recover for negligence.,"not recover, because the fact that an ordinance prohibited the man's conduct would preclude recovery as a matter of law. ",B,B,true
What is erythema?,Inflammation of the sweat glands.,A form of skin infection.,Redness of the skin due to congestion of the capillaries.,Redness of the skin caused by pressure.,C,C,true
Which one of the following is brought about by activation of sympathetic nerves?,Dilation of the pupil of the eye.,Contraction of bronchial smooth muscle.,Increase in intestinal secretion,Decrease in heart rate,A,A,true
"Aman had just won $14,000,000 in the lottery. To celebrate his good fortune, the man took a group of friends to a bar for some drinks. At the bar, the man ordered a round of drinks for everyone. As the man knew, these specific drinks that he ordered were highly intoxicating. A few minutes after finishing his drink, the man stood up to go to the bathroom. As he did so, he became very woozy, lost his balance and fell onto a table. The table flipped over and knocked the customer sitting there backward off his chair. The customer's head struck the floor with such force that he suffered a concussion. Thereafter, the man was charged with the crime of reckless endangerment, which is defined in this jurisdiction as ""reckless conduct causing physical injury to another. "" At his trial, the man called the bartender who served the drinks on the day in question to testif'. The bartender testified that the drinks she served the man and his friends were 95% alcohol. At the close of the bartender's testimony, the state objected and moved to strike her testimony. The trial judge sustained the motion. Was the trial judge correct in excluding the bartender's testimony?","Yes, because the man's intoxication was voluntary. ","Yes, because reckless endangerment is a general intent crime. ","No, because the testimony was evidence that the man did not possess the requisite mens rea. ","No, because the testimony was evidence that the man's conduct was not voluntary. ",A,A,true
Which expression is equivalent to (5 + 2) x 8?,(5 x 8) + (5x 2),(8 x 5) + (8 x 2),8 x (5x2),(5x8)x2,B,B,true
"In his will, a jockey devised his home ""to my friend to whom I am everlastingly grateful for the devoted care he has lavished on my horses, but if ever my horses who survive me shall fail to receive proper care, then to my beloved daughter and her heirs, if she be living and own any horses, otherwise to the Equestrian Society. ""In an appropriate action to construe the will, the court will determine the friend's interest to be a",fee simple determinable.,fee simple subject to an executory interest.,fee simple subject to condition subsequent.,contingent remainder.,B,B,true
"A privately owned shopping center leases retail store space to private retailers. A group of students from a local high school were distributing pamphlets commemorating a national holiday in the enclosed mall area of a privately owned shopping complex. The management of the shopping complex requested that the students cease distributing the pamphlets or leave the premises. When they refused, the police were summoned to disperse the students. Upon the arrival of the police, the students were removed from the premises. Subsequently, the students brought suit in federal court seeking an injunction that would order the shopping complex management to allow them to distribute the pamphlets within the mall. The students will","prevail, because pamphleteering is a speech- related activity, which is protected by the First and Fourteenth Amendments. ","prevail, because there is not an anti-pamphleteering statute. ","not prevail, because pamphleteering may be prohibited as a public nuisance that invades the privacy interest of persons not wishing such communicative contact. ","not prevail, because pamphleteering on private property is not a constitutionally protected activity. ",D,D,true
"Four hours into a defendant's assault trial, the lawyers gathered in the judge's chambers to discuss an evidentiary issue. While there, the judge received a phone call from his wife telling him that her mother had suddenly died. Without asking the lawyers what they wanted to do, the judge brought the lawyers back into the courtroom, declared a mistrial, excused the jury, and rushed home to his wife. A new jury was impaneled the next day before a second judge. The defendant has objected to the second trial on double jeopardy grounds. Would the second trial violate the prohibition against double jeopardy? against double jeopardy? ","Yes, because there was no manifest necessity for a mistrial.","No, because the first judge acted in good faith in declaring a mistrial.","No, because the first trial did not produce a verdict.","Yes, because the second judge's evidentiary rulings might be inconsistent with those of the first judge.",A,A,true
The expression –105 + (–14) + 34 simplifies to which of the following?,–57,–75,–85,143,C,C,true
___________ is a process of wireless traffic analysis that may be helpful for forensic investigations or during troubleshooting any wireless issue.,WiFi Traffic Sniffing,Wireless Traffic Sniffing,Wireless Traffic Checking,Wireless Transmission Sniffing,B,A,false
Pharyngeal mucosa is innervated by the glossopharyngeal nerves because it develops from the,first pharyngeal arch.,second pharyngeal arch.,fourth pharyngeal arch.,third pharyngeal arch.,D,D,true
What is penetration testing?,A procedure for testing libraries or other program components for vulnerabilities,A security-minded form of unit testing that applies early in the development process,Whole-system testing for security flaws and bugs,All of the above,C,C,true
What is erythema?,Inflammation of the sweat glands.,A form of skin infection.,Redness of the skin caused by pressure.,Redness of the skin due to congestion of the capillaries.,D,D,true
A hash function guarantees the integrity of a message. It guarantees that the message has not be,Replaced,Changed,Overview,Violated,B,B,true
When checked with an ohm meter an open resistor reads,high but within tolerance.,low but not zero.,zero.,infinite.,D,D,true
"A woman borrowed $800,000 from a bank and gave the bank a note for that amount secured by a mortgage on her farm. Several years later, at a time when the woman still owed the bank $750,000 on the mortgage loan, she sold the farm to a man for $900,000. The man paid the woman $150,000 in cash and specifically assumed the mortgage note. The bank received notice of this transaction and elected not to exer-cise the optional due-on-sale clause in the mortgage. Without informing the man, the bank later released the woman from any further personal liability on the note. After he had owned the farm for a number of years, the man defaulted on the loan. The bank properly accelerated the loan, and the farm was eventually sold at a foreclosure sale for $500,000. Because there was still $600,000 owing on the note, the bank sued the man for the $100,000 deficiency. Is the man liable to the bank for the deficiency?","No, because the woman would have still been primarily liable for payment, but the bank had released her from personal liability.","Yes, because the manÕs personal liability on the note was not affected by the bankÕs release of the woman.","No, because the bankÕs release of the woman from per-sonal liability also released the man.","Yes, because the bankÕs release of the woman consti-tuted a clogging of the equity of redemption.",B,B,true
"Many years ago, a nuclear power plant had been accused of poisoning local oyster beds with waste. The plant had been shut down for 10 years. Much to Darlene's chagrin, officials at the plant had announced plans to reopen the plant. Darlene, who was a waitress at a local restaurant, devised a scheme whereby she would contaminate oysters at her restaurant with small amounts of a poisonous substance. Although she didn't want to seriously injure anyone, Darlene believed that if some people got sick from eating the oysters, they would attribute their illness to nuclear waste from the power plant. To facilitate her plan, she stole some poison from a local pharmacy. She sprinkled it on some oysters at the restaurant where she worked. Mistakenly, she put too much of the poison on some of the oysters. A few of the customers who ate the oysters became sick and nauseated. One person suffered convulsions and died from the poisoning. A statute in the jurisdiction provides: ""Any intentional and premeditated killing, or one occurring during the perpetration of a felony, is murder in the first degree. Murder in the second degree is murder with intent to cause serious bodily harm. Manslaughter is an unlawful killing due to recklessness. ""Assault with intent to kill or to cause serious physical injury is a felony in the jurisdiction. There are no separate felonies relating to adulterating food or poisoning. The most serious crime for which Darlene can properly be convicted is","first-degree murder, because her acts were intentional and premeditated. ","first-degree murder, because the death occurred during the commission of a felony. ","manslaughter, because her conduct was reckless. ","second-degree murder, because of the intent to cause physical harm. ",C,C,true
Which one of the following is brought about by activation of sympathetic nerves?,Contraction of bronchial smooth muscle.,Dilation of the pupil of the eye.,Increase in intestinal secretion,Decrease in heart rate,B,B,true
"A man works as an engineer in a small building. He uses a candle to meditate when he is stressed on the job, which then calms him down. He has been mulling an idea in his mind to take a lot of money from his employer using his computer skills, and he has worked out a general plan in his mind. Once he obtains the money, he thinks it might be good to let a candle drop and have the whole building burn down. While he is out at lunch, the janitorial staff came through his office. While cleaning the area, one person lit a candle on the man's desk. When they left, he forgot to blow it out. They slammed the door on the way out, causing the lit candle to fall. It started a fire that burned the building down. What crime, if any, is the man most likely to be convicted of?","Attempted arson, because he took steps to have a candle there to finish the criminal act, but someone else ended up causing an accidental fire that he did not cause.","Arson, because he took a substantial act by having the candle on his desk, and the crime was finished by the foreseeable act of a janitor lighting it and causing a fire.",Attempted arson and attempted murder. Attempted arson because he took a substantial step to committing arson.,"No crime, because he only had ideas in his mind and leaving the candle on his desk where he used it for meditation cannot be a substantial act toward committing a crime.",D,D,true
"A woman lived in a town that has an ordinance that prohibits littering. While the woman was taking a stroll one morning, she passed a man who was standing on the sidewalk and eating a doughnut. As he finished the doughnut, the man wiped his mouth with a paper napkin. He then wadded up the napkin into a small ball and dropped it on the sidewalk. Seeing this, the woman stopped and admonished the man for throwing his trash on the ground. She told him about the town ordinance that prohibits littering and said that a police officer could give him a citation that would require him to pay a fine. The man was very insulted and annoyed to be lectured like this. If the man institutes a civil action against the woman, the man will most likely",recover for battery.,recover for negligence.,"not recover, because the woman's conduct was customary and reasonable under the circumstances. ","not recover, because the fact that an ordinance prohibited the man's conduct would preclude recovery as a matter of law. ",C,C,true
"A collector told a local coin dealer that he wished to purchase an 1804 silver dollar. The coin dealer told the collector that he would locate one of these rare coins and the cost would be approximately $40,000 plus a commission. The coin dealer successfully located and arranged for the purchase of the 1804 silver dollar. After the collector purchased the coin, a disagreement arose as to the amount of commission. The coin dealer brought suit, claiming that the agreed-upon amount was 15%. The collector contends that they agreed upon 12%. At trial, the coin dealer introduces photocopies of company records showing that in all his previous dealings with the collector, and all other customers as well, he charged a 15% commission when asked to locate rare coins. The court should find that the offer of this evidence is",admissible as past recollection recorded.,inadmissible as a violation of the best evidence rule.,"admissible, under the business records exception. ",inadmissible as hearsay not within any recognized exception.,C,C,true
"Four hours into a defendant's assault trial, the lawyers gathered in the judge's chambers to discuss an evidentiary issue. While there, the judge received a phone call from his wife telling him that her mother had suddenly died. Without asking the lawyers what they wanted to do, the judge brought the lawyers back into the courtroom, declared a mistrial, excused the jury, and rushed home to his wife. A new jury was impaneled the next day before a second judge. The defendant has objected to the second trial on double jeopardy grounds. Would the second trial violate the prohibition against double jeopardy? against double jeopardy? ","No, because the first judge acted in good faith in declaring a mistrial.","Yes, because there was no manifest necessity for a mistrial.","No, because the first trial did not produce a verdict.","Yes, because the second judge's evidentiary rulings might be inconsistent with those of the first judge.",B,B,true
"A defendant in an automobile accident case is being sued by the estate of the driver of the other car. At trial, the defendant calls an eyewitness to the collision. The eyewitness testifies that after the crash, he immediately ran to the other driver's car to try to render assistance. The eyewitness observed the other driver covered with blood from the top of his head down to his toes. He was moaning, gasping, and crying out, ""I did not see the other car coming!"" The other driver died 10 minutes later. The estate's attorney objects to the eyewitness's testimony. The trial judge should rule that his testimony is",admissible as a dying declaration.,admissible as a declaration against interest.,inadmissible as hearsay not within any recognized exception.,"inadmissible, because this testimony cannot be admitted in civil cases. ",A,A,true
Which expression is equivalent to (5 + 2) x 8?,(5 x 8) + (5x 2),8 x (5x2),(8 x 5) + (8 x 2),(5x8)x2,C,C,true
"In his will, a jockey devised his home ""to my friend to whom I am everlastingly grateful for the devoted care he has lavished on my horses, but if ever my horses who survive me shall fail to receive proper care, then to my beloved daughter and her heirs, if she be living and own any horses, otherwise to the Equestrian Society. ""In an appropriate action to construe the will, the court will determine the friend's interest to be a",fee simple determinable.,fee simple subject to condition subsequent.,fee simple subject to an executory interest.,contingent remainder.,C,C,true
The expression –105 + (–14) + 34 simplifies to which of the following?,–57,–75,143,–85,D,D,true
A hash function guarantees the integrity of a message. It guarantees that the message has not be,Replaced,Overview,Changed,Violated,C,C,true
"The United States and Mexico entered into a tax treaty that provided that neither country would impose income taxes on citizens of the other nation. The treaty was ratified by the Senate. Recently, the President, angry over Mexico's perceived failure to abide by the terms of the treaty, has decided that the United States would not honor any of the terms of the treaty. The President then ordered the Internal Revenue Service to begin collecting income taxes from Mexican citizens residing in the United States in the same manner that it collects taxes from other residents of this country. A Mexican citizen and resident of the United States sues in an appropriate federal court, seeking a declaratory judgment that the treaty with Mexico remains valid and effective. Therefore, he contends that the Internal Revenue Service may not collect U. S. income taxes from him. Which of the following is the strongest constitutional grounds for the federal court to refuse to decide the suit on its merits?",The case presents a nonjusticiable political question.,The citizen has no standing to bring his suit.,The case is moot because the President has already taken definitive action with respect to the effectiveness of this treaty.,"The citizen is not entitled to a federal adjudication of this case because as a resident alien, he is not protected by the privileges or immunities clause of the Fourteenth Amendment. ",A,A,true
"A husband and a wife were chronic alcoholics. One afternoon, the husband drank a fifth of bourbon and was drunk when his wife returned home from work. When the wife saw her husband's condition, she got very angry because they had planned to go out to dinner and celebrate their wedding anniversary. While the husband was passed out on the living room couch, the wife decided to fix herself a martini. After drinking two martinis, the wife became extremely inebriated. A short while later, the wife began preparing a third martini and tried to slice a lemon for the drink. As she did so, the knife slipped, and she cut her hand severely. With blood gushing from the wound, the wife called her husband to help her. He awoke momentarily, stood up, but fell back on the couch and passed out. He failed to render any assistance, and the wife bled to death. If the husband is subsequently charged with manslaughter, he will be found","not guilty, because he was physically unable to assist her. ","guilty, because he owed his wife a duty to assist her. ","guilty, because criminal negligent conduct cannot be negated by voluntary intoxication. ","not guilty, because the wife caused her own injury. ",A,A,true
"When a buyer and a seller executed a valid contract for the sale of a house, the buyer gave the seller $1,000 as earnest money. The contract noted that the earnest money tendered would be applied to the purchase price at the time of sale but was silent as to remedies in the event of any default. Just before the closing, the buyer lost her job. The buyer told the seller that she could no longer purchase the house and asked him to return the earnest money. The seller accurately told the buyer that the seller's actual losses exceeded the amount of the earnest money; that if the seller sued the buyer for damages, he would receive a minimum of $5,000; and that it would be difficult for him to sell the house in the current market. Should the buyer get the earnest money back? ","No, because the contract was silent regarding remedies.","No, because the seller's actual losses exceeded the amount of the earnest money.","Yes, because the buyer is no longer ready, willing, and able to purchase the house.","Yes, because the reason for the buyer's default was not anticipated.",B,B,true
The ticket prices to a play are $5.00 for teachers and $3.00 for students. How much will it cost for a group of 71 students and 5 teachers to see the play?,$228.00 ,$370.00 ,$380.00 ,$238.00 ,D,D,true
What is penetration testing?,A procedure for testing libraries or other program components for vulnerabilities,A security-minded form of unit testing that applies early in the development process,All of the above,Whole-system testing for security flaws and bugs,D,D,true
"Dissolving one mole of each of the oxoacids HNO2, HClO4, H2CO3, and H3PO4 in 2.0 L of distilled water results in solutions with different pH values. Arrange these acid solutions from the one with the highest pH to the one with the lowest pH.",HNO2 > HClO4 > H2CO3 > H3PO4,HClO4 > HNO2 > H2CO3 > H3PO4,H2CO3 > HNO2 > HClO4 > H3PO4,H2CO3 > H3PO4 > HNO2 > HClO4,D,D,true
The maxillary sinus,is innervated by branches of the maxillary division of the trigeminal nerve.,is lined by stratified squamous epithelium.,drains into the superior meatus of the nasal cavities.,Receives its blood supply from the first part of the maxillary artery.,A,A,true
Which one of the following is brought about by activation of sympathetic nerves?,Contraction of bronchial smooth muscle.,Increase in intestinal secretion,Dilation of the pupil of the eye.,Decrease in heart rate,C,C,true
"A woman lived in a town that has an ordinance that prohibits littering. While the woman was taking a stroll one morning, she passed a man who was standing on the sidewalk and eating a doughnut. As he finished the doughnut, the man wiped his mouth with a paper napkin. He then wadded up the napkin into a small ball and dropped it on the sidewalk. Seeing this, the woman stopped and admonished the man for throwing his trash on the ground. She told him about the town ordinance that prohibits littering and said that a police officer could give him a citation that would require him to pay a fine. The man was very insulted and annoyed to be lectured like this. If the man institutes a civil action against the woman, the man will most likely",recover for battery.,recover for negligence.,"not recover, because the fact that an ordinance prohibited the man's conduct would preclude recovery as a matter of law. ","not recover, because the woman's conduct was customary and reasonable under the circumstances. ",D,D,true
Which one of the following is not a use for intravenous infusions?,To orally hydrate a patient.,Administer prescribed intravenous fluid.,Administer dyes or contrast media for radiographic examinations.,Administer prescribed blood products.,A,A,true
"Two students perform an experiment in which they drop a ball from rest from a known height above the ground and measure the speed of the ball just before it strikes the ground. From repeated measurement, the students estimate the uncertainty in the measured speed of the ball to be 10 percent. Which of the following gives the uncertainty in the kinetic energy of the ball? (Assume the uncertainty in the ball’s mass is negligibly small.)",20%,5%,10%,15%,A,A,true
"Many years ago, a nuclear power plant had been accused of poisoning local oyster beds with waste. The plant had been shut down for 10 years. Much to Darlene's chagrin, officials at the plant had announced plans to reopen the plant. Darlene, who was a waitress at a local restaurant, devised a scheme whereby she would contaminate oysters at her restaurant with small amounts of a poisonous substance. Although she didn't want to seriously injure anyone, Darlene believed that if some people got sick from eating the oysters, they would attribute their illness to nuclear waste from the power plant. To facilitate her plan, she stole some poison from a local pharmacy. She sprinkled it on some oysters at the restaurant where she worked. Mistakenly, she put too much of the poison on some of the oysters. A few of the customers who ate the oysters became sick and nauseated. One person suffered convulsions and died from the poisoning. A statute in the jurisdiction provides: ""Any intentional and premeditated killing, or one occurring during the perpetration of a felony, is murder in the first degree. Murder in the second degree is murder with intent to cause serious bodily harm. Manslaughter is an unlawful killing due to recklessness. ""Assault with intent to kill or to cause serious physical injury is a felony in the jurisdiction. There are no separate felonies relating to adulterating food or poisoning. The most serious crime for which Darlene can properly be convicted is","first-degree murder, because her acts were intentional and premeditated. ","first-degree murder, because the death occurred during the commission of a felony. ","second-degree murder, because of the intent to cause physical harm. ","manslaughter, because her conduct was reckless. ",D,D,true
"A woman borrowed $800,000 from a bank and gave the bank a note for that amount secured by a mortgage on her farm. Several years later, at a time when the woman still owed the bank $750,000 on the mortgage loan, she sold the farm to a man for $900,000. The man paid the woman $150,000 in cash and specifically assumed the mortgage note. The bank received notice of this transaction and elected not to exer-cise the optional due-on-sale clause in the mortgage. Without informing the man, the bank later released the woman from any further personal liability on the note. After he had owned the farm for a number of years, the man defaulted on the loan. The bank properly accelerated the loan, and the farm was eventually sold at a foreclosure sale for $500,000. Because there was still $600,000 owing on the note, the bank sued the man for the $100,000 deficiency. Is the man liable to the bank for the deficiency?","No, because the woman would have still been primarily liable for payment, but the bank had released her from personal liability.","No, because the bankÕs release of the woman from per-sonal liability also released the man.","Yes, because the manÕs personal liability on the note was not affected by the bankÕs release of the woman.","Yes, because the bankÕs release of the woman consti-tuted a clogging of the equity of redemption.",C,C,true
___________ is a process of wireless traffic analysis that may be helpful for forensic investigations or during troubleshooting any wireless issue.,WiFi Traffic Sniffing,Wireless Traffic Checking,Wireless Traffic Sniffing,Wireless Transmission Sniffing,C,C,true
Which expression is equivalent to (5 + 2) x 8?,(5 x 8) + (5x 2),8 x (5x2),(5x8)x2,(8 x 5) + (8 x 2),D,D,true
"A collector told a local coin dealer that he wished to purchase an 1804 silver dollar. The coin dealer told the collector that he would locate one of these rare coins and the cost would be approximately $40,000 plus a commission. The coin dealer successfully located and arranged for the purchase of the 1804 silver dollar. After the collector purchased the coin, a disagreement arose as to the amount of commission. The coin dealer brought suit, claiming that the agreed-upon amount was 15%. The collector contends that they agreed upon 12%. At trial, the coin dealer introduces photocopies of company records showing that in all his previous dealings with the collector, and all other customers as well, he charged a 15% commission when asked to locate rare coins. The court should find that the offer of this evidence is",admissible as past recollection recorded.,inadmissible as a violation of the best evidence rule.,inadmissible as hearsay not within any recognized exception.,"admissible, under the business records exception. ",D,D,true
"Aman had just won $14,000,000 in the lottery. To celebrate his good fortune, the man took a group of friends to a bar for some drinks. At the bar, the man ordered a round of drinks for everyone. As the man knew, these specific drinks that he ordered were highly intoxicating. A few minutes after finishing his drink, the man stood up to go to the bathroom. As he did so, he became very woozy, lost his balance and fell onto a table. The table flipped over and knocked the customer sitting there backward off his chair. The customer's head struck the floor with such force that he suffered a concussion. Thereafter, the man was charged with the crime of reckless endangerment, which is defined in this jurisdiction as ""reckless conduct causing physical injury to another. "" At his trial, the man called the bartender who served the drinks on the day in question to testif'. The bartender testified that the drinks she served the man and his friends were 95% alcohol. At the close of the bartender's testimony, the state objected and moved to strike her testimony. The trial judge sustained the motion. Was the trial judge correct in excluding the bartender's testimony?","Yes, because reckless endangerment is a general intent crime. ","Yes, because the man's intoxication was voluntary. ","No, because the testimony was evidence that the man did not possess the requisite mens rea. ","No, because the testimony was evidence that the man's conduct was not voluntary. ",B,B,true
A hash function guarantees the integrity of a message. It guarantees that the message has not be,Replaced,Overview,Violated,Changed,D,D,true
"Four hours into a defendant's assault trial, the lawyers gathered in the judge's chambers to discuss an evidentiary issue. While there, the judge received a phone call from his wife telling him that her mother had suddenly died. Without asking the lawyers what they wanted to do, the judge brought the lawyers back into the courtroom, declared a mistrial, excused the jury, and rushed home to his wife. A new jury was impaneled the next day before a second judge. The defendant has objected to the second trial on double jeopardy grounds. Would the second trial violate the prohibition against double jeopardy? against double jeopardy? ","No, because the first judge acted in good faith in declaring a mistrial.","No, because the first trial did not produce a verdict.","Yes, because there was no manifest necessity for a mistrial.","Yes, because the second judge's evidentiary rulings might be inconsistent with those of the first judge.",C,C,true
"Two sisters own a single tract of land as tenants in common, each holding a one-half interest. The younger sister entered into a three-year written lease with a tenant; the lease described by metes and bounds a specified portion of the land, which consisted of about 40% of the total tract. The tenant went into sole possession of the leased portion of the land.The older sister has sued both the younger sister and the tenant to establish the older sisterÕs right to possession of the leased portion of the land. Who is likely to prevail?","The older sister, because the younger sister cannot unilaterally partition the land without the older sisterÕs consent.","The older sister, because the younger sister may not lease her undivided interest in the land without the older sisterÕs consent.","The younger sister and the tenant, because the older sister has been excluded only from the specified portion of the land subject to the lease, which makes up less than one-half of the landÕs total area.","The younger sister and the tenant, because the younger sisterÕs lease to the tenant was necessarily for less than a fee simple interest.",A,A,true
"In his will, a jockey devised his home ""to my friend to whom I am everlastingly grateful for the devoted care he has lavished on my horses, but if ever my horses who survive me shall fail to receive proper care, then to my beloved daughter and her heirs, if she be living and own any horses, otherwise to the Equestrian Society. ""In an appropriate action to construe the will, the court will determine the friend's interest to be a",fee simple determinable.,fee simple subject to condition subsequent.,contingent remainder.,fee simple subject to an executory interest.,D,D,true
"The United States and Mexico entered into a tax treaty that provided that neither country would impose income taxes on citizens of the other nation. The treaty was ratified by the Senate. Recently, the President, angry over Mexico's perceived failure to abide by the terms of the treaty, has decided that the United States would not honor any of the terms of the treaty. The President then ordered the Internal Revenue Service to begin collecting income taxes from Mexican citizens residing in the United States in the same manner that it collects taxes from other residents of this country. A Mexican citizen and resident of the United States sues in an appropriate federal court, seeking a declaratory judgment that the treaty with Mexico remains valid and effective. Therefore, he contends that the Internal Revenue Service may not collect U. S. income taxes from him. Which of the following is the strongest constitutional grounds for the federal court to refuse to decide the suit on its merits?",The citizen has no standing to bring his suit.,The case presents a nonjusticiable political question.,The case is moot because the President has already taken definitive action with respect to the effectiveness of this treaty.,"The citizen is not entitled to a federal adjudication of this case because as a resident alien, he is not protected by the privileges or immunities clause of the Fourteenth Amendment. ",B,B,true
"When a buyer and a seller executed a valid contract for the sale of a house, the buyer gave the seller $1,000 as earnest money. The contract noted that the earnest money tendered would be applied to the purchase price at the time of sale but was silent as to remedies in the event of any default. Just before the closing, the buyer lost her job. The buyer told the seller that she could no longer purchase the house and asked him to return the earnest money. The seller accurately told the buyer that the seller's actual losses exceeded the amount of the earnest money; that if the seller sued the buyer for damages, he would receive a minimum of $5,000; and that it would be difficult for him to sell the house in the current market. Should the buyer get the earnest money back? ","No, because the contract was silent regarding remedies.","Yes, because the buyer is no longer ready, willing, and able to purchase the house.","No, because the seller's actual losses exceeded the amount of the earnest money.","Yes, because the reason for the buyer's default was not anticipated.",C,C,true
"Two students perform an experiment in which they drop a ball from rest from a known height above the ground and measure the speed of the ball just before it strikes the ground. From repeated measurement, the students estimate the uncertainty in the measured speed of the ball to be 10 percent. Which of the following gives the uncertainty in the kinetic energy of the ball? (Assume the uncertainty in the ball’s mass is negligibly small.)",5%,20%,10%,15%,B,B,true
The maxillary sinus,is lined by stratified squamous epithelium.,is innervated by branches of the maxillary division of the trigeminal nerve.,drains into the superior meatus of the nasal cavities.,Receives its blood supply from the first part of the maxillary artery.,B,B,true
Zelma buys p pounds of bananas for 40 cents per pound. She pays the clerk with a twenty-dollar bill. The clerk subtracts the total cost of the bananas from the twenty-dollar bill to determine the amount of change to give Zelma. Which expression represents the amount of change Zelma should receive?,20 - 0.40p,p - 20,20 - 40p,0.40p - 20,A,A,true
Which one of the following is brought about by activation of sympathetic nerves?,Contraction of bronchial smooth muscle.,Increase in intestinal secretion,Decrease in heart rate,Dilation of the pupil of the eye.,D,D,true
"This question refers to the following information.
Our leaders talk about stopping aggression from the north, but this was a struggle among groups of Vietnamese until we intervened. We seem bent upon saving the Vietnamese from Ho Chi Minh even if we have to kill them and demolish their country to do it. As the native people survey bombed-out villages, women and children burned by napalm, rice crops destroyed and cities overrun with our military personnel, they are doubtless saying secretly of the Vietcong guerillas and of the American forces, ""A plague on both your houses."" … Stop the bombing, north and south, end search and destroy offensive sweeps, and confine our military action to holding operations on the ground. Bombing the north has failed to halt or seriously check the flow of troops to the south and may, in fact, have prompted a much greater war effort by Hanoi.
—Senator George McGovern, ""The Lessons of Vietnam,"" April 25, 1967
The sentiments expressed in the speech most directly reflect which popular attitude that became widespread in the 1960s?",Government statements about Vietnam could not be trusted.,The United States should embrace isolationism.,The United States should use force to spread American ideals abroad.,American commanders were not being given enough weapons in Vietnam.,A,A,true
"A 13-year-old girl was operating a high-speed motorboat. The boat was towing a 9-year-old boy in an inner tube tied to the rear of the motorboat by a rope. The rope became tangled around the boy's foot, causing him to suffer severe injuries. In a suit brought on the boy's behalf against the girl, the boy has introduced uncontroverted evidence that the girl drove carelessly in such a way as to entangle the boy in the rope. Is the boy likely to prevail? ","Yes, because the girl will be held to an adult standard of care.  ","No, because the boy assumed the risk.","No, because the girl was too young to be expected to appreciate and avoid the risk she expected to appreciate and avoid the risk she exposed the boy to.","Yes, because children of the girl's age should have the capacity to operate motorboats.",A,A,true
___________ is a process of wireless traffic analysis that may be helpful for forensic investigations or during troubleshooting any wireless issue.,WiFi Traffic Sniffing,Wireless Traffic Checking,Wireless Transmission Sniffing,Wireless Traffic Sniffing,D,D,true
Which of the following is/are the advantages of a closed loop control system?,both A and B.,The closed loop systems are accurate.,The closed loop systems are less affected by noise.,nether A nor B.,A,A,true
"The United States and Mexico entered into a tax treaty that provided that neither country would impose income taxes on citizens of the other nation. The treaty was ratified by the Senate. Recently, the President, angry over Mexico's perceived failure to abide by the terms of the treaty, has decided that the United States would not honor any of the terms of the treaty. The President then ordered the Internal Revenue Service to begin collecting income taxes from Mexican citizens residing in the United States in the same manner that it collects taxes from other residents of this country. A Mexican citizen and resident of the United States sues in an appropriate federal court, seeking a declaratory judgment that the treaty with Mexico remains valid and effective. Therefore, he contends that the Internal Revenue Service may not collect U. S. income taxes from him. Which of the following is the strongest constitutional grounds for the federal court to refuse to decide the suit on its merits?",The citizen has no standing to bring his suit.,The case is moot because the President has already taken definitive action with respect to the effectiveness of this treaty.,The case presents a nonjusticiable political question.,"The citizen is not entitled to a federal adjudication of this case because as a resident alien, he is not protected by the privileges or immunities clause of the Fourteenth Amendment. ",C,C,true
Which expression is equivalent to 4 x 9?,(4x 4) + (4x5),(4+4) x (4+5),(4+4)+(4+5),(4x 4) x (4x5),A,A,true
"This question refers to the following information.
""Your sentiments, that our affairs are drawing rapidly to a crisis, accord with my own. What the event will be is also beyond the reach of my foresight. We have errors to correct. We have probably had too good an opinion of human nature in forming our confederation. Experience has taught us that men will not adopt and carry into execution measures the best calculated for their own good without the intervention of a coercive power. I do not conceive that we can exist long as a nation without having lodged somewhere a power which will pervade the whole Union in as energetic a manner as the authority of the state governments extends over the several states. . . .
""What astonishing changes a few years are capable of producing. I am told that even respectable characters speak of a monarchical form of government without horror. . . . What a triumph for our enemies to verify their predictions! What a triumph for the advocates of despotism to find that we are incapable of governing ourselves, and that systems founded on the basis of equal liberty are merely ideal and fallacious. . . .""
—George Washington, letter to John Jay, August 1, 1786
In subsequent U.S. history, those who shared the sentiments George Washington expressed in the letter, above, would most likely have taken which of the following positions?",Support for ratification of the Constitution in 1789.,Support for joining France in its war with Great Britain in 1793 in honor of the 1778 Treaty of Alliance with France.,Opposition to the chartering of a national bank in 1791.,Opposition to the Alien and Sedition Acts of 1798.,A,A,true
"A high school student was suspended for five days by school officials after he came to school wearing a beard. The school had a rule prohibiting any student from growing a beard or mustache while attending classes. The rule required an automatic five-day suspension in such cases. The student, who was aware of the rule prohibiting beards and mustaches, requested a trial-type hearing before the suspension was imposed. If the school board denies the student's request for a trial-type hearing, which of the following statements is most accurate?","The denial of a trial-type hearing did not violate the student's due process rights because under the circumstances, he had no right to a hearing. ",The suspension violated the student's due process rights because it deprived him of his entitlement to an education.,The denial of a trial-type hearing violated the student's due process rights because the suspension was arbitrarily imposed.,There was no violation of the student's due process rights because his conduct could be deemed so injurious to school discipline that it warranted suspension prior to a hearing.,A,A,true
"Two students perform an experiment in which they drop a ball from rest from a known height above the ground and measure the speed of the ball just before it strikes the ground. From repeated measurement, the students estimate the uncertainty in the measured speed of the ball to be 10 percent. Which of the following gives the uncertainty in the kinetic energy of the ball? (Assume the uncertainty in the ball’s mass is negligibly small.)",5%,10%,20%,15%,C,C,true
Which one of the following is not a use for intravenous infusions?,Administer prescribed intravenous fluid.,To orally hydrate a patient.,Administer dyes or contrast media for radiographic examinations.,Administer prescribed blood products.,B,B,true
"Jan scored 3 more points in the basketball game than Salah. Cindy scored 22 points, which was twice as many points as Jan. How many points did Salah score?",8,11,14,19,A,A,true
"Two sisters own a single tract of land as tenants in common, each holding a one-half interest. The younger sister entered into a three-year written lease with a tenant; the lease described by metes and bounds a specified portion of the land, which consisted of about 40% of the total tract. The tenant went into sole possession of the leased portion of the land.The older sister has sued both the younger sister and the tenant to establish the older sisterÕs right to possession of the leased portion of the land. Who is likely to prevail?","The older sister, because the younger sister may not lease her undivided interest in the land without the older sisterÕs consent.","The older sister, because the younger sister cannot unilaterally partition the land without the older sisterÕs consent.","The younger sister and the tenant, because the older sister has been excluded only from the specified portion of the land subject to the lease, which makes up less than one-half of the landÕs total area.","The younger sister and the tenant, because the younger sisterÕs lease to the tenant was necessarily for less than a fee simple interest.",B,B,true
In which situation can the expression 64 + 8 be used?,Mr. Juarez has 64 cups and puts an equal numberon each of 8 tables.,There are 8 buses with 64 students on each bus.,Ms. Vance has 8 pens and 64 pencils in a container.,There are 64 books in a bookcase and 8 booksare removed.,A,C,false
"A defendant in an automobile accident case is being sued by the estate of the driver of the other car. At trial, the defendant calls an eyewitness to the collision. The eyewitness testifies that after the crash, he immediately ran to the other driver's car to try to render assistance. The eyewitness observed the other driver covered with blood from the top of his head down to his toes. He was moaning, gasping, and crying out, ""I did not see the other car coming!"" The other driver died 10 minutes later. The estate's attorney objects to the eyewitness's testimony. The trial judge should rule that his testimony is",admissible as a declaration against interest.,admissible as a dying declaration.,inadmissible as hearsay not within any recognized exception.,"inadmissible, because this testimony cannot be admitted in civil cases. ",B,B,true
"This question refers to the following information.
Our leaders talk about stopping aggression from the north, but this was a struggle among groups of Vietnamese until we intervened. We seem bent upon saving the Vietnamese from Ho Chi Minh even if we have to kill them and demolish their country to do it. As the native people survey bombed-out villages, women and children burned by napalm, rice crops destroyed and cities overrun with our military personnel, they are doubtless saying secretly of the Vietcong guerillas and of the American forces, ""A plague on both your houses."" … Stop the bombing, north and south, end search and destroy offensive sweeps, and confine our military action to holding operations on the ground. Bombing the north has failed to halt or seriously check the flow of troops to the south and may, in fact, have prompted a much greater war effort by Hanoi.
—Senator George McGovern, ""The Lessons of Vietnam,"" April 25, 1967
The sentiments expressed in the speech most directly reflect which popular attitude that became widespread in the 1960s?",The United States should embrace isolationism.,Government statements about Vietnam could not be trusted.,The United States should use force to spread American ideals abroad.,American commanders were not being given enough weapons in Vietnam.,B,B,true
"When a buyer and a seller executed a valid contract for the sale of a house, the buyer gave the seller $1,000 as earnest money. The contract noted that the earnest money tendered would be applied to the purchase price at the time of sale but was silent as to remedies in the event of any default. Just before the closing, the buyer lost her job. The buyer told the seller that she could no longer purchase the house and asked him to return the earnest money. The seller accurately told the buyer that the seller's actual losses exceeded the amount of the earnest money; that if the seller sued the buyer for damages, he would receive a minimum of $5,000; and that it would be difficult for him to sell the house in the current market. Should the buyer get the earnest money back? ","No, because the contract was silent regarding remedies.","Yes, because the buyer is no longer ready, willing, and able to purchase the house.","Yes, because the reason for the buyer's default was not anticipated.","No, because the seller's actual losses exceeded the amount of the earnest money.",D,D,true
"On March 15, in a signed written contract, a manufacturer agreed to sell 40,000 pens at $1 each to a retailer, delivery to be made in two equal installments on April 1 and May 1. The contract was silent as to the time of payment, but on March 25 the two parties orally agreed that the entire purchase price was to be paid on delivery of the second installment. On April 1, the manufacturer delivered 20,000 pens, and the retailer accepted them. The manufacturer then demanded payment of $20,000. When the retailer refused to make the payment, the manufacturer sued the retailer for breach of contract. In its defense, the retailer proffered evidence of the March 25 oral agreement. Is the manufacturer likely to succeed in its action? ","No, because even though the March 25 oral agreement is not effective, payment is due at the time of the second installment.","Yes, because the parol evidence rule bars the introduction of evidence of an oral agreement modifying a written contract.","Yes, because there was no consideration to support the modification.","No, because the March 25 oral agreement was an effective modification of the written contract.",D,D,true
"A woman borrowed $800,000 from a bank and gave the bank a note for that amount secured by a mortgage on her farm. Several years later, at a time when the woman still owed the bank $750,000 on the mortgage loan, she sold the farm to a man for $900,000. The man paid the woman $150,000 in cash and specifically assumed the mortgage note. The bank received notice of this transaction and elected not to exer-cise the optional due-on-sale clause in the mortgage. Without informing the man, the bank later released the woman from any further personal liability on the note. After he had owned the farm for a number of years, the man defaulted on the loan. The bank properly accelerated the loan, and the farm was eventually sold at a foreclosure sale for $500,000. Because there was still $600,000 owing on the note, the bank sued the man for the $100,000 deficiency. Is the man liable to the bank for the deficiency?","No, because the woman would have still been primarily liable for payment, but the bank had released her from personal liability.","No, because the bankÕs release of the woman from per-sonal liability also released the man.","Yes, because the bankÕs release of the woman consti-tuted a clogging of the equity of redemption.","Yes, because the manÕs personal liability on the note was not affected by the bankÕs release of the woman.",D,D,true
"The United States and Mexico entered into a tax treaty that provided that neither country would impose income taxes on citizens of the other nation. The treaty was ratified by the Senate. Recently, the President, angry over Mexico's perceived failure to abide by the terms of the treaty, has decided that the United States would not honor any of the terms of the treaty. The President then ordered the Internal Revenue Service to begin collecting income taxes from Mexican citizens residing in the United States in the same manner that it collects taxes from other residents of this country. A Mexican citizen and resident of the United States sues in an appropriate federal court, seeking a declaratory judgment that the treaty with Mexico remains valid and effective. Therefore, he contends that the Internal Revenue Service may not collect U. S. income taxes from him. Which of the following is the strongest constitutional grounds for the federal court to refuse to decide the suit on its merits?",The citizen has no standing to bring his suit.,The case is moot because the President has already taken definitive action with respect to the effectiveness of this treaty.,"The citizen is not entitled to a federal adjudication of this case because as a resident alien, he is not protected by the privileges or immunities clause of the Fourteenth Amendment. ",The case presents a nonjusticiable political question.,D,D,true
"This question refers to the following information.
""Your sentiments, that our affairs are drawing rapidly to a crisis, accord with my own. What the event will be is also beyond the reach of my foresight. We have errors to correct. We have probably had too good an opinion of human nature in forming our confederation. Experience has taught us that men will not adopt and carry into execution measures the best calculated for their own good without the intervention of a coercive power. I do not conceive that we can exist long as a nation without having lodged somewhere a power which will pervade the whole Union in as energetic a manner as the authority of the state governments extends over the several states. . . .
""What astonishing changes a few years are capable of producing. I am told that even respectable characters speak of a monarchical form of government without horror. . . . What a triumph for our enemies to verify their predictions! What a triumph for the advocates of despotism to find that we are incapable of governing ourselves, and that systems founded on the basis of equal liberty are merely ideal and fallacious. . . .""
—George Washington, letter to John Jay, August 1, 1786
In subsequent U.S. history, those who shared the sentiments George Washington expressed in the letter, above, would most likely have taken which of the following positions?",Support for joining France in its war with Great Britain in 1793 in honor of the 1778 Treaty of Alliance with France.,Support for ratification of the Constitution in 1789.,Opposition to the chartering of a national bank in 1791.,Opposition to the Alien and Sedition Acts of 1798.,B,B,true
Which expression is equivalent to 4 x 9?,(4+4) x (4+5),(4x 4) + (4x5),(4+4)+(4+5),(4x 4) x (4x5),B,B,true
The maxillary sinus,is lined by stratified squamous epithelium.,drains into the superior meatus of the nasal cavities.,is innervated by branches of the maxillary division of the trigeminal nerve.,Receives its blood supply from the first part of the maxillary artery.,C,C,true
Solve 3 over 2 * w = 66.,44,33,88,99,A,A,true
"This question refers to the following information.
""Society in every state is a blessing, but government even in its best state is but a necessary evil; in its worst state an intolerable one; for when we suffer, or are exposed to the same miseries by a government, which we might expect in a country without government, our calamity is heightened by reflecting that we furnish the means by which we suffer. Government, like dress, is the badge of lost innocence; the palaces of kings are built on the ruins of the bowers of paradise. For were the impulses of conscience clear, uniform, and irresistibly obeyed, man would need no other lawgiver; but that not being the case, he finds it necessary to surrender up a part of his property to furnish means for the protection of the rest; and this he is induced to do by the same prudence which in every other case advises him out of two evils to choose the least. Wherefore, security being the true design and end of government, it unanswerably follows that whatever form thereof appears most likely to ensure it to us, with the least expense and greatest benefit, is preferable to all others.""
Thomas Paine, Common Sense, 1776
Which of the following is most harmonious with the sentiment expressed in the excerpt?",A limited republican government is preferable to a monarchy.,"Government is unnecessary, since humanity is capable of guiding itself by personal conscience.",Government is a necessary check against the corrupting influence of society.,Security is the only justification for government.,A,A,true
"Four hours into a defendant's assault trial, the lawyers gathered in the judge's chambers to discuss an evidentiary issue. While there, the judge received a phone call from his wife telling him that her mother had suddenly died. Without asking the lawyers what they wanted to do, the judge brought the lawyers back into the courtroom, declared a mistrial, excused the jury, and rushed home to his wife. A new jury was impaneled the next day before a second judge. The defendant has objected to the second trial on double jeopardy grounds. Would the second trial violate the prohibition against double jeopardy? against double jeopardy? ","No, because the first judge acted in good faith in declaring a mistrial.","No, because the first trial did not produce a verdict.","Yes, because the second judge's evidentiary rulings might be inconsistent with those of the first judge.","Yes, because there was no manifest necessity for a mistrial.",D,D,true
"A man is suing a store for damages for injuries allegedly suffered when a can of soup fell on his toe while he was shopping. At trial, the store calls a member of the local community to testif' that the man's reputation for honesty is poor, and that he is known far and wide as the biggest storyteller intown. This testimony is","admissible, but only to discredit the man's testimony that the accident happened in the manner in which he claims it did. ","admissible, but only to show the likely exaggeration of the man's alleged injuries. ",inadmissible character evidence.,"inadmissible, because the man's testimony has not yet been rebutted by the store, and his credibility is, therefore, not yet susceptible to attack. ",A,A,true
Which one of the following is not a use for intravenous infusions?,Administer prescribed intravenous fluid.,Administer dyes or contrast media for radiographic examinations.,To orally hydrate a patient.,Administer prescribed blood products.,C,C,true
"A 13-year-old girl was operating a high-speed motorboat. The boat was towing a 9-year-old boy in an inner tube tied to the rear of the motorboat by a rope. The rope became tangled around the boy's foot, causing him to suffer severe injuries. In a suit brought on the boy's behalf against the girl, the boy has introduced uncontroverted evidence that the girl drove carelessly in such a way as to entangle the boy in the rope. Is the boy likely to prevail? ","No, because the boy assumed the risk.","Yes, because the girl will be held to an adult standard of care.  ","No, because the girl was too young to be expected to appreciate and avoid the risk she expected to appreciate and avoid the risk she exposed the boy to.","Yes, because children of the girl's age should have the capacity to operate motorboats.",B,B,true
In which situation can the expression 64 + 8 be used?,There are 8 buses with 64 students on each bus.,Mr. Juarez has 64 cups and puts an equal numberon each of 8 tables.,Ms. Vance has 8 pens and 64 pencils in a container.,There are 64 books in a bookcase and 8 booksare removed.,B,C,false
Which of the following is/are the advantages of a closed loop control system?,The closed loop systems are accurate.,both A and B.,The closed loop systems are less affected by noise.,nether A nor B.,B,B,true
"This question refers to the following information.
Our leaders talk about stopping aggression from the north, but this was a struggle among groups of Vietnamese until we intervened. We seem bent upon saving the Vietnamese from Ho Chi Minh even if we have to kill them and demolish their country to do it. As the native people survey bombed-out villages, women and children burned by napalm, rice crops destroyed and cities overrun with our military personnel, they are doubtless saying secretly of the Vietcong guerillas and of the American forces, ""A plague on both your houses."" … Stop the bombing, north and south, end search and destroy offensive sweeps, and confine our military action to holding operations on the ground. Bombing the north has failed to halt or seriously check the flow of troops to the south and may, in fact, have prompted a much greater war effort by Hanoi.
—Senator George McGovern, ""The Lessons of Vietnam,"" April 25, 1967
The sentiments expressed in the speech most directly reflect which popular attitude that became widespread in the 1960s?",The United States should embrace isolationism.,The United States should use force to spread American ideals abroad.,Government statements about Vietnam could not be trusted.,American commanders were not being given enough weapons in Vietnam.,C,C,true
"This question refers to the following information.
""Your sentiments, that our affairs are drawing rapidly to a crisis, accord with my own. What the event will be is also beyond the reach of my foresight. We have errors to correct. We have probably had too good an opinion of human nature in forming our confederation. Experience has taught us that men will not adopt and carry into execution measures the best calculated for their own good without the intervention of a coercive power. I do not conceive that we can exist long as a nation without having lodged somewhere a power which will pervade the whole Union in as energetic a manner as the authority of the state governments extends over the several states. . . .
""What astonishing changes a few years are capable of producing. I am told that even respectable characters speak of a monarchical form of government without horror. . . . What a triumph for our enemies to verify their predictions! What a triumph for the advocates of despotism to find that we are incapable of governing ourselves, and that systems founded on the basis of equal liberty are merely ideal and fallacious. . . .""
—George Washington, letter to John Jay, August 1, 1786
In subsequent U.S. history, those who shared the sentiments George Washington expressed in the letter, above, would most likely have taken which of the following positions?",Support for joining France in its war with Great Britain in 1793 in honor of the 1778 Treaty of Alliance with France.,Opposition to the chartering of a national bank in 1791.,Support for ratification of the Constitution in 1789.,Opposition to the Alien and Sedition Acts of 1798.,C,C,true
"Jan scored 3 more points in the basketball game than Salah. Cindy scored 22 points, which was twice as many points as Jan. How many points did Salah score?",11,8,14,19,B,B,true
"Two students perform an experiment in which they drop a ball from rest from a known height above the ground and measure the speed of the ball just before it strikes the ground. From repeated measurement, the students estimate the uncertainty in the measured speed of the ball to be 10 percent. Which of the following gives the uncertainty in the kinetic energy of the ball? (Assume the uncertainty in the ball’s mass is negligibly small.)",5%,10%,15%,20%,D,D,true
Zelma buys p pounds of bananas for 40 cents per pound. She pays the clerk with a twenty-dollar bill. The clerk subtracts the total cost of the bananas from the twenty-dollar bill to determine the amount of change to give Zelma. Which expression represents the amount of change Zelma should receive?,p - 20,20 - 0.40p,20 - 40p,0.40p - 20,B,B,true
In a patient with chest pain which of these features is most suggestive of a myocardial infarction?,Sweating and vomiting,Very severe pain,Pain has lasted for over a week,Pain is sharp like a knife,A,A,true
"A defendant in an automobile accident case is being sued by the estate of the driver of the other car. At trial, the defendant calls an eyewitness to the collision. The eyewitness testifies that after the crash, he immediately ran to the other driver's car to try to render assistance. The eyewitness observed the other driver covered with blood from the top of his head down to his toes. He was moaning, gasping, and crying out, ""I did not see the other car coming!"" The other driver died 10 minutes later. The estate's attorney objects to the eyewitness's testimony. The trial judge should rule that his testimony is",admissible as a declaration against interest.,inadmissible as hearsay not within any recognized exception.,admissible as a dying declaration.,"inadmissible, because this testimony cannot be admitted in civil cases. ",C,C,true
"Characteristic X rays, appearing as sharp lines on a continuous background, are produced when high-energy electrons bombard a metal target. Which of the following processes results in the characteristic X rays?",Electrons filling inner shell vacancies that are created in the metal atoms,Electrons producing Čerenkov radiation,Electrons colliding with phonons in the metal,Electrons combining with protons to form neutrons,A,A,true
Which one of the following is not a use for intravenous infusions?,Administer prescribed intravenous fluid.,Administer dyes or contrast media for radiographic examinations.,Administer prescribed blood products.,To orally hydrate a patient.,D,D,true
Which expression is equivalent to 4 x 9?,(4+4) x (4+5),(4+4)+(4+5),(4x 4) + (4x5),(4x 4) x (4x5),C,C,true
"A 13-year-old girl was operating a high-speed motorboat. The boat was towing a 9-year-old boy in an inner tube tied to the rear of the motorboat by a rope. The rope became tangled around the boy's foot, causing him to suffer severe injuries. In a suit brought on the boy's behalf against the girl, the boy has introduced uncontroverted evidence that the girl drove carelessly in such a way as to entangle the boy in the rope. Is the boy likely to prevail? ","No, because the boy assumed the risk.","No, because the girl was too young to be expected to appreciate and avoid the risk she expected to appreciate and avoid the risk she exposed the boy to.","Yes, because the girl will be held to an adult standard of care.  ","Yes, because children of the girl's age should have the capacity to operate motorboats.",C,C,true
Solve 3 over 2 * w = 66.,33,44,88,99,B,B,true
"A financial analyst was selling illegal drugs as a second income. He met with a reputed drug dealer in a public park and purchased $10,000 worth of pills that were represented to be Oxycodone. They turned out to be worthless sugar pills. In a rage, the analyst hired a thug to beat up the drug dealer and try and get his money back. The thug did try to beat the drug dealer, who turned out to be an federal undercover officer, who had the thug arrested. The financial analyst did not at any time know that the purported drug dealer was a federal drug enforcement officer. Can the financial analyst be convicted of criminal conspiracy (18 U. S. C. Â§ 371) to commit an assault upon a federal officer (18 U. S. C. Â§ 111) under federal law?","Yes, the defendant does not have to know that the victim of an assault is a federal officer.","Yes, 18 U. S. C. Â§ 111 is a strict liability offense to which there are no defenses.","No, the defendant must have knowledge that the intended victim is a federal officer to be convicted under 18 U. S. C. Â§ 111.","No, the officer sold fake drugs to the defendant, which is a defense to 18 U. S. C. Â§ 111.",A,A,true
The maxillary sinus,is lined by stratified squamous epithelium.,drains into the superior meatus of the nasal cavities.,Receives its blood supply from the first part of the maxillary artery.,is innervated by branches of the maxillary division of the trigeminal nerve.,D,D,true
In which situation can the expression 64 + 8 be used?,There are 8 buses with 64 students on each bus.,Ms. Vance has 8 pens and 64 pencils in a container.,Mr. Juarez has 64 cups and puts an equal numberon each of 8 tables.,There are 64 books in a bookcase and 8 booksare removed.,C,B,false
"This question refers to the following information.
Our leaders talk about stopping aggression from the north, but this was a struggle among groups of Vietnamese until we intervened. We seem bent upon saving the Vietnamese from Ho Chi Minh even if we have to kill them and demolish their country to do it. As the native people survey bombed-out villages, women and children burned by napalm, rice crops destroyed and cities overrun with our military personnel, they are doubtless saying secretly of the Vietcong guerillas and of the American forces, ""A plague on both your houses."" … Stop the bombing, north and south, end search and destroy offensive sweeps, and confine our military action to holding operations on the ground. Bombing the north has failed to halt or seriously check the flow of troops to the south and may, in fact, have prompted a much greater war effort by Hanoi.
—Senator George McGovern, ""The Lessons of Vietnam,"" April 25, 1967
The sentiments expressed in the speech most directly reflect which popular attitude that became widespread in the 1960s?",The United States should embrace isolationism.,The United States should use force to spread American ideals abroad.,American commanders were not being given enough weapons in Vietnam.,Government statements about Vietnam could not be trusted.,D,D,true
What is x if 3 x = 84 ?,28,20,21,26,A,A,true
Which of the following is/are the advantages of a closed loop control system?,The closed loop systems are accurate.,The closed loop systems are less affected by noise.,both A and B.,nether A nor B.,C,C,true
"This question refers to the following information.
""Your sentiments, that our affairs are drawing rapidly to a crisis, accord with my own. What the event will be is also beyond the reach of my foresight. We have errors to correct. We have probably had too good an opinion of human nature in forming our confederation. Experience has taught us that men will not adopt and carry into execution measures the best calculated for their own good without the intervention of a coercive power. I do not conceive that we can exist long as a nation without having lodged somewhere a power which will pervade the whole Union in as energetic a manner as the authority of the state governments extends over the several states. . . .
""What astonishing changes a few years are capable of producing. I am told that even respectable characters speak of a monarchical form of government without horror. . . . What a triumph for our enemies to verify their predictions! What a triumph for the advocates of despotism to find that we are incapable of governing ourselves, and that systems founded on the basis of equal liberty are merely ideal and fallacious. . . .""
—George Washington, letter to John Jay, August 1, 1786
In subsequent U.S. history, those who shared the sentiments George Washington expressed in the letter, above, would most likely have taken which of the following positions?",Support for joining France in its war with Great Britain in 1793 in honor of the 1778 Treaty of Alliance with France.,Opposition to the chartering of a national bank in 1791.,Opposition to the Alien and Sedition Acts of 1798.,Support for ratification of the Constitution in 1789.,D,D,true
Emissary veins connect the intracranial venous sinuses to,All of the above areas.,veins draining the scalp.,veins draining the eye.,the pterygoid venous plexus.,A,A,true
Zelma buys p pounds of bananas for 40 cents per pound. She pays the clerk with a twenty-dollar bill. The clerk subtracts the total cost of the bananas from the twenty-dollar bill to determine the amount of change to give Zelma. Which expression represents the amount of change Zelma should receive?,p - 20,20 - 40p,20 - 0.40p,0.40p - 20,C,C,true
"Jan scored 3 more points in the basketball game than Salah. Cindy scored 22 points, which was twice as many points as Jan. How many points did Salah score?",11,14,8,19,C,C,true
"A man is suing a store for damages for injuries allegedly suffered when a can of soup fell on his toe while he was shopping. At trial, the store calls a member of the local community to testif' that the man's reputation for honesty is poor, and that he is known far and wide as the biggest storyteller intown. This testimony is","admissible, but only to show the likely exaggeration of the man's alleged injuries. ","admissible, but only to discredit the man's testimony that the accident happened in the manner in which he claims it did. ",inadmissible character evidence.,"inadmissible, because the man's testimony has not yet been rebutted by the store, and his credibility is, therefore, not yet susceptible to attack. ",B,C,false
"Two sisters own a single tract of land as tenants in common, each holding a one-half interest. The younger sister entered into a three-year written lease with a tenant; the lease described by metes and bounds a specified portion of the land, which consisted of about 40% of the total tract. The tenant went into sole possession of the leased portion of the land.The older sister has sued both the younger sister and the tenant to establish the older sisterÕs right to possession of the leased portion of the land. Who is likely to prevail?","The older sister, because the younger sister may not lease her undivided interest in the land without the older sisterÕs consent.","The younger sister and the tenant, because the older sister has been excluded only from the specified portion of the land subject to the lease, which makes up less than one-half of the landÕs total area.","The older sister, because the younger sister cannot unilaterally partition the land without the older sisterÕs consent.","The younger sister and the tenant, because the younger sisterÕs lease to the tenant was necessarily for less than a fee simple interest.",C,C,true
"A man sued a railroad for personal injuries suffered when his car was struck by a train at an unguarded crossing. A major issue is whether the train sounded its whistle before arriving at the crossing. The railroad has offered the testimony of a resident who has lived near the crossing for 15 years. Although she was not present on the occasion in question, she will testify that, whenever she is home, the train always sounds its whistle before arriving at the crossing. Is the residentÕs testimony admissible?","Yes, as evidence of a routine practice.","No, due to the residentÕs lack of personal knowledge regarding the incident in question.","No, because habit evidence is limited to the conduct of persons, not businesses.","Yes, as a summary of her present sense impressions.",A,A,true
"A financial analyst was selling illegal drugs as a second income. He met with a reputed drug dealer in a public park and purchased $10,000 worth of pills that were represented to be Oxycodone. They turned out to be worthless sugar pills. In a rage, the analyst hired a thug to beat up the drug dealer and try and get his money back. The thug did try to beat the drug dealer, who turned out to be an federal undercover officer, who had the thug arrested. The financial analyst did not at any time know that the purported drug dealer was a federal drug enforcement officer. Can the financial analyst be convicted of criminal conspiracy (18 U. S. C. Â§ 371) to commit an assault upon a federal officer (18 U. S. C. Â§ 111) under federal law?","Yes, 18 U. S. C. Â§ 111 is a strict liability offense to which there are no defenses.","Yes, the defendant does not have to know that the victim of an assault is a federal officer.","No, the defendant must have knowledge that the intended victim is a federal officer to be convicted under 18 U. S. C. Â§ 111.","No, the officer sold fake drugs to the defendant, which is a defense to 18 U. S. C. Â§ 111.",B,B,true
Which expression is equivalent to 4 x 9?,(4+4) x (4+5),(4+4)+(4+5),(4x 4) x (4x5),(4x 4) + (4x5),D,D,true
"A high school student was suspended for five days by school officials after he came to school wearing a beard. The school had a rule prohibiting any student from growing a beard or mustache while attending classes. The rule required an automatic five-day suspension in such cases. The student, who was aware of the rule prohibiting beards and mustaches, requested a trial-type hearing before the suspension was imposed. If the school board denies the student's request for a trial-type hearing, which of the following statements is most accurate?",The suspension violated the student's due process rights because it deprived him of his entitlement to an education.,"The denial of a trial-type hearing did not violate the student's due process rights because under the circumstances, he had no right to a hearing. ",The denial of a trial-type hearing violated the student's due process rights because the suspension was arbitrarily imposed.,There was no violation of the student's due process rights because his conduct could be deemed so injurious to school discipline that it warranted suspension prior to a hearing.,B,B,true
In a patient with chest pain which of these features is most suggestive of a myocardial infarction?,Very severe pain,Sweating and vomiting,Pain has lasted for over a week,Pain is sharp like a knife,B,B,true
"Characteristic X rays, appearing as sharp lines on a continuous background, are produced when high-energy electrons bombard a metal target. Which of the following processes results in the characteristic X rays?",Electrons producing Čerenkov radiation,Electrons filling inner shell vacancies that are created in the metal atoms,Electrons colliding with phonons in the metal,Electrons combining with protons to form neutrons,B,B,true
Solve 3 over 2 * w = 66.,33,88,44,99,C,C,true
"A 13-year-old girl was operating a high-speed motorboat. The boat was towing a 9-year-old boy in an inner tube tied to the rear of the motorboat by a rope. The rope became tangled around the boy's foot, causing him to suffer severe injuries. In a suit brought on the boy's behalf against the girl, the boy has introduced uncontroverted evidence that the girl drove carelessly in such a way as to entangle the boy in the rope. Is the boy likely to prevail? ","No, because the boy assumed the risk.","No, because the girl was too young to be expected to appreciate and avoid the risk she expected to appreciate and avoid the risk she exposed the boy to.","Yes, because children of the girl's age should have the capacity to operate motorboats.","Yes, because the girl will be held to an adult standard of care.  ",D,D,true
In which situation can the expression 64 + 8 be used?,There are 8 buses with 64 students on each bus.,Ms. Vance has 8 pens and 64 pencils in a container.,There are 64 books in a bookcase and 8 booksare removed.,Mr. Juarez has 64 cups and puts an equal numberon each of 8 tables.,D,B,false
Solve the equation 124 = m + 34.,90,158,88,"4,216",A,A,true
"A husband and a wife were chronic alcoholics. One afternoon, the husband drank a fifth of bourbon and was drunk when his wife returned home from work. When the wife saw her husband's condition, she got very angry because they had planned to go out to dinner and celebrate their wedding anniversary. While the husband was passed out on the living room couch, the wife decided to fix herself a martini. After drinking two martinis, the wife became extremely inebriated. A short while later, the wife began preparing a third martini and tried to slice a lemon for the drink. As she did so, the knife slipped, and she cut her hand severely. With blood gushing from the wound, the wife called her husband to help her. He awoke momentarily, stood up, but fell back on the couch and passed out. He failed to render any assistance, and the wife bled to death. If the husband is subsequently charged with manslaughter, he will be found","guilty, because he owed his wife a duty to assist her. ","not guilty, because he was physically unable to assist her. ","guilty, because criminal negligent conduct cannot be negated by voluntary intoxication. ","not guilty, because the wife caused her own injury. ",B,B,true
What is x if 3 x = 84 ?,20,28,21,26,B,B,true
Which of the following is/are the advantages of a closed loop control system?,The closed loop systems are accurate.,The closed loop systems are less affected by noise.,nether A nor B.,both A and B.,D,D,true
"A financial analyst was selling illegal drugs as a second income. He met with a reputed drug dealer in a public park and purchased $10,000 worth of pills that were represented to be Oxycodone. They turned out to be worthless sugar pills. In a rage, the analyst hired a thug to beat up the drug dealer and try and get his money back. The thug did try to beat the drug dealer, who turned out to be an federal undercover officer, who had the thug arrested. The financial analyst did not at any time know that the purported drug dealer was a federal drug enforcement officer. Can the financial analyst be convicted of criminal conspiracy (18 U. S. C. Â§ 371) to commit an assault upon a federal officer (18 U. S. C. Â§ 111) under federal law?","Yes, 18 U. S. C. Â§ 111 is a strict liability offense to which there are no defenses.","No, the defendant must have knowledge that the intended victim is a federal officer to be convicted under 18 U. S. C. Â§ 111.","Yes, the defendant does not have to know that the victim of an assault is a federal officer.","No, the officer sold fake drugs to the defendant, which is a defense to 18 U. S. C. Â§ 111.",C,C,true
Who set the world record for the mile race in 1886?,WG George,R Bannister,S Coe,J DiMaggio,A,A,true
"Characteristic X rays, appearing as sharp lines on a continuous background, are produced when high-energy electrons bombard a metal target. Which of the following processes results in the characteristic X rays?",Electrons producing Čerenkov radiation,Electrons colliding with phonons in the metal,Electrons filling inner shell vacancies that are created in the metal atoms,Electrons combining with protons to form neutrons,C,C,true
The equilibrium constant of a certain reaction is 2.6 × 10^8 at 25 °C. What is the value of ΔG°?,-48.0 kJ/mol,20.8 J mol-1,4.68 × 10^-3 kJ/mol,-4.03 kJ mol-1,A,A,true
"A man sued a railroad for personal injuries suffered when his car was struck by a train at an unguarded crossing. A major issue is whether the train sounded its whistle before arriving at the crossing. The railroad has offered the testimony of a resident who has lived near the crossing for 15 years. Although she was not present on the occasion in question, she will testify that, whenever she is home, the train always sounds its whistle before arriving at the crossing. Is the residentÕs testimony admissible?","No, due to the residentÕs lack of personal knowledge regarding the incident in question.","Yes, as evidence of a routine practice.","No, because habit evidence is limited to the conduct of persons, not businesses.","Yes, as a summary of her present sense impressions.",B,B,true
In a patient with chest pain which of these features is most suggestive of a myocardial infarction?,Very severe pain,Pain has lasted for over a week,Sweating and vomiting,Pain is sharp like a knife,C,C,true
"Two sisters own a single tract of land as tenants in common, each holding a one-half interest. The younger sister entered into a three-year written lease with a tenant; the lease described by metes and bounds a specified portion of the land, which consisted of about 40% of the total tract. The tenant went into sole possession of the leased portion of the land.The older sister has sued both the younger sister and the tenant to establish the older sisterÕs right to possession of the leased portion of the land. Who is likely to prevail?","The older sister, because the younger sister may not lease her undivided interest in the land without the older sisterÕs consent.","The younger sister and the tenant, because the older sister has been excluded only from the specified portion of the land subject to the lease, which makes up less than one-half of the landÕs total area.","The younger sister and the tenant, because the younger sisterÕs lease to the tenant was necessarily for less than a fee simple interest.","The older sister, because the younger sister cannot unilaterally partition the land without the older sisterÕs consent.",D,D,true
Zelma buys p pounds of bananas for 40 cents per pound. She pays the clerk with a twenty-dollar bill. The clerk subtracts the total cost of the bananas from the twenty-dollar bill to determine the amount of change to give Zelma. Which expression represents the amount of change Zelma should receive?,p - 20,20 - 40p,0.40p - 20,20 - 0.40p,D,D,true
"A candidate for governor hired a production company to shoot a series of commercials that the candidate planned to use in his campaign. The written contract entered included a ""production fee clause"" that provided that the production company would be ""paid $100,000 for the filming and editing of ten 30-second commercials"" that would be suitable for the candidate's television campaign broadcasts. The production fee clause also stipulated that the $100,000 would be paid to the production company ""on condition that the filming and editing be directed under the personal supervision of the president of the production company. "" The contract made no other reference to compensation. Thereafter, the production company filmed and edited the ten campaign commercials, which the candidate approved. When the production was completed, the production company submitted to the candidate an invoice statement in the amount of $150,000. Besides the $100,000 contract figure, the bill included a $50,000 charge for the president's full-time services in directing the filming and editing of the videos. Denying any additional liability, the candidate sent the production company a check for $100,000. The production company then brought suit against the candidate to recover the $50,000 to cover the president's services. Which of the following arguments would be most persuasive in the candidate's efforts to prevent the introduction of parol evidence to show that prior to the parties' execution of the written contract they had orally agreed on payment by the candidate to cover the president's salary in addition to the $100,000 production fee?","Since the agreement contained a compensation clause that specified a stipulated amount, the contract was fully integrated on that subject. ",There was no latent ambiguity contained within the actual written contract.,"The written ""production fee clause"" is clear on its face, and no patent ambiguity is present in the writing. ",Parol evidence of a prior oral agreement is barred if it contradicts a term of a written contract.,A,D,false
Solve the equation 124 = m + 34.,158,90,88,"4,216",B,B,true
Solve 3 over 2 * w = 66.,33,88,99,44,D,D,true
The rational basis test is the primary standard for determining whether a statute violates the equal protection guarantees of the Fifth Amendment and the Fourteenth Amendment. Under what circumstances will the courts strike down a statutory classification for equal protection violations when using the rational basis test?,If there is no conceivable set of facts that could provide a rational basis for the classification.,"When there are only plausible reasons rather than compelling reasons for the classification, it can be struck down.",A classification that tries to protect and encourage a legitimate interest of the state government will be struck down if it has a side effect of causing some inequality of treatment.,"When the classification results in some inequality among classes of persons, it cannot be rationally tolerated.",A,A,true
"Jan scored 3 more points in the basketball game than Salah. Cindy scored 22 points, which was twice as many points as Jan. How many points did Salah score?",11,14,19,8,D,D,true
"This question refers to the following information.
""A drunkard in the gutter is just where he ought to be. . . . The law of survival of the fittest was not made by man, and it cannot be abrogated by man. We can only, by interfering with it, produce the survival of the unfittest. . . . The millionaires are a product of natural selection, acting on the whole body of men to pick out those who can meet the requirement of certain work to be done. In this respect they are just like the great statesmen, or scientific men, or military men. It is because they are thus selected that wealth—both their own and that entrusted to them—aggregates under their hands. Let one of them make a mistake and see how quickly the concentration gives way to dispersion.""
—William Graham Sumner, What Social Classes Owe to Each Other, 1883
During the late 1800s, those who followed the ideas of William Graham Sumner in his book, What Social Classes Owe to Each Other (excerpted above), would most likely have advocated",a laissez-faire approach to the economy.,government ownership of major banks and railroad companies.,"a social welfare ""safety net"" to help people get through difficult economic times.",government efforts to curb alcohol consumption.,A,A,true
"A defendant in an automobile accident case is being sued by the estate of the driver of the other car. At trial, the defendant calls an eyewitness to the collision. The eyewitness testifies that after the crash, he immediately ran to the other driver's car to try to render assistance. The eyewitness observed the other driver covered with blood from the top of his head down to his toes. He was moaning, gasping, and crying out, ""I did not see the other car coming!"" The other driver died 10 minutes later. The estate's attorney objects to the eyewitness's testimony. The trial judge should rule that his testimony is",admissible as a declaration against interest.,inadmissible as hearsay not within any recognized exception.,"inadmissible, because this testimony cannot be admitted in civil cases. ",admissible as a dying declaration.,D,D,true
Emissary veins connect the intracranial venous sinuses to,veins draining the scalp.,All of the above areas.,veins draining the eye.,the pterygoid venous plexus.,B,B,true
"A high school student was suspended for five days by school officials after he came to school wearing a beard. The school had a rule prohibiting any student from growing a beard or mustache while attending classes. The rule required an automatic five-day suspension in such cases. The student, who was aware of the rule prohibiting beards and mustaches, requested a trial-type hearing before the suspension was imposed. If the school board denies the student's request for a trial-type hearing, which of the following statements is most accurate?",The suspension violated the student's due process rights because it deprived him of his entitlement to an education.,The denial of a trial-type hearing violated the student's due process rights because the suspension was arbitrarily imposed.,"The denial of a trial-type hearing did not violate the student's due process rights because under the circumstances, he had no right to a hearing. ",There was no violation of the student's due process rights because his conduct could be deemed so injurious to school discipline that it warranted suspension prior to a hearing.,C,C,true
"A man sued a railroad for personal injuries suffered when his car was struck by a train at an unguarded crossing. A major issue is whether the train sounded its whistle before arriving at the crossing. The railroad has offered the testimony of a resident who has lived near the crossing for 15 years. Although she was not present on the occasion in question, she will testify that, whenever she is home, the train always sounds its whistle before arriving at the crossing. Is the residentÕs testimony admissible?","No, due to the residentÕs lack of personal knowledge regarding the incident in question.","No, because habit evidence is limited to the conduct of persons, not businesses.","Yes, as evidence of a routine practice.","Yes, as a summary of her present sense impressions.",C,C,true
"This question refers to the following information.
""Society in every state is a blessing, but government even in its best state is but a necessary evil; in its worst state an intolerable one; for when we suffer, or are exposed to the same miseries by a government, which we might expect in a country without government, our calamity is heightened by reflecting that we furnish the means by which we suffer. Government, like dress, is the badge of lost innocence; the palaces of kings are built on the ruins of the bowers of paradise. For were the impulses of conscience clear, uniform, and irresistibly obeyed, man would need no other lawgiver; but that not being the case, he finds it necessary to surrender up a part of his property to furnish means for the protection of the rest; and this he is induced to do by the same prudence which in every other case advises him out of two evils to choose the least. Wherefore, security being the true design and end of government, it unanswerably follows that whatever form thereof appears most likely to ensure it to us, with the least expense and greatest benefit, is preferable to all others.""
Thomas Paine, Common Sense, 1776
Which of the following is most harmonious with the sentiment expressed in the excerpt?","Government is unnecessary, since humanity is capable of guiding itself by personal conscience.",A limited republican government is preferable to a monarchy.,Government is a necessary check against the corrupting influence of society.,Security is the only justification for government.,B,B,true
"A financial analyst was selling illegal drugs as a second income. He met with a reputed drug dealer in a public park and purchased $10,000 worth of pills that were represented to be Oxycodone. They turned out to be worthless sugar pills. In a rage, the analyst hired a thug to beat up the drug dealer and try and get his money back. The thug did try to beat the drug dealer, who turned out to be an federal undercover officer, who had the thug arrested. The financial analyst did not at any time know that the purported drug dealer was a federal drug enforcement officer. Can the financial analyst be convicted of criminal conspiracy (18 U. S. C. Â§ 371) to commit an assault upon a federal officer (18 U. S. C. Â§ 111) under federal law?","Yes, 18 U. S. C. Â§ 111 is a strict liability offense to which there are no defenses.","No, the defendant must have knowledge that the intended victim is a federal officer to be convicted under 18 U. S. C. Â§ 111.","No, the officer sold fake drugs to the defendant, which is a defense to 18 U. S. C. Â§ 111.","Yes, the defendant does not have to know that the victim of an assault is a federal officer.",D,D,true
"Aman had just won $14,000,000 in the lottery. To celebrate his good fortune, the man took a group of friends to a bar for some drinks. At the bar, the man ordered a round of drinks for everyone. As the man knew, these specific drinks that he ordered were highly intoxicating. A few minutes after finishing his drink, the man stood up to go to the bathroom. As he did so, he became very woozy, lost his balance and fell onto a table. The table flipped over and knocked the customer sitting there backward off his chair. The customer's head struck the floor with such force that he suffered a concussion. Thereafter, the man was charged with the crime of reckless endangerment, which is defined in this jurisdiction as ""reckless conduct causing physical injury to another. "" At his trial, the man called the bartender who served the drinks on the day in question to testif'. The bartender testified that the drinks she served the man and his friends were 95% alcohol. At the close of the bartender's testimony, the state objected and moved to strike her testimony. The trial judge sustained the motion. Was the trial judge correct in excluding the bartender's testimony?","Yes, because reckless endangerment is a general intent crime. ","No, because the testimony was evidence that the man did not possess the requisite mens rea. ","Yes, because the man's intoxication was voluntary. ","No, because the testimony was evidence that the man's conduct was not voluntary. ",C,A,false
Solve the equation 124 = m + 34.,158,88,90,"4,216",C,C,true
The rational basis test is the primary standard for determining whether a statute violates the equal protection guarantees of the Fifth Amendment and the Fourteenth Amendment. Under what circumstances will the courts strike down a statutory classification for equal protection violations when using the rational basis test?,"When there are only plausible reasons rather than compelling reasons for the classification, it can be struck down.",If there is no conceivable set of facts that could provide a rational basis for the classification.,A classification that tries to protect and encourage a legitimate interest of the state government will be struck down if it has a side effect of causing some inequality of treatment.,"When the classification results in some inequality among classes of persons, it cannot be rationally tolerated.",B,B,true
"Characteristic X rays, appearing as sharp lines on a continuous background, are produced when high-energy electrons bombard a metal target. Which of the following processes results in the characteristic X rays?",Electrons producing Čerenkov radiation,Electrons colliding with phonons in the metal,Electrons combining with protons to form neutrons,Electrons filling inner shell vacancies that are created in the metal atoms,D,D,true
Who set the world record for the mile race in 1886?,R Bannister,WG George,S Coe,J DiMaggio,B,B,true
In a patient with chest pain which of these features is most suggestive of a myocardial infarction?,Very severe pain,Pain has lasted for over a week,Pain is sharp like a knife,Sweating and vomiting,D,D,true
"One fall weekend, an outdoorsman went on a camping trip to a remote wilderness area deep in the northern part of the state in which he lived. While on the trip, the outdoorsman went deer hunting. He was in a very desolate area, surrounded by a densely wooded terrain, that was located at least 100 miles from any habitation. After a rather uneventful morning with nothing at which to shoot, the outdoorsman suddenly spotted a bald eagle; a nearly extinct bird. The bald eagle was listed as an endangered species, and to shoot one in this state was a criminal offense. Unable to resist the temptation, the outdoorsman took a shot at the bald eagle. The bullet missed the bald eagle but struck a hermit, who had moved to the woods a few months earlier to escape from the stresses of society. The hermit had been napping in a secluded area. The bullet hit the hermit in the eye and permanently blinded him. The outdoorsman was unaware of the hermit's presence. If the hermit asserts a claim against the outdoorsman to recover damages for his injury, the hermit will","not prevail, because the outdoorsman had noreason to anticipate the presence of anotherperson in such a remote area. ","prevail, because his injury was caused by theoutdoorsman's unlawful act. ","prevail, because firearms are dangerous instrumentalities imposing strict liability on the user. ","not prevail, because the outdoorsman did notintend to shoot the hermit. ",A,A,true
"A buyer and a seller entered into a written contract for the sale of land. The contract satisfied the requirements of the statute of frauds. Because the buyer needed time to obtain financing, the buyer and the seller did not agree upon a closing date, and the written contract did not contain a stated closing date. Ten days after signing the contract, the buyer and the seller orally agreed to rescind the contract. The next day, the seller sold the land to a third party. Two days after that sale, the original buyer told the seller that she had changed her mind and wanted to complete their contract. When the seller told her that he had sold the land to a third party, she sued him for breach of the written contract. For whom will the court find? ","For the buyer, because the agreement to rescind the contract was not in a writing signed by the buyer and the seller.","For the buyer, because she informed the seller within a reasonable time that she desired to close the transaction.","For the seller, because the contract failed to contain a stated closing date.","For the seller, because the oral rescission was valid.",A,D,false
"A man owned a house where he lived with his family. The man was convicted of selling large quantities of an illegal drug from his house. Acting under a state law authorizing the destruction of buildings that are used for illegal activity, the city destroyed the manÕs house. The manÕs family then rented an apartment and demanded that the city pay the rent for that temporary residence. The family relied on a state law providing that any person who was dispossessed of his or her place of residence because of the actions of city officials was entitled to replacement housing at the cityÕs expense until permanent substitute housing could be found. When the city refused to pay the rent for the apartment, the manÕs family sued the city in a state trial court claiming a right to such payment under both the state law and the due process clause of the Fourteenth Amendment to the United States Constitution. The highest state court ruled for the family. Although the court decided that the family had no right to payment under the state law, it held that the Fourteenth Amendment entitled the family to payment of the rent for the temporary apart-ment. In its opinion, the highest state court indicated that in several of its decisions it had found cities liable for compen-sation in similar situations on the basis of the due process clause of the state constitution. But the highest state court declined to base its holding on the state constitution because that issue had not been properly raised in the case. The city then filed a petition for a writ of certiorari in the United States Supreme Court. Does the Court have jurisdiction to review the merits of this case?","Yes, because the highest state court based its decision wholly on federal law grounds.","Yes, because the federal and state law issues in this case are so intertwined that a resolution of the federal law issues is necessary to facilitate a proper determination of the state law issues.","No, because the decision of the highest state court ren-ders the case moot.","No, because independent state law grounds could have been used to justify the result in this case.",A,A,true
The equilibrium constant of a certain reaction is 2.6 × 10^8 at 25 °C. What is the value of ΔG°?,20.8 J mol-1,-48.0 kJ/mol,4.68 × 10^-3 kJ/mol,-4.03 kJ mol-1,B,B,true
"A seller sold his boat to a buyer. During negotiations, the buyer said that he planned to sail the boat on the open seas. The seller told the buyer that the boat was seaworthy and had never sustained any significant damage. In fact, the hull of the boat had been badly damaged when the seller had run the boat aground. The seller had then done a cosmetic repair to the hull rather than a structural repair. The buyer relied on the seller's representations and paid a fair price for a boat in good repair, only to discover after the sale was completed that the hull was in fact badly damaged and in a dangerous condition. The seller has refused to refund any of the buyer's money, and the buyer is contemplating suing the seller. Under what theory would the buyer be most likely to recover? ",Fraud.,Intentional endangerment.,Negligent misrepresentation.,Strict products liability.  ,A,A,true
"This question refers to the following information.
""A drunkard in the gutter is just where he ought to be. . . . The law of survival of the fittest was not made by man, and it cannot be abrogated by man. We can only, by interfering with it, produce the survival of the unfittest. . . . The millionaires are a product of natural selection, acting on the whole body of men to pick out those who can meet the requirement of certain work to be done. In this respect they are just like the great statesmen, or scientific men, or military men. It is because they are thus selected that wealth—both their own and that entrusted to them—aggregates under their hands. Let one of them make a mistake and see how quickly the concentration gives way to dispersion.""
—William Graham Sumner, What Social Classes Owe to Each Other, 1883
During the late 1800s, those who followed the ideas of William Graham Sumner in his book, What Social Classes Owe to Each Other (excerpted above), would most likely have advocated",government ownership of major banks and railroad companies.,a laissez-faire approach to the economy.,"a social welfare ""safety net"" to help people get through difficult economic times.",government efforts to curb alcohol consumption.,B,B,true
"A man with a herniated lumbar disk was a passenger in a car that was hit by another car going through a stop sign. He was hospitalized and released with instructions to continue his ongoing therapy treatments. X-rays and MRI's had shown the same lumbar disk herniation, and no additional injuries, although the man reported increased pain, discomfort and inability to function. He now required twice as much therapy and significantly stronger medications to control the pain. He sued the negligent driver. The driver argued that the passenger had the same herniated disk prior to and after the accident. Will the court take the case away from the jury on the basis that the passenger has not shown an injury?","No, because he has shown an exacerbation of a pre-existing condition where there is enough evidence to apportion the damages.","Yes, because the increased therapy is insufficient to justify a claim for damages.","Yes, because it would be impossible to separate the post-accident injuries from those that existed prior to the accident.","No, all damages are always automatically switched to the driver who caused the second accident.",A,A,true
"A state legislature recently enacted a statute legalizing harness racing. The statute authorized pari-mutuel betting at certain track locations within the state. A seven-member commission was established and empowered to supervise and regulate the sport's activities. Under an inseparable provision of the statute, the commission was authorized to suspend the racing license of any trainer whose horse tested positive for illegal drugs. The statute permitted the commission to make the suspension without any prior hearing. However, suspended trainers were entitled to a prompt post- suspension hearing and decision on any issues in dispute. The racing season was inaugurated at the largest racetrack in the state. The featured race was a $1,000,000 harness race for 2-year-old trotters. After the awards presentation, the winning horse underwent a standard drug test and traces of cocaine were found in his urine sample. Immediately thereafter, the horse was disqualified and the commission suspended the horse's trainer, without a prior hearing. Without seeking a post-suspension hearing as provided by statute, the trainer brings suit in federal district court challenging the constitutionality of the state harness racing law. The statute is probably","constitutional, because the state's interest in suspending the license of horse trainers suspected of illegal drugging is sufficiently important to permit the suspension of any prior hearing. ","constitutional, because being granted a racing license is a privilege, not a right. ","unconstitutional, because the suspension provision unreasonably interferes with a trainer's right to contract with horse owners and seek gainful employment. ","unconstitutional, because the suspension provision violates due process by not affording a prior hearing. ",A,A,true
What is x if 3 x = 84 ?,20,21,28,26,C,C,true
"A man sued a railroad for personal injuries suffered when his car was struck by a train at an unguarded crossing. A major issue is whether the train sounded its whistle before arriving at the crossing. The railroad has offered the testimony of a resident who has lived near the crossing for 15 years. Although she was not present on the occasion in question, she will testify that, whenever she is home, the train always sounds its whistle before arriving at the crossing. Is the residentÕs testimony admissible?","No, due to the residentÕs lack of personal knowledge regarding the incident in question.","No, because habit evidence is limited to the conduct of persons, not businesses.","Yes, as a summary of her present sense impressions.","Yes, as evidence of a routine practice.",D,D,true
Which of the following represents Cushing's response?,"High blood pressure, bradycardia.","Low blood pressure, tachycardia.","High blood pressure, tachycardia.","Low blood pressure, bradycardia.",A,A,true
In 1948 how many Americans believed the Kinsey Report on Sexuality in the Male to be a bad thing?,11%,92%,64%,27%,A,A,true
"For audio frequency applications, the popular oscillator used is",Wien bridge oscillator,Hartley oscillator,Crystal oscillator,Phase shift oscillator,A,A,true
Solve the equation 124 = m + 34.,158,88,"4,216",90,D,D,true
Who set the world record for the mile race in 1886?,R Bannister,S Coe,WG George,J DiMaggio,C,C,true
"Mr. Carson drove 1,027 miles in April. He drove 988 miles in May. Mr. Carson used the expression below to find how many more miles he drove in April than in May. 1,027 – 988 How many more miles did Mr. Carson drive in April than in May?",39 miles,139 miles,161 miles,"1,961 miles",A,A,true
"A seller sold his boat to a buyer. During negotiations, the buyer said that he planned to sail the boat on the open seas. The seller told the buyer that the boat was seaworthy and had never sustained any significant damage. In fact, the hull of the boat had been badly damaged when the seller had run the boat aground. The seller had then done a cosmetic repair to the hull rather than a structural repair. The buyer relied on the seller's representations and paid a fair price for a boat in good repair, only to discover after the sale was completed that the hull was in fact badly damaged and in a dangerous condition. The seller has refused to refund any of the buyer's money, and the buyer is contemplating suing the seller. Under what theory would the buyer be most likely to recover? ",Intentional endangerment.,Fraud.,Negligent misrepresentation.,Strict products liability.  ,B,B,true
Wendy bought 30 packs of gum. Each pack had 5 pieces. She multiplied 30 × 5 to find the number of pieces of gum she bought. How many pieces of gum did Wendy buy?,150,15,35,305,A,A,true
The rational basis test is the primary standard for determining whether a statute violates the equal protection guarantees of the Fifth Amendment and the Fourteenth Amendment. Under what circumstances will the courts strike down a statutory classification for equal protection violations when using the rational basis test?,"When there are only plausible reasons rather than compelling reasons for the classification, it can be struck down.",A classification that tries to protect and encourage a legitimate interest of the state government will be struck down if it has a side effect of causing some inequality of treatment.,If there is no conceivable set of facts that could provide a rational basis for the classification.,"When the classification results in some inequality among classes of persons, it cannot be rationally tolerated.",C,C,true
"Aman had just won $14,000,000 in the lottery. To celebrate his good fortune, the man took a group of friends to a bar for some drinks. At the bar, the man ordered a round of drinks for everyone. As the man knew, these specific drinks that he ordered were highly intoxicating. A few minutes after finishing his drink, the man stood up to go to the bathroom. As he did so, he became very woozy, lost his balance and fell onto a table. The table flipped over and knocked the customer sitting there backward off his chair. The customer's head struck the floor with such force that he suffered a concussion. Thereafter, the man was charged with the crime of reckless endangerment, which is defined in this jurisdiction as ""reckless conduct causing physical injury to another. "" At his trial, the man called the bartender who served the drinks on the day in question to testif'. The bartender testified that the drinks she served the man and his friends were 95% alcohol. At the close of the bartender's testimony, the state objected and moved to strike her testimony. The trial judge sustained the motion. Was the trial judge correct in excluding the bartender's testimony?","Yes, because reckless endangerment is a general intent crime. ","No, because the testimony was evidence that the man did not possess the requisite mens rea. ","No, because the testimony was evidence that the man's conduct was not voluntary. ","Yes, because the man's intoxication was voluntary. ",D,D,true
"A man with a herniated lumbar disk was a passenger in a car that was hit by another car going through a stop sign. He was hospitalized and released with instructions to continue his ongoing therapy treatments. X-rays and MRI's had shown the same lumbar disk herniation, and no additional injuries, although the man reported increased pain, discomfort and inability to function. He now required twice as much therapy and significantly stronger medications to control the pain. He sued the negligent driver. The driver argued that the passenger had the same herniated disk prior to and after the accident. Will the court take the case away from the jury on the basis that the passenger has not shown an injury?","Yes, because the increased therapy is insufficient to justify a claim for damages.","No, because he has shown an exacerbation of a pre-existing condition where there is enough evidence to apportion the damages.","Yes, because it would be impossible to separate the post-accident injuries from those that existed prior to the accident.","No, all damages are always automatically switched to the driver who caused the second accident.",B,B,true
What is x if 3 x = 84 ?,20,21,26,28,D,D,true
Emissary veins connect the intracranial venous sinuses to,veins draining the scalp.,veins draining the eye.,All of the above areas.,the pterygoid venous plexus.,C,C,true
"One fall weekend, an outdoorsman went on a camping trip to a remote wilderness area deep in the northern part of the state in which he lived. While on the trip, the outdoorsman went deer hunting. He was in a very desolate area, surrounded by a densely wooded terrain, that was located at least 100 miles from any habitation. After a rather uneventful morning with nothing at which to shoot, the outdoorsman suddenly spotted a bald eagle; a nearly extinct bird. The bald eagle was listed as an endangered species, and to shoot one in this state was a criminal offense. Unable to resist the temptation, the outdoorsman took a shot at the bald eagle. The bullet missed the bald eagle but struck a hermit, who had moved to the woods a few months earlier to escape from the stresses of society. The hermit had been napping in a secluded area. The bullet hit the hermit in the eye and permanently blinded him. The outdoorsman was unaware of the hermit's presence. If the hermit asserts a claim against the outdoorsman to recover damages for his injury, the hermit will","prevail, because his injury was caused by theoutdoorsman's unlawful act. ","not prevail, because the outdoorsman had noreason to anticipate the presence of anotherperson in such a remote area. ","prevail, because firearms are dangerous instrumentalities imposing strict liability on the user. ","not prevail, because the outdoorsman did notintend to shoot the hermit. ",B,B,true
"A buyer and a seller entered into a written contract for the sale of land. The contract satisfied the requirements of the statute of frauds. Because the buyer needed time to obtain financing, the buyer and the seller did not agree upon a closing date, and the written contract did not contain a stated closing date. Ten days after signing the contract, the buyer and the seller orally agreed to rescind the contract. The next day, the seller sold the land to a third party. Two days after that sale, the original buyer told the seller that she had changed her mind and wanted to complete their contract. When the seller told her that he had sold the land to a third party, she sued him for breach of the written contract. For whom will the court find? ","For the buyer, because she informed the seller within a reasonable time that she desired to close the transaction.","For the buyer, because the agreement to rescind the contract was not in a writing signed by the buyer and the seller.","For the seller, because the contract failed to contain a stated closing date.","For the seller, because the oral rescission was valid.",B,D,false
"A man owned a house where he lived with his family. The man was convicted of selling large quantities of an illegal drug from his house. Acting under a state law authorizing the destruction of buildings that are used for illegal activity, the city destroyed the manÕs house. The manÕs family then rented an apartment and demanded that the city pay the rent for that temporary residence. The family relied on a state law providing that any person who was dispossessed of his or her place of residence because of the actions of city officials was entitled to replacement housing at the cityÕs expense until permanent substitute housing could be found. When the city refused to pay the rent for the apartment, the manÕs family sued the city in a state trial court claiming a right to such payment under both the state law and the due process clause of the Fourteenth Amendment to the United States Constitution. The highest state court ruled for the family. Although the court decided that the family had no right to payment under the state law, it held that the Fourteenth Amendment entitled the family to payment of the rent for the temporary apart-ment. In its opinion, the highest state court indicated that in several of its decisions it had found cities liable for compen-sation in similar situations on the basis of the due process clause of the state constitution. But the highest state court declined to base its holding on the state constitution because that issue had not been properly raised in the case. The city then filed a petition for a writ of certiorari in the United States Supreme Court. Does the Court have jurisdiction to review the merits of this case?","Yes, because the federal and state law issues in this case are so intertwined that a resolution of the federal law issues is necessary to facilitate a proper determination of the state law issues.","Yes, because the highest state court based its decision wholly on federal law grounds.","No, because the decision of the highest state court ren-ders the case moot.","No, because independent state law grounds could have been used to justify the result in this case.",B,B,true
"A high school student was suspended for five days by school officials after he came to school wearing a beard. The school had a rule prohibiting any student from growing a beard or mustache while attending classes. The rule required an automatic five-day suspension in such cases. The student, who was aware of the rule prohibiting beards and mustaches, requested a trial-type hearing before the suspension was imposed. If the school board denies the student's request for a trial-type hearing, which of the following statements is most accurate?",The suspension violated the student's due process rights because it deprived him of his entitlement to an education.,The denial of a trial-type hearing violated the student's due process rights because the suspension was arbitrarily imposed.,There was no violation of the student's due process rights because his conduct could be deemed so injurious to school discipline that it warranted suspension prior to a hearing.,"The denial of a trial-type hearing did not violate the student's due process rights because under the circumstances, he had no right to a hearing. ",D,D,true
"This question refers to the following information.
""A drunkard in the gutter is just where he ought to be. . . . The law of survival of the fittest was not made by man, and it cannot be abrogated by man. We can only, by interfering with it, produce the survival of the unfittest. . . . The millionaires are a product of natural selection, acting on the whole body of men to pick out those who can meet the requirement of certain work to be done. In this respect they are just like the great statesmen, or scientific men, or military men. It is because they are thus selected that wealth—both their own and that entrusted to them—aggregates under their hands. Let one of them make a mistake and see how quickly the concentration gives way to dispersion.""
—William Graham Sumner, What Social Classes Owe to Each Other, 1883
During the late 1800s, those who followed the ideas of William Graham Sumner in his book, What Social Classes Owe to Each Other (excerpted above), would most likely have advocated",government ownership of major banks and railroad companies.,"a social welfare ""safety net"" to help people get through difficult economic times.",a laissez-faire approach to the economy.,government efforts to curb alcohol consumption.,C,C,true
The equilibrium constant of a certain reaction is 2.6 × 10^8 at 25 °C. What is the value of ΔG°?,20.8 J mol-1,4.68 × 10^-3 kJ/mol,-48.0 kJ/mol,-4.03 kJ mol-1,C,C,true
"A seller sold his boat to a buyer. During negotiations, the buyer said that he planned to sail the boat on the open seas. The seller told the buyer that the boat was seaworthy and had never sustained any significant damage. In fact, the hull of the boat had been badly damaged when the seller had run the boat aground. The seller had then done a cosmetic repair to the hull rather than a structural repair. The buyer relied on the seller's representations and paid a fair price for a boat in good repair, only to discover after the sale was completed that the hull was in fact badly damaged and in a dangerous condition. The seller has refused to refund any of the buyer's money, and the buyer is contemplating suing the seller. Under what theory would the buyer be most likely to recover? ",Intentional endangerment.,Negligent misrepresentation.,Fraud.,Strict products liability.  ,C,C,true
Which of the following represents Cushing's response?,"Low blood pressure, tachycardia.","High blood pressure, bradycardia.","High blood pressure, tachycardia.","Low blood pressure, bradycardia.",B,B,true
"A state legislature recently enacted a statute legalizing harness racing. The statute authorized pari-mutuel betting at certain track locations within the state. A seven-member commission was established and empowered to supervise and regulate the sport's activities. Under an inseparable provision of the statute, the commission was authorized to suspend the racing license of any trainer whose horse tested positive for illegal drugs. The statute permitted the commission to make the suspension without any prior hearing. However, suspended trainers were entitled to a prompt post- suspension hearing and decision on any issues in dispute. The racing season was inaugurated at the largest racetrack in the state. The featured race was a $1,000,000 harness race for 2-year-old trotters. After the awards presentation, the winning horse underwent a standard drug test and traces of cocaine were found in his urine sample. Immediately thereafter, the horse was disqualified and the commission suspended the horse's trainer, without a prior hearing. Without seeking a post-suspension hearing as provided by statute, the trainer brings suit in federal district court challenging the constitutionality of the state harness racing law. The statute is probably","constitutional, because being granted a racing license is a privilege, not a right. ","constitutional, because the state's interest in suspending the license of horse trainers suspected of illegal drugging is sufficiently important to permit the suspension of any prior hearing. ","unconstitutional, because the suspension provision unreasonably interferes with a trainer's right to contract with horse owners and seek gainful employment. ","unconstitutional, because the suspension provision violates due process by not affording a prior hearing. ",B,B,true
"Which of the following statements is (are) true for a Maxwell-Boltzmann description of an ideal gas of atoms in equilibrium at temperature T?
I. The average velocity of the atoms is zero.
II. The distribution of the speeds of the atoms has a maximum at v = 0.
III. The probability of finding an atom with zero kinetic energy is zero.",I and III,I only,II only,I and II,A,A,true
"A man with a herniated lumbar disk was a passenger in a car that was hit by another car going through a stop sign. He was hospitalized and released with instructions to continue his ongoing therapy treatments. X-rays and MRI's had shown the same lumbar disk herniation, and no additional injuries, although the man reported increased pain, discomfort and inability to function. He now required twice as much therapy and significantly stronger medications to control the pain. He sued the negligent driver. The driver argued that the passenger had the same herniated disk prior to and after the accident. Will the court take the case away from the jury on the basis that the passenger has not shown an injury?","Yes, because the increased therapy is insufficient to justify a claim for damages.","Yes, because it would be impossible to separate the post-accident injuries from those that existed prior to the accident.","No, because he has shown an exacerbation of a pre-existing condition where there is enough evidence to apportion the damages.","No, all damages are always automatically switched to the driver who caused the second accident.",C,C,true
"Mr. Carson drove 1,027 miles in April. He drove 988 miles in May. Mr. Carson used the expression below to find how many more miles he drove in April than in May. 1,027 – 988 How many more miles did Mr. Carson drive in April than in May?",139 miles,39 miles,161 miles,"1,961 miles",B,B,true
The rational basis test is the primary standard for determining whether a statute violates the equal protection guarantees of the Fifth Amendment and the Fourteenth Amendment. Under what circumstances will the courts strike down a statutory classification for equal protection violations when using the rational basis test?,"When there are only plausible reasons rather than compelling reasons for the classification, it can be struck down.",A classification that tries to protect and encourage a legitimate interest of the state government will be struck down if it has a side effect of causing some inequality of treatment.,"When the classification results in some inequality among classes of persons, it cannot be rationally tolerated.",If there is no conceivable set of facts that could provide a rational basis for the classification.,D,D,true
Wendy bought 30 packs of gum. Each pack had 5 pieces. She multiplied 30 × 5 to find the number of pieces of gum she bought. How many pieces of gum did Wendy buy?,15,150,35,305,B,B,true
Who set the world record for the mile race in 1886?,R Bannister,S Coe,J DiMaggio,WG George,D,D,true
"A buyer and a seller entered into a written contract for the sale of land. The contract satisfied the requirements of the statute of frauds. Because the buyer needed time to obtain financing, the buyer and the seller did not agree upon a closing date, and the written contract did not contain a stated closing date. Ten days after signing the contract, the buyer and the seller orally agreed to rescind the contract. The next day, the seller sold the land to a third party. Two days after that sale, the original buyer told the seller that she had changed her mind and wanted to complete their contract. When the seller told her that he had sold the land to a third party, she sued him for breach of the written contract. For whom will the court find? ","For the buyer, because she informed the seller within a reasonable time that she desired to close the transaction.","For the seller, because the contract failed to contain a stated closing date.","For the buyer, because the agreement to rescind the contract was not in a writing signed by the buyer and the seller.","For the seller, because the oral rescission was valid.",C,D,false
Which of the following is flexible connective tissue that is attached to bones at the joints?,Cartilage,Adipose,Epithelial,Muscle,A,A,true
Which of the following is incorrect?,Dentures should be stored dry.,Dentures should be removed at night.,Dentures should be cleaned on removal from mouth.,Dentures should be stored in a named pot.,A,A,true
"A man owned a house where he lived with his family. The man was convicted of selling large quantities of an illegal drug from his house. Acting under a state law authorizing the destruction of buildings that are used for illegal activity, the city destroyed the manÕs house. The manÕs family then rented an apartment and demanded that the city pay the rent for that temporary residence. The family relied on a state law providing that any person who was dispossessed of his or her place of residence because of the actions of city officials was entitled to replacement housing at the cityÕs expense until permanent substitute housing could be found. When the city refused to pay the rent for the apartment, the manÕs family sued the city in a state trial court claiming a right to such payment under both the state law and the due process clause of the Fourteenth Amendment to the United States Constitution. The highest state court ruled for the family. Although the court decided that the family had no right to payment under the state law, it held that the Fourteenth Amendment entitled the family to payment of the rent for the temporary apart-ment. In its opinion, the highest state court indicated that in several of its decisions it had found cities liable for compen-sation in similar situations on the basis of the due process clause of the state constitution. But the highest state court declined to base its holding on the state constitution because that issue had not been properly raised in the case. The city then filed a petition for a writ of certiorari in the United States Supreme Court. Does the Court have jurisdiction to review the merits of this case?","Yes, because the federal and state law issues in this case are so intertwined that a resolution of the federal law issues is necessary to facilitate a proper determination of the state law issues.","No, because the decision of the highest state court ren-ders the case moot.","Yes, because the highest state court based its decision wholly on federal law grounds.","No, because independent state law grounds could have been used to justify the result in this case.",C,C,true
"A man with a herniated lumbar disk was a passenger in a car that was hit by another car going through a stop sign. He was hospitalized and released with instructions to continue his ongoing therapy treatments. X-rays and MRI's had shown the same lumbar disk herniation, and no additional injuries, although the man reported increased pain, discomfort and inability to function. He now required twice as much therapy and significantly stronger medications to control the pain. He sued the negligent driver. The driver argued that the passenger had the same herniated disk prior to and after the accident. Will the court take the case away from the jury on the basis that the passenger has not shown an injury?","Yes, because the increased therapy is insufficient to justify a claim for damages.","Yes, because it would be impossible to separate the post-accident injuries from those that existed prior to the accident.","No, all damages are always automatically switched to the driver who caused the second accident.","No, because he has shown an exacerbation of a pre-existing condition where there is enough evidence to apportion the damages.",D,D,true
A librarian receives two boxes of booksfor the library. The first box has 136 books. The second box has 58 fewer books than the first box. What is the total number of books the librarian receives?,214,58,78,194,A,A,true
Which of the following represents Cushing's response?,"Low blood pressure, tachycardia.","High blood pressure, tachycardia.","High blood pressure, bradycardia.","Low blood pressure, bradycardia.",C,C,true
"Suppose a user has an iPhone (running iOS) and downloads an app called Innocent from the Apple App Store and installs it. The user unlocks the phone and runs Innocent. Innocent exploits a bug in the iOS kernel which allows Innocent to redirect execution inside the kernel to code that Innocent controls. Now Innocent can execute any instructions it likes inside the iOS kernel. Innocent is not able to exploit any bugs in the phone’s secure enclave. Can Innocent read the user’s private information stored in the phone’s flash (e.g. Contacts and messages), or will the security measures described in the paper keep the data private? If Innocent is only able to see encrypted data, then the phone has successfully kept the data private. Circle the security features of the phone (if any) that will prevent Innocent from reading information from the flash on the phone.",None of the above,Secure boot chain,System software authorization ,The secure enclave’s ephemeral key,A,A,true
"One fall weekend, an outdoorsman went on a camping trip to a remote wilderness area deep in the northern part of the state in which he lived. While on the trip, the outdoorsman went deer hunting. He was in a very desolate area, surrounded by a densely wooded terrain, that was located at least 100 miles from any habitation. After a rather uneventful morning with nothing at which to shoot, the outdoorsman suddenly spotted a bald eagle; a nearly extinct bird. The bald eagle was listed as an endangered species, and to shoot one in this state was a criminal offense. Unable to resist the temptation, the outdoorsman took a shot at the bald eagle. The bullet missed the bald eagle but struck a hermit, who had moved to the woods a few months earlier to escape from the stresses of society. The hermit had been napping in a secluded area. The bullet hit the hermit in the eye and permanently blinded him. The outdoorsman was unaware of the hermit's presence. If the hermit asserts a claim against the outdoorsman to recover damages for his injury, the hermit will","prevail, because his injury was caused by theoutdoorsman's unlawful act. ","prevail, because firearms are dangerous instrumentalities imposing strict liability on the user. ","not prevail, because the outdoorsman had noreason to anticipate the presence of anotherperson in such a remote area. ","not prevail, because the outdoorsman did notintend to shoot the hermit. ",C,C,true
"A husband and a wife were chronic alcoholics. One afternoon, the husband drank a fifth of bourbon and was drunk when his wife returned home from work. When the wife saw her husband's condition, she got very angry because they had planned to go out to dinner and celebrate their wedding anniversary. While the husband was passed out on the living room couch, the wife decided to fix herself a martini. After drinking two martinis, the wife became extremely inebriated. A short while later, the wife began preparing a third martini and tried to slice a lemon for the drink. As she did so, the knife slipped, and she cut her hand severely. With blood gushing from the wound, the wife called her husband to help her. He awoke momentarily, stood up, but fell back on the couch and passed out. He failed to render any assistance, and the wife bled to death. If the husband is subsequently charged with manslaughter, he will be found","guilty, because he owed his wife a duty to assist her. ","guilty, because criminal negligent conduct cannot be negated by voluntary intoxication. ","not guilty, because he was physically unable to assist her. ","not guilty, because the wife caused her own injury. ",C,C,true
"Mr. Carson drove 1,027 miles in April. He drove 988 miles in May. Mr. Carson used the expression below to find how many more miles he drove in April than in May. 1,027 – 988 How many more miles did Mr. Carson drive in April than in May?",139 miles,161 miles,39 miles,"1,961 miles",C,C,true
Emissary veins connect the intracranial venous sinuses to,veins draining the scalp.,veins draining the eye.,the pterygoid venous plexus.,All of the above areas.,D,D,true
Wendy bought 30 packs of gum. Each pack had 5 pieces. She multiplied 30 × 5 to find the number of pieces of gum she bought. How many pieces of gum did Wendy buy?,15,35,150,305,C,C,true
"A seller sold his boat to a buyer. During negotiations, the buyer said that he planned to sail the boat on the open seas. The seller told the buyer that the boat was seaworthy and had never sustained any significant damage. In fact, the hull of the boat had been badly damaged when the seller had run the boat aground. The seller had then done a cosmetic repair to the hull rather than a structural repair. The buyer relied on the seller's representations and paid a fair price for a boat in good repair, only to discover after the sale was completed that the hull was in fact badly damaged and in a dangerous condition. The seller has refused to refund any of the buyer's money, and the buyer is contemplating suing the seller. Under what theory would the buyer be most likely to recover? ",Intentional endangerment.,Negligent misrepresentation.,Strict products liability.  ,Fraud.,D,D,true
The equilibrium constant of a certain reaction is 2.6 × 10^8 at 25 °C. What is the value of ΔG°?,20.8 J mol-1,4.68 × 10^-3 kJ/mol,-4.03 kJ mol-1,-48.0 kJ/mol,D,D,true
Which of the following is flexible connective tissue that is attached to bones at the joints?,Adipose,Cartilage,Epithelial,Muscle,B,B,true
"As of 2020, about what percentage of the population in Sub-Saharan Africa, is living on less than $1.90?",40%,10%,20%,80%,A,A,true
"A buyer and a seller entered into a written contract for the sale of land. The contract satisfied the requirements of the statute of frauds. Because the buyer needed time to obtain financing, the buyer and the seller did not agree upon a closing date, and the written contract did not contain a stated closing date. Ten days after signing the contract, the buyer and the seller orally agreed to rescind the contract. The next day, the seller sold the land to a third party. Two days after that sale, the original buyer told the seller that she had changed her mind and wanted to complete their contract. When the seller told her that he had sold the land to a third party, she sued him for breach of the written contract. For whom will the court find? ","For the buyer, because she informed the seller within a reasonable time that she desired to close the transaction.","For the seller, because the contract failed to contain a stated closing date.","For the seller, because the oral rescission was valid.","For the buyer, because the agreement to rescind the contract was not in a writing signed by the buyer and the seller.",D,C,false
"This question refers to the following information.
""A drunkard in the gutter is just where he ought to be. . . . The law of survival of the fittest was not made by man, and it cannot be abrogated by man. We can only, by interfering with it, produce the survival of the unfittest. . . . The millionaires are a product of natural selection, acting on the whole body of men to pick out those who can meet the requirement of certain work to be done. In this respect they are just like the great statesmen, or scientific men, or military men. It is because they are thus selected that wealth—both their own and that entrusted to them—aggregates under their hands. Let one of them make a mistake and see how quickly the concentration gives way to dispersion.""
—William Graham Sumner, What Social Classes Owe to Each Other, 1883
During the late 1800s, those who followed the ideas of William Graham Sumner in his book, What Social Classes Owe to Each Other (excerpted above), would most likely have advocated",government ownership of major banks and railroad companies.,"a social welfare ""safety net"" to help people get through difficult economic times.",government efforts to curb alcohol consumption.,a laissez-faire approach to the economy.,D,D,true
Which of the following represents Cushing's response?,"Low blood pressure, tachycardia.","High blood pressure, tachycardia.","Low blood pressure, bradycardia.","High blood pressure, bradycardia.",D,D,true
"A state legislature recently enacted a statute legalizing harness racing. The statute authorized pari-mutuel betting at certain track locations within the state. A seven-member commission was established and empowered to supervise and regulate the sport's activities. Under an inseparable provision of the statute, the commission was authorized to suspend the racing license of any trainer whose horse tested positive for illegal drugs. The statute permitted the commission to make the suspension without any prior hearing. However, suspended trainers were entitled to a prompt post- suspension hearing and decision on any issues in dispute. The racing season was inaugurated at the largest racetrack in the state. The featured race was a $1,000,000 harness race for 2-year-old trotters. After the awards presentation, the winning horse underwent a standard drug test and traces of cocaine were found in his urine sample. Immediately thereafter, the horse was disqualified and the commission suspended the horse's trainer, without a prior hearing. Without seeking a post-suspension hearing as provided by statute, the trainer brings suit in federal district court challenging the constitutionality of the state harness racing law. The statute is probably","constitutional, because being granted a racing license is a privilege, not a right. ","unconstitutional, because the suspension provision unreasonably interferes with a trainer's right to contract with horse owners and seek gainful employment. ","constitutional, because the state's interest in suspending the license of horse trainers suspected of illegal drugging is sufficiently important to permit the suspension of any prior hearing. ","unconstitutional, because the suspension provision violates due process by not affording a prior hearing. ",C,C,true
"A man is suing a store for damages for injuries allegedly suffered when a can of soup fell on his toe while he was shopping. At trial, the store calls a member of the local community to testif' that the man's reputation for honesty is poor, and that he is known far and wide as the biggest storyteller intown. This testimony is","admissible, but only to show the likely exaggeration of the man's alleged injuries. ",inadmissible character evidence.,"admissible, but only to discredit the man's testimony that the accident happened in the manner in which he claims it did. ","inadmissible, because the man's testimony has not yet been rebutted by the store, and his credibility is, therefore, not yet susceptible to attack. ",C,C,true
"Which of the following statements is (are) true for a Maxwell-Boltzmann description of an ideal gas of atoms in equilibrium at temperature T?
I. The average velocity of the atoms is zero.
II. The distribution of the speeds of the atoms has a maximum at v = 0.
III. The probability of finding an atom with zero kinetic energy is zero.",I only,I and III,II only,I and II,B,B,true
What is the square of 15?,225,15,15-Jan,256,A,A,true
Which of the following is incorrect?,Dentures should be removed at night.,Dentures should be stored dry.,Dentures should be cleaned on removal from mouth.,Dentures should be stored in a named pot.,B,B,true
"A man owned a house where he lived with his family. The man was convicted of selling large quantities of an illegal drug from his house. Acting under a state law authorizing the destruction of buildings that are used for illegal activity, the city destroyed the manÕs house. The manÕs family then rented an apartment and demanded that the city pay the rent for that temporary residence. The family relied on a state law providing that any person who was dispossessed of his or her place of residence because of the actions of city officials was entitled to replacement housing at the cityÕs expense until permanent substitute housing could be found. When the city refused to pay the rent for the apartment, the manÕs family sued the city in a state trial court claiming a right to such payment under both the state law and the due process clause of the Fourteenth Amendment to the United States Constitution. The highest state court ruled for the family. Although the court decided that the family had no right to payment under the state law, it held that the Fourteenth Amendment entitled the family to payment of the rent for the temporary apart-ment. In its opinion, the highest state court indicated that in several of its decisions it had found cities liable for compen-sation in similar situations on the basis of the due process clause of the state constitution. But the highest state court declined to base its holding on the state constitution because that issue had not been properly raised in the case. The city then filed a petition for a writ of certiorari in the United States Supreme Court. Does the Court have jurisdiction to review the merits of this case?","Yes, because the federal and state law issues in this case are so intertwined that a resolution of the federal law issues is necessary to facilitate a proper determination of the state law issues.","No, because the decision of the highest state court ren-ders the case moot.","No, because independent state law grounds could have been used to justify the result in this case.","Yes, because the highest state court based its decision wholly on federal law grounds.",D,D,true
A librarian receives two boxes of booksfor the library. The first box has 136 books. The second box has 58 fewer books than the first box. What is the total number of books the librarian receives?,58,214,78,194,B,B,true
"Mr. Carson drove 1,027 miles in April. He drove 988 miles in May. Mr. Carson used the expression below to find how many more miles he drove in April than in May. 1,027 – 988 How many more miles did Mr. Carson drive in April than in May?",139 miles,161 miles,"1,961 miles",39 miles,D,D,true
A builder had a contract to build a swimming pool for a residential customer. That customer's next door neighbor went to the builder and paid him extra to break the contract with the customer and instead to build a swimming pool on the neighbor's premises. The builder commenced building a swimming pool for the neighbor and breached his contract with the original customer. The original customer sued his neighbor in a tort claim for damages. Does the original customer have a valid claim against his neighbor?,"Yes, the neighbor committed the tort of interference with contract relations by intentionally interfering with an existing contract.","No, people cannot be held in slavery; they have the right to contract with whomever they please.","No, the only remedy for the original customer is to sue the builder for breach of contract.","Yes, the neighbor committed the tort of interference with prospective advantage.",A,A,true
"Suppose a user has an iPhone (running iOS) and downloads an app called Innocent from the Apple App Store and installs it. The user unlocks the phone and runs Innocent. Innocent exploits a bug in the iOS kernel which allows Innocent to redirect execution inside the kernel to code that Innocent controls. Now Innocent can execute any instructions it likes inside the iOS kernel. Innocent is not able to exploit any bugs in the phone’s secure enclave. Can Innocent read the user’s private information stored in the phone’s flash (e.g. Contacts and messages), or will the security measures described in the paper keep the data private? If Innocent is only able to see encrypted data, then the phone has successfully kept the data private. Circle the security features of the phone (if any) that will prevent Innocent from reading information from the flash on the phone.",Secure boot chain,None of the above,System software authorization ,The secure enclave’s ephemeral key,B,B,true
"On September 1, a buyer contracted to buy 1000 widgets from a seller at $10 per widget, delivery to take place on or before September 15. On September 5, the buyer discovered that another widget seller was selling widgets for $8 per widget. The buyer then sent the following letter to the seller:""Please cancel our order for 1000 widgets. Your price is too high. We have found another supplier at a cheaper price. ""On receipt of this letter, the seller would be legally justified in pursuing which of the following courses?",Selling the widgets to another buyer by means of either a public or private sale.,Shipping the widgets to the buyer.,Selling the widgets to another buyer by means of a public sale.,"Selling the widgets to another buyer, but only if the seller is successful in whatever claims it has against the buyer. ",A,A,true
How long can a long-term catheter stay in situ?,12 weeks.,4 weeks.,7 weeks.,20 weeks.,A,A,true
Which number system has a base of 16,Hexadecimal,Decimal,Octal,None,A,A,true
The coding sequences of genes are called:,exons.,extrons.,introns.,codons.,A,A,true
Wendy bought 30 packs of gum. Each pack had 5 pieces. She multiplied 30 × 5 to find the number of pieces of gum she bought. How many pieces of gum did Wendy buy?,15,35,305,150,D,D,true
"As of 2020, about what percentage of the population in Sub-Saharan Africa, is living on less than $1.90?",10%,40%,20%,80%,B,B,true
What is the square of 15?,15,225,15-Jan,256,B,B,true
"For audio frequency applications, the popular oscillator used is",Hartley oscillator,Wien bridge oscillator,Crystal oscillator,Phase shift oscillator,B,B,true
"This question refers to the following information.
""Society in every state is a blessing, but government even in its best state is but a necessary evil; in its worst state an intolerable one; for when we suffer, or are exposed to the same miseries by a government, which we might expect in a country without government, our calamity is heightened by reflecting that we furnish the means by which we suffer. Government, like dress, is the badge of lost innocence; the palaces of kings are built on the ruins of the bowers of paradise. For were the impulses of conscience clear, uniform, and irresistibly obeyed, man would need no other lawgiver; but that not being the case, he finds it necessary to surrender up a part of his property to furnish means for the protection of the rest; and this he is induced to do by the same prudence which in every other case advises him out of two evils to choose the least. Wherefore, security being the true design and end of government, it unanswerably follows that whatever form thereof appears most likely to ensure it to us, with the least expense and greatest benefit, is preferable to all others.""
Thomas Paine, Common Sense, 1776
Which of the following is most harmonious with the sentiment expressed in the excerpt?","Government is unnecessary, since humanity is capable of guiding itself by personal conscience.",Government is a necessary check against the corrupting influence of society.,A limited republican government is preferable to a monarchy.,Security is the only justification for government.,C,D,false
"One fall weekend, an outdoorsman went on a camping trip to a remote wilderness area deep in the northern part of the state in which he lived. While on the trip, the outdoorsman went deer hunting. He was in a very desolate area, surrounded by a densely wooded terrain, that was located at least 100 miles from any habitation. After a rather uneventful morning with nothing at which to shoot, the outdoorsman suddenly spotted a bald eagle; a nearly extinct bird. The bald eagle was listed as an endangered species, and to shoot one in this state was a criminal offense. Unable to resist the temptation, the outdoorsman took a shot at the bald eagle. The bullet missed the bald eagle but struck a hermit, who had moved to the woods a few months earlier to escape from the stresses of society. The hermit had been napping in a secluded area. The bullet hit the hermit in the eye and permanently blinded him. The outdoorsman was unaware of the hermit's presence. If the hermit asserts a claim against the outdoorsman to recover damages for his injury, the hermit will","prevail, because his injury was caused by theoutdoorsman's unlawful act. ","prevail, because firearms are dangerous instrumentalities imposing strict liability on the user. ","not prevail, because the outdoorsman did notintend to shoot the hermit. ","not prevail, because the outdoorsman had noreason to anticipate the presence of anotherperson in such a remote area. ",D,D,true
"A state legislature recently enacted a statute legalizing harness racing. The statute authorized pari-mutuel betting at certain track locations within the state. A seven-member commission was established and empowered to supervise and regulate the sport's activities. Under an inseparable provision of the statute, the commission was authorized to suspend the racing license of any trainer whose horse tested positive for illegal drugs. The statute permitted the commission to make the suspension without any prior hearing. However, suspended trainers were entitled to a prompt post- suspension hearing and decision on any issues in dispute. The racing season was inaugurated at the largest racetrack in the state. The featured race was a $1,000,000 harness race for 2-year-old trotters. After the awards presentation, the winning horse underwent a standard drug test and traces of cocaine were found in his urine sample. Immediately thereafter, the horse was disqualified and the commission suspended the horse's trainer, without a prior hearing. Without seeking a post-suspension hearing as provided by statute, the trainer brings suit in federal district court challenging the constitutionality of the state harness racing law. The statute is probably","constitutional, because being granted a racing license is a privilege, not a right. ","unconstitutional, because the suspension provision unreasonably interferes with a trainer's right to contract with horse owners and seek gainful employment. ","unconstitutional, because the suspension provision violates due process by not affording a prior hearing. ","constitutional, because the state's interest in suspending the license of horse trainers suspected of illegal drugging is sufficiently important to permit the suspension of any prior hearing. ",D,D,true
Which of the following is flexible connective tissue that is attached to bones at the joints?,Adipose,Epithelial,Cartilage,Muscle,C,C,true
"Late one evening while the homeowners were away on vacation, Bob entered their home through a broken basement window. Bob knew that the homeowners were collectors of antique weapons. After ransacking the house, he found the prize collection of guns. Bob wrapped the guns in two of the expensive rugs in the home and hurriedly left the house. Upon returning from their vacation, the homeowners notified the police of the theft. During the investigation, a detective received a tip that the guns could be found in an old abandoned warehouse on the riverfront. When the police entered the warehouse, they found Sam with the guns. Upon questioning, Sam told the police that he had planned to dispose of the guns through a fence. With the homeowners' consent, the police authorized Sam to deliver the guns to the fence and sell them. As soon as the fence paid Sam and took possession of the guns, the police arrested both Sam and the fence. With which of the following crimes should Sam be convicted?",Possession of stolen property.,Larceny.,Burglary and receiving stolen property.,Burglary and possession of stolen goods.,A,A,true
A librarian receives two boxes of booksfor the library. The first box has 136 books. The second box has 58 fewer books than the first box. What is the total number of books the librarian receives?,58,78,214,194,C,C,true
"A pedestrian was walking on a crowded and busy city street when he fell down an opened manhole that he did not notice. City workers had put a small sign at the opening, stating ""Danger Do Not Walk"", but they did not barricade the area. The city defended the pedestrian's lawsuit by claiming not only that he was contributorily negligent but also that he voluntarily assumed the risk. Will the city prevail on the assumption of the risk defense?","No, because the warning was not enough to tell him that there was an opened manhole in front of him.","Yes, because there was a sign and the pedestrian proceeded knowingly and voluntarily into the danger anyway.","No, because contributory negligence and assumption of the risk cannot both be claimed at the same time.","Yes, he reasonably should have known of the danger under the circumstances.",A,A,true
"There are 7 days in a week. In the month of February, there are 28 days this year. How many times as many days are there in February than are in one week?",4 times,7 times,21 times,35 times,A,A,true
A builder had a contract to build a swimming pool for a residential customer. That customer's next door neighbor went to the builder and paid him extra to break the contract with the customer and instead to build a swimming pool on the neighbor's premises. The builder commenced building a swimming pool for the neighbor and breached his contract with the original customer. The original customer sued his neighbor in a tort claim for damages. Does the original customer have a valid claim against his neighbor?,"No, people cannot be held in slavery; they have the right to contract with whomever they please.","Yes, the neighbor committed the tort of interference with contract relations by intentionally interfering with an existing contract.","No, the only remedy for the original customer is to sue the builder for breach of contract.","Yes, the neighbor committed the tort of interference with prospective advantage.",B,B,true
"On September 1, a buyer contracted to buy 1000 widgets from a seller at $10 per widget, delivery to take place on or before September 15. On September 5, the buyer discovered that another widget seller was selling widgets for $8 per widget. The buyer then sent the following letter to the seller:""Please cancel our order for 1000 widgets. Your price is too high. We have found another supplier at a cheaper price. ""On receipt of this letter, the seller would be legally justified in pursuing which of the following courses?",Shipping the widgets to the buyer.,Selling the widgets to another buyer by means of either a public or private sale.,Selling the widgets to another buyer by means of a public sale.,"Selling the widgets to another buyer, but only if the seller is successful in whatever claims it has against the buyer. ",B,B,true
"Which of the following statements is (are) true for a Maxwell-Boltzmann description of an ideal gas of atoms in equilibrium at temperature T?
I. The average velocity of the atoms is zero.
II. The distribution of the speeds of the atoms has a maximum at v = 0.
III. The probability of finding an atom with zero kinetic energy is zero.",I only,II only,I and III,I and II,C,C,true
Which of the following is incorrect?,Dentures should be removed at night.,Dentures should be cleaned on removal from mouth.,Dentures should be stored dry.,Dentures should be stored in a named pot.,C,C,true
The coding sequences of genes are called:,extrons.,exons.,introns.,codons.,B,B,true
In 1948 how many Americans believed the Kinsey Report on Sexuality in the Male to be a bad thing?,92%,11%,64%,27%,B,B,true
Which number system has a base of 16,Decimal,Hexadecimal,Octal,None,B,B,true
"A man is suing a store for damages for injuries allegedly suffered when a can of soup fell on his toe while he was shopping. At trial, the store calls a member of the local community to testif' that the man's reputation for honesty is poor, and that he is known far and wide as the biggest storyteller intown. This testimony is","admissible, but only to show the likely exaggeration of the man's alleged injuries. ",inadmissible character evidence.,"inadmissible, because the man's testimony has not yet been rebutted by the store, and his credibility is, therefore, not yet susceptible to attack. ","admissible, but only to discredit the man's testimony that the accident happened in the manner in which he claims it did. ",D,B,false
"Suppose a user has an iPhone (running iOS) and downloads an app called Innocent from the Apple App Store and installs it. The user unlocks the phone and runs Innocent. Innocent exploits a bug in the iOS kernel which allows Innocent to redirect execution inside the kernel to code that Innocent controls. Now Innocent can execute any instructions it likes inside the iOS kernel. Innocent is not able to exploit any bugs in the phone’s secure enclave. Can Innocent read the user’s private information stored in the phone’s flash (e.g. Contacts and messages), or will the security measures described in the paper keep the data private? If Innocent is only able to see encrypted data, then the phone has successfully kept the data private. Circle the security features of the phone (if any) that will prevent Innocent from reading information from the flash on the phone.",Secure boot chain,System software authorization ,None of the above,The secure enclave’s ephemeral key,C,C,true
A builder had a contract to build a swimming pool for a residential customer. That customer's next door neighbor went to the builder and paid him extra to break the contract with the customer and instead to build a swimming pool on the neighbor's premises. The builder commenced building a swimming pool for the neighbor and breached his contract with the original customer. The original customer sued his neighbor in a tort claim for damages. Does the original customer have a valid claim against his neighbor?,"No, people cannot be held in slavery; they have the right to contract with whomever they please.","No, the only remedy for the original customer is to sue the builder for breach of contract.","Yes, the neighbor committed the tort of interference with contract relations by intentionally interfering with an existing contract.","Yes, the neighbor committed the tort of interference with prospective advantage.",C,C,true
"A husband and a wife were chronic alcoholics. One afternoon, the husband drank a fifth of bourbon and was drunk when his wife returned home from work. When the wife saw her husband's condition, she got very angry because they had planned to go out to dinner and celebrate their wedding anniversary. While the husband was passed out on the living room couch, the wife decided to fix herself a martini. After drinking two martinis, the wife became extremely inebriated. A short while later, the wife began preparing a third martini and tried to slice a lemon for the drink. As she did so, the knife slipped, and she cut her hand severely. With blood gushing from the wound, the wife called her husband to help her. He awoke momentarily, stood up, but fell back on the couch and passed out. He failed to render any assistance, and the wife bled to death. If the husband is subsequently charged with manslaughter, he will be found","guilty, because he owed his wife a duty to assist her. ","guilty, because criminal negligent conduct cannot be negated by voluntary intoxication. ","not guilty, because the wife caused her own injury. ","not guilty, because he was physically unable to assist her. ",D,D,true
"For audio frequency applications, the popular oscillator used is",Hartley oscillator,Crystal oscillator,Wien bridge oscillator,Phase shift oscillator,C,C,true
How long can a long-term catheter stay in situ?,4 weeks.,12 weeks.,7 weeks.,20 weeks.,B,B,true
"On September 1, a man mailed a letter to a resort hotel on an island, reserving the ""honeymoon suite"" for the period from December 24 to January 1. The man explained that he and his fiancÃ©e were being married on December 23 and intended to travel by plane to the island on December 24. The resort hotel then sent back a confirmation notice stating that it was reserving the honeymoon suite for the man and his bride from December 24 to January 1 ""for the weekly rental of $10,000. ""On December 23, a blizzard struck, blanketing the city with five feet of snow. As a result, the airports were shut down. The man immediately telephoned the manager of the resort hotel and explained his predicament. When the manager requested assurance that the man and his bride would still be making the trip, the man responded, ""The airports are scheduled to re-open tomorrow . . . if they do we hope to make the trip. "" The next morning, the manager sent an e-mail to the man, advising him that the honeymoon suite had been rented to another couple for the period from December 24 to January 1. If the man brings suit against the resort hotel for breach of contract, which of the following will provide the hotel with its best defense'?'",The resort hotel's duty to hold the honeymoon suite for the man and his bride's arrival was discharged by their failure to give adequate assurances of their own agreed performance.,The resort hotel's duty to hold the honeymoon suite for the man and his bride's arrival was excused by the apparent impossibility on December 23 of their timely performance.,The resort hotel's duty to hold the honeymoon suite for the man and his bride's arrival was excused by frustration of purpose.,The man and his bride's apparent inability on December 23 to make the trip constituted a material breach that excused the resort hotel of any obligation to hold the honeymoon suite for their arrival.,A,A,true
What is the square of 15?,15,15-Jan,225,256,C,C,true
"A state has a statute defining burglary as ""the breaking and entering without privilege of any building or occupied structure with the intent to commit a felony therein. "" Late one night, a burglar broke into a jewelry store located in the state. She was immediately arrested by the night security guard. When the burglar was apprehended by the security guard, she offered him $500 to let her go. The security guard agreed. The burglar then handed him the money and took with her the jewelry she intended to steal. If the security guard is later arrested, he should be found guilty for which, if any, of the following crimes?",Accessory after the fact to burglary.,Conspiracy to commit burglary.,Accessory before the fact to burglary,No crime.,A,A,true
"A candidate for governor hired a production company to shoot a series of commercials that the candidate planned to use in his campaign. The written contract entered included a ""production fee clause"" that provided that the production company would be ""paid $100,000 for the filming and editing of ten 30-second commercials"" that would be suitable for the candidate's television campaign broadcasts. The production fee clause also stipulated that the $100,000 would be paid to the production company ""on condition that the filming and editing be directed under the personal supervision of the president of the production company. "" The contract made no other reference to compensation. Thereafter, the production company filmed and edited the ten campaign commercials, which the candidate approved. When the production was completed, the production company submitted to the candidate an invoice statement in the amount of $150,000. Besides the $100,000 contract figure, the bill included a $50,000 charge for the president's full-time services in directing the filming and editing of the videos. Denying any additional liability, the candidate sent the production company a check for $100,000. The production company then brought suit against the candidate to recover the $50,000 to cover the president's services. Which of the following arguments would be most persuasive in the candidate's efforts to prevent the introduction of parol evidence to show that prior to the parties' execution of the written contract they had orally agreed on payment by the candidate to cover the president's salary in addition to the $100,000 production fee?",There was no latent ambiguity contained within the actual written contract.,"Since the agreement contained a compensation clause that specified a stipulated amount, the contract was fully integrated on that subject. ","The written ""production fee clause"" is clear on its face, and no patent ambiguity is present in the writing. ",Parol evidence of a prior oral agreement is barred if it contradicts a term of a written contract.,B,B,true
"As of 2020, about what percentage of the population in Sub-Saharan Africa, is living on less than $1.90?",10%,20%,40%,80%,C,C,true
"There are 7 days in a week. In the month of February, there are 28 days this year. How many times as many days are there in February than are in one week?",7 times,4 times,21 times,35 times,B,B,true
Which number system has a base of 16,Decimal,Octal,Hexadecimal,None,C,C,true
"A pedestrian was walking on a crowded and busy city street when he fell down an opened manhole that he did not notice. City workers had put a small sign at the opening, stating ""Danger Do Not Walk"", but they did not barricade the area. The city defended the pedestrian's lawsuit by claiming not only that he was contributorily negligent but also that he voluntarily assumed the risk. Will the city prevail on the assumption of the risk defense?","Yes, because there was a sign and the pedestrian proceeded knowingly and voluntarily into the danger anyway.","No, because the warning was not enough to tell him that there was an opened manhole in front of him.","No, because contributory negligence and assumption of the risk cannot both be claimed at the same time.","Yes, he reasonably should have known of the danger under the circumstances.",B,B,true
The coding sequences of genes are called:,extrons.,introns.,exons.,codons.,C,C,true
"Late one evening while the homeowners were away on vacation, Bob entered their home through a broken basement window. Bob knew that the homeowners were collectors of antique weapons. After ransacking the house, he found the prize collection of guns. Bob wrapped the guns in two of the expensive rugs in the home and hurriedly left the house. Upon returning from their vacation, the homeowners notified the police of the theft. During the investigation, a detective received a tip that the guns could be found in an old abandoned warehouse on the riverfront. When the police entered the warehouse, they found Sam with the guns. Upon questioning, Sam told the police that he had planned to dispose of the guns through a fence. With the homeowners' consent, the police authorized Sam to deliver the guns to the fence and sell them. As soon as the fence paid Sam and took possession of the guns, the police arrested both Sam and the fence. With which of the following crimes should Sam be convicted?",Larceny.,Possession of stolen property.,Burglary and receiving stolen property.,Burglary and possession of stolen goods.,B,B,true
Which of the following is true regarding the examination of the legs?,The root value of toe extension is L5,Sustained clonus occurs with hypotonia,Clonus can only be demonstrated at the ankle,"The root value of hip flexion is L4, L5",A,A,true
A librarian receives two boxes of booksfor the library. The first box has 136 books. The second box has 58 fewer books than the first box. What is the total number of books the librarian receives?,58,78,194,214,D,D,true
Which of the following is incorrect?,Dentures should be removed at night.,Dentures should be cleaned on removal from mouth.,Dentures should be stored in a named pot.,Dentures should be stored dry.,D,D,true
"This question refers to the following information.
""Society in every state is a blessing, but government even in its best state is but a necessary evil; in its worst state an intolerable one; for when we suffer, or are exposed to the same miseries by a government, which we might expect in a country without government, our calamity is heightened by reflecting that we furnish the means by which we suffer. Government, like dress, is the badge of lost innocence; the palaces of kings are built on the ruins of the bowers of paradise. For were the impulses of conscience clear, uniform, and irresistibly obeyed, man would need no other lawgiver; but that not being the case, he finds it necessary to surrender up a part of his property to furnish means for the protection of the rest; and this he is induced to do by the same prudence which in every other case advises him out of two evils to choose the least. Wherefore, security being the true design and end of government, it unanswerably follows that whatever form thereof appears most likely to ensure it to us, with the least expense and greatest benefit, is preferable to all others.""
Thomas Paine, Common Sense, 1776
Which of the following is most harmonious with the sentiment expressed in the excerpt?","Government is unnecessary, since humanity is capable of guiding itself by personal conscience.",Government is a necessary check against the corrupting influence of society.,Security is the only justification for government.,A limited republican government is preferable to a monarchy.,D,C,false
"On September 1, a buyer contracted to buy 1000 widgets from a seller at $10 per widget, delivery to take place on or before September 15. On September 5, the buyer discovered that another widget seller was selling widgets for $8 per widget. The buyer then sent the following letter to the seller:""Please cancel our order for 1000 widgets. Your price is too high. We have found another supplier at a cheaper price. ""On receipt of this letter, the seller would be legally justified in pursuing which of the following courses?",Shipping the widgets to the buyer.,Selling the widgets to another buyer by means of a public sale.,Selling the widgets to another buyer by means of either a public or private sale.,"Selling the widgets to another buyer, but only if the seller is successful in whatever claims it has against the buyer. ",C,C,true
"Which of the following statements is (are) true for a Maxwell-Boltzmann description of an ideal gas of atoms in equilibrium at temperature T?
I. The average velocity of the atoms is zero.
II. The distribution of the speeds of the atoms has a maximum at v = 0.
III. The probability of finding an atom with zero kinetic energy is zero.",I only,II only,I and II,I and III,D,D,true
"A buyer sent an e-mail to a retailer of camping supplies inquiring about the possibility of purchasing a tent that would sleep four adults. The buyer explained that he was planning for an upcoming camping trip at the end of the month. The retailer responded by e-mail:""I can sell you a tent that would sleep four, for $500. This price is good for one week. ""Three days later, the retailer learned from another seller of camping supplies that the same buyer had come to her store the day before and had inquired about purchasing a tent that would sleep four adults. The other seller told the retailer that she had quoted the buyer a price of $600 for a tent that would sleep four adults. The next day, the buyer telephoned the retailer and stated that he wanted to buy the tent for $500. The retailer replied: ""I do not want to sell to you. I tried to deal with you in good faith, but I hear you've been comparing my prices with other sellers. Why don't you deal with them!"" The retailer then slammed down the phone. Assume that the retailer's e-mail created in the buyer a valid power of acceptance. Was that power terminated when the retailer learned from the other seller of the buyer's conversation with the other seller?","No, because the buyer's conversation with the other seller did not constitute a rejection. ","Yes, because the other seller gave factually accurate information to the retailer. ","Yes, because it gave the retailer reasonable grounds to believe that the buyer had rejected his offer. ","No, because the indirect communication to the retailer was oral. ",A,A,true
Which of the following is flexible connective tissue that is attached to bones at the joints?,Adipose,Epithelial,Muscle,Cartilage,D,D,true
What is the square of 15?,15,15-Jan,256,225,D,D,true
A builder had a contract to build a swimming pool for a residential customer. That customer's next door neighbor went to the builder and paid him extra to break the contract with the customer and instead to build a swimming pool on the neighbor's premises. The builder commenced building a swimming pool for the neighbor and breached his contract with the original customer. The original customer sued his neighbor in a tort claim for damages. Does the original customer have a valid claim against his neighbor?,"No, people cannot be held in slavery; they have the right to contract with whomever they please.","No, the only remedy for the original customer is to sue the builder for breach of contract.","Yes, the neighbor committed the tort of interference with prospective advantage.","Yes, the neighbor committed the tort of interference with contract relations by intentionally interfering with an existing contract.",D,D,true
"A state has a statute defining burglary as ""the breaking and entering without privilege of any building or occupied structure with the intent to commit a felony therein. "" Late one night, a burglar broke into a jewelry store located in the state. She was immediately arrested by the night security guard. When the burglar was apprehended by the security guard, she offered him $500 to let her go. The security guard agreed. The burglar then handed him the money and took with her the jewelry she intended to steal. If the security guard is later arrested, he should be found guilty for which, if any, of the following crimes?",Conspiracy to commit burglary.,Accessory after the fact to burglary.,Accessory before the fact to burglary,No crime.,B,B,true
"If 50% of a number is 20, what is 75% of the number?",30,8,15,45,A,A,true
Which number system has a base of 16,Decimal,Octal,None,Hexadecimal,D,D,true
"On September 1, a man mailed a letter to a resort hotel on an island, reserving the ""honeymoon suite"" for the period from December 24 to January 1. The man explained that he and his fiancÃ©e were being married on December 23 and intended to travel by plane to the island on December 24. The resort hotel then sent back a confirmation notice stating that it was reserving the honeymoon suite for the man and his bride from December 24 to January 1 ""for the weekly rental of $10,000. ""On December 23, a blizzard struck, blanketing the city with five feet of snow. As a result, the airports were shut down. The man immediately telephoned the manager of the resort hotel and explained his predicament. When the manager requested assurance that the man and his bride would still be making the trip, the man responded, ""The airports are scheduled to re-open tomorrow . . . if they do we hope to make the trip. "" The next morning, the manager sent an e-mail to the man, advising him that the honeymoon suite had been rented to another couple for the period from December 24 to January 1. If the man brings suit against the resort hotel for breach of contract, which of the following will provide the hotel with its best defense'?'",The resort hotel's duty to hold the honeymoon suite for the man and his bride's arrival was excused by the apparent impossibility on December 23 of their timely performance.,The resort hotel's duty to hold the honeymoon suite for the man and his bride's arrival was discharged by their failure to give adequate assurances of their own agreed performance.,The resort hotel's duty to hold the honeymoon suite for the man and his bride's arrival was excused by frustration of purpose.,The man and his bride's apparent inability on December 23 to make the trip constituted a material breach that excused the resort hotel of any obligation to hold the honeymoon suite for their arrival.,B,B,true
"There are 7 days in a week. In the month of February, there are 28 days this year. How many times as many days are there in February than are in one week?",7 times,21 times,4 times,35 times,C,C,true
How long can a long-term catheter stay in situ?,4 weeks.,7 weeks.,12 weeks.,20 weeks.,C,C,true
"Suppose a user has an iPhone (running iOS) and downloads an app called Innocent from the Apple App Store and installs it. The user unlocks the phone and runs Innocent. Innocent exploits a bug in the iOS kernel which allows Innocent to redirect execution inside the kernel to code that Innocent controls. Now Innocent can execute any instructions it likes inside the iOS kernel. Innocent is not able to exploit any bugs in the phone’s secure enclave. Can Innocent read the user’s private information stored in the phone’s flash (e.g. Contacts and messages), or will the security measures described in the paper keep the data private? If Innocent is only able to see encrypted data, then the phone has successfully kept the data private. Circle the security features of the phone (if any) that will prevent Innocent from reading information from the flash on the phone.",Secure boot chain,System software authorization ,The secure enclave’s ephemeral key,None of the above,D,D,true
"As of 2020, about what percentage of the population in Sub-Saharan Africa, is living on less than $1.90?",10%,20%,80%,40%,D,D,true
The coding sequences of genes are called:,extrons.,introns.,codons.,exons.,D,D,true
"An investor was the record owner in fee simple absolute of a 125-acre parcel of land located in the Southwest. The investor conveyed the property ""to my assistant for life with remainder to my son. "" At the time of the conveyance, the son was in medical school outside the United States. The assistant immediately recorded the deed and took possession. Shortly thereafter, the assistant discovered that the property contained large coal deposits, which she mined and began to sell. Three years after the original conveyance, the son graduated from medical school and returned to the Southwest. He then learned of the conveyance and also ascertained that the assistant had not paid taxes on the parcel of land for the last three years. After discovering that the property was subject to a pending tax foreclosure, the son demanded that the assistant pay the delinquent taxes. Even though the profits from the coal sales were quite substantial, the assistant refused to pay the outstanding taxes. The son thus paid the taxes himself. If the son sues the assistant to recover the taxes and for an accounting of the proceeds received from the coal sales, judgment should be",in favor of the son for both the taxes and the coal.,"in favor of the son for the taxes, but not for the coal. ","in favor of the son for the coal, but not for the taxes. ",against the son for both the taxes and the coal.,A,A,true
"On September 1, a buyer contracted to buy 1000 widgets from a seller at $10 per widget, delivery to take place on or before September 15. On September 5, the buyer discovered that another widget seller was selling widgets for $8 per widget. The buyer then sent the following letter to the seller:""Please cancel our order for 1000 widgets. Your price is too high. We have found another supplier at a cheaper price. ""On receipt of this letter, the seller would be legally justified in pursuing which of the following courses?",Shipping the widgets to the buyer.,Selling the widgets to another buyer by means of a public sale.,"Selling the widgets to another buyer, but only if the seller is successful in whatever claims it has against the buyer. ",Selling the widgets to another buyer by means of either a public or private sale.,D,D,true
"A homeowner owns a home in fee simple and leased it to his cousin for a term of 10 years. By the terms of the lease, the cousin expressly covenanted to pay a monthly rental of $300 and to pay the taxes on the premises during the term of the lease. The lease also stipulated that the cousin, as lessee, may not assign or sublease the said premises. The cousin and his family lived in the house for two years. Then the cousin, still owing the homeowner three months back rent, assigned his leasehold interest in the property to a friend, who was unaware of the prohibition against assignments. This written assignment expressly provided that the friend would pay the homeowner the monthly rental of $300, but was silent concerning the payment of taxes. After the cousin's assignment to the friend, the homeowner sues the cousin to recover the rent in arrears. The homeowner will most likely","succeed, because the homeowner and the cousin stood in privity of contract. ","succeed, even though the homeowner had notice of the assignment. ","not succeed, because the cousin had assigned his interest in the premises before the homeowner brought suit. ","not succeed, because he did not object to the assignment. ",A,A,true
Which of the following is true regarding the examination of the legs?,Sustained clonus occurs with hypotonia,The root value of toe extension is L5,Clonus can only be demonstrated at the ankle,"The root value of hip flexion is L4, L5",B,B,true
"A pedestrian was walking on a crowded and busy city street when he fell down an opened manhole that he did not notice. City workers had put a small sign at the opening, stating ""Danger Do Not Walk"", but they did not barricade the area. The city defended the pedestrian's lawsuit by claiming not only that he was contributorily negligent but also that he voluntarily assumed the risk. Will the city prevail on the assumption of the risk defense?","Yes, because there was a sign and the pedestrian proceeded knowingly and voluntarily into the danger anyway.","No, because contributory negligence and assumption of the risk cannot both be claimed at the same time.","No, because the warning was not enough to tell him that there was an opened manhole in front of him.","Yes, he reasonably should have known of the danger under the circumstances.",C,C,true
"Late one evening while the homeowners were away on vacation, Bob entered their home through a broken basement window. Bob knew that the homeowners were collectors of antique weapons. After ransacking the house, he found the prize collection of guns. Bob wrapped the guns in two of the expensive rugs in the home and hurriedly left the house. Upon returning from their vacation, the homeowners notified the police of the theft. During the investigation, a detective received a tip that the guns could be found in an old abandoned warehouse on the riverfront. When the police entered the warehouse, they found Sam with the guns. Upon questioning, Sam told the police that he had planned to dispose of the guns through a fence. With the homeowners' consent, the police authorized Sam to deliver the guns to the fence and sell them. As soon as the fence paid Sam and took possession of the guns, the police arrested both Sam and the fence. With which of the following crimes should Sam be convicted?",Larceny.,Burglary and receiving stolen property.,Possession of stolen property.,Burglary and possession of stolen goods.,C,C,true
"A buyer sent an e-mail to a retailer of camping supplies inquiring about the possibility of purchasing a tent that would sleep four adults. The buyer explained that he was planning for an upcoming camping trip at the end of the month. The retailer responded by e-mail:""I can sell you a tent that would sleep four, for $500. This price is good for one week. ""Three days later, the retailer learned from another seller of camping supplies that the same buyer had come to her store the day before and had inquired about purchasing a tent that would sleep four adults. The other seller told the retailer that she had quoted the buyer a price of $600 for a tent that would sleep four adults. The next day, the buyer telephoned the retailer and stated that he wanted to buy the tent for $500. The retailer replied: ""I do not want to sell to you. I tried to deal with you in good faith, but I hear you've been comparing my prices with other sellers. Why don't you deal with them!"" The retailer then slammed down the phone. Assume that the retailer's e-mail created in the buyer a valid power of acceptance. Was that power terminated when the retailer learned from the other seller of the buyer's conversation with the other seller?","Yes, because the other seller gave factually accurate information to the retailer. ","No, because the buyer's conversation with the other seller did not constitute a rejection. ","Yes, because it gave the retailer reasonable grounds to believe that the buyer had rejected his offer. ","No, because the indirect communication to the retailer was oral. ",B,B,true
"For audio frequency applications, the popular oscillator used is",Hartley oscillator,Crystal oscillator,Phase shift oscillator,Wien bridge oscillator,D,D,true
"This question refers to the following information.
BECAUSE no People can be truly happy, though under the greatest Enjoyment of Civil Liberties, if abridged of the Freedom of their Consciences, as to their Religious Profession and Worship: And Almighty God being the only Lord of Conscience, Father of Lights and Spirits; and the Author as well as Object of all divine Knowledge, Faith and Worship, who only doth enlighten the Minds, and persuade and convince the Understanding of People, I do hereby grant and declare, That no Person or Persons, inhabiting in this Province or Territories, who shall confess and acknowledge One almighty God, the Creator, Upholder and Ruler of the World; and profess him or themselves obliged to live quietly under the Civil Government, shall be in any Case molested or prejudiced, in his or their Person or Estate, because of his or their conscientious Persuasion or Practice, nor be compelled to frequent or maintain any religious Worship, Place or Ministry, contrary to his or their Mind.…
—William Penn, Charter of Privileges Granted by William Penn,
esq. to the Inhabitants of Pennsylvania and Territories, October 28, 1701
Penn's Charter of Privileges can be seen as a forerunner to which of the following?",The First Amendment to the Constitution,The Declaration of Independence,The Fourteen Points,The Gettysburg Address,A,A,true
How long can a long-term catheter stay in situ?,4 weeks.,7 weeks.,20 weeks.,12 weeks.,D,D,true
"There are 7 days in a week. In the month of February, there are 28 days this year. How many times as many days are there in February than are in one week?",7 times,21 times,35 times,4 times,D,D,true
"A state law requires any lawn mower sold in the state to meet a specified minimum level of fuel efficiency. A new federal statute requires all power equipment, including lawn mowers, to be labeled with energy efficiency stickers to permit purchasers to make informed choices when buying such equipment. The statute does not expressly preempt state law. Assume that no other federal statute or administrative regulation addresses the energy efficiency of power equipment. Which of the following is the best argument the state can make for the continued validity of its law? ","The purpose of the law is consistent with the purpose of the federal statute, enforcement of the law would not interfere with the full execution of the statute, and there is no evidence that Congress intended to preclude the states from enacting supplemental laws on this subject.","Congress cannot preempt state laws requiring a specified minimum level of requiring a specified minimum level of fuel efficiency for lawn mowers, because the use of such equipment is a wholly local event and, therefore, is beyond the regulatory authority vested in Congress by the commerce clause.","The law is unaffected by the federal statute, because Congress did not expressly prohibit state laws requiring power equipment to meet specified levels of fuel efficiency.","There is a very strong presumption that a specific state law on a subject normally within the state's police power prevails over a more general federal statute, because the Tenth Amendment reserves to the states primary authority over matters affecting public health, welfare, and safety.",A,A,true
"For patients with asthma, how many times a day should a peak flow reading be taken?",Twice a day.,Daily.,Three times a week.,Once a week.,A,A,true
"A farmer contracted to sell 100 tons of his home-grown cucumbers to a wholesaler. An invasion of cucumber-eating insects attacked the crop and made it a poor season. The farmer delivered only 60 tons. The wholesaler claimed a breach of contract due to his being shorted 40 tons. The farmer sued the wholesaler for payment on the 60 tons, and the wholesaler counterclaimed for damages caused by the loss of the additional 40 tons. What is the most likely decision of the court?",There is an industry-wide implied condition that natural causes could limit the amount of an agricultural product -- the wholesaler must pay for the 60 tons and gets no credit on the rest.,"The farmer could have used insecticide to kill the insects; he breached the contract, and gets nothing.","The farmer breached the contract but he's entitled to be paid for the 60 tons, less the amount of damages suffered by the wholesaler in not getting the full value of the bargain.",The farmer is entitled to collect on the 60 tons and will be reimbursed for the 40 unproduced tons by the federal government.,A,A,true
"A state has a statute defining burglary as ""the breaking and entering without privilege of any building or occupied structure with the intent to commit a felony therein. "" Late one night, a burglar broke into a jewelry store located in the state. She was immediately arrested by the night security guard. When the burglar was apprehended by the security guard, she offered him $500 to let her go. The security guard agreed. The burglar then handed him the money and took with her the jewelry she intended to steal. If the security guard is later arrested, he should be found guilty for which, if any, of the following crimes?",Conspiracy to commit burglary.,Accessory before the fact to burglary,Accessory after the fact to burglary.,No crime.,C,C,true
"A state resident could purchase a license solely for hunting elk for $9. 00. A nonresident, in order to hunt elk, was required to purchase a combination license at a cost of $225. 00; this entitled him to take one elk, one deer, and one black bear. A nonresident, however, could obtain a license restricted to deer for $51. 00. A resident was not required to buy any combination of licenses but if he did, the cost to him of all the privileges granted by the nonresident combination license was $30. 00. Due to its successful management program for elk, the state has not been compelled to limit the overall number of hunters by means of drawings or lotteries, as have other states. Elk are not hunted commercially in the state. Nonresident hunters seek the animal for its trophy value; the trophy is the distinctive set of antlers.  . Vhereas the interest of resident hunters more often may be in the meat, among nonresident hunters, big-game hunting is clearly a sport in the state. Two residents of another state bring suit against the state. They assert in their complaint that the disparities between residents and nonresidents in the state hunting license system is unconstitutional. The state's hunting license system should be found","constitutional, because it is within the police power of a state to regulate a recreational, noncommercial activity. ","constitutional, because there is a compelling state interest. ","unconstitutional, because it violates the privileges and immunities clause of Article IV, Section 2. ","unconstitutional, because it violates the equal protection clause of the Fourteenth Amendment. ",A,A,true
"On September 1, a man mailed a letter to a resort hotel on an island, reserving the ""honeymoon suite"" for the period from December 24 to January 1. The man explained that he and his fiancÃ©e were being married on December 23 and intended to travel by plane to the island on December 24. The resort hotel then sent back a confirmation notice stating that it was reserving the honeymoon suite for the man and his bride from December 24 to January 1 ""for the weekly rental of $10,000. ""On December 23, a blizzard struck, blanketing the city with five feet of snow. As a result, the airports were shut down. The man immediately telephoned the manager of the resort hotel and explained his predicament. When the manager requested assurance that the man and his bride would still be making the trip, the man responded, ""The airports are scheduled to re-open tomorrow . . . if they do we hope to make the trip. "" The next morning, the manager sent an e-mail to the man, advising him that the honeymoon suite had been rented to another couple for the period from December 24 to January 1. If the man brings suit against the resort hotel for breach of contract, which of the following will provide the hotel with its best defense'?'",The resort hotel's duty to hold the honeymoon suite for the man and his bride's arrival was excused by the apparent impossibility on December 23 of their timely performance.,The resort hotel's duty to hold the honeymoon suite for the man and his bride's arrival was excused by frustration of purpose.,The resort hotel's duty to hold the honeymoon suite for the man and his bride's arrival was discharged by their failure to give adequate assurances of their own agreed performance.,The man and his bride's apparent inability on December 23 to make the trip constituted a material breach that excused the resort hotel of any obligation to hold the honeymoon suite for their arrival.,C,C,true
The electron configuration 1s2 2s2 2p6 3s2 3p6 4s2 signifies the ground state of the element,Ca,V,Ti,Co,A,A,true
"A candidate for governor hired a production company to shoot a series of commercials that the candidate planned to use in his campaign. The written contract entered included a ""production fee clause"" that provided that the production company would be ""paid $100,000 for the filming and editing of ten 30-second commercials"" that would be suitable for the candidate's television campaign broadcasts. The production fee clause also stipulated that the $100,000 would be paid to the production company ""on condition that the filming and editing be directed under the personal supervision of the president of the production company. "" The contract made no other reference to compensation. Thereafter, the production company filmed and edited the ten campaign commercials, which the candidate approved. When the production was completed, the production company submitted to the candidate an invoice statement in the amount of $150,000. Besides the $100,000 contract figure, the bill included a $50,000 charge for the president's full-time services in directing the filming and editing of the videos. Denying any additional liability, the candidate sent the production company a check for $100,000. The production company then brought suit against the candidate to recover the $50,000 to cover the president's services. Which of the following arguments would be most persuasive in the candidate's efforts to prevent the introduction of parol evidence to show that prior to the parties' execution of the written contract they had orally agreed on payment by the candidate to cover the president's salary in addition to the $100,000 production fee?",There was no latent ambiguity contained within the actual written contract.,"The written ""production fee clause"" is clear on its face, and no patent ambiguity is present in the writing. ","Since the agreement contained a compensation clause that specified a stipulated amount, the contract was fully integrated on that subject. ",Parol evidence of a prior oral agreement is barred if it contradicts a term of a written contract.,C,C,true
"An owner of a pharmaceutical company manufactures aspirin tablets that it sells in interstate commerce. A woman purchased a bottle of the owner's aspirin from a drugstore. Shortly after taking two of the aspirin tablets, the woman became extremely ill and began having convulsions. She was rushed to the hospital, where it was determined that the aspirin tablets contained strychnine, a poisonous chemical. The owner of the pharmaceutical company is subsequently charged with violating a federal statute that makes it a misdemeanor to transport impure drugs in interstate commerce. The owner should be found","guilty, only if he had the authority and responsibility for packaging the aspirin tablets. ","guilty, only if he knew or should have known that the aspirin tablets were poisonous. ","guilty, only if he personally supervised the packaging of the aspirin tablets. ","guilty, only if he knew that other customers had purchased poisonous aspirin tablets in the past. ",A,A,true
Wendy wants to take a survey to determine which flavor of ice cream is the most popular at her school. Which of the following methods is the best way for her to choose a random sample of the students at her school?,selecting ten students from each homeroom,selecting members of the girls’ softball team,selecting members of the boys’ basketball team,selecting students who like her favorite flavor of ice cream,A,A,true
Which of the following is true regarding the examination of the legs?,Sustained clonus occurs with hypotonia,Clonus can only be demonstrated at the ankle,The root value of toe extension is L5,"The root value of hip flexion is L4, L5",C,C,true
"This question refers to the following information.
BECAUSE no People can be truly happy, though under the greatest Enjoyment of Civil Liberties, if abridged of the Freedom of their Consciences, as to their Religious Profession and Worship: And Almighty God being the only Lord of Conscience, Father of Lights and Spirits; and the Author as well as Object of all divine Knowledge, Faith and Worship, who only doth enlighten the Minds, and persuade and convince the Understanding of People, I do hereby grant and declare, That no Person or Persons, inhabiting in this Province or Territories, who shall confess and acknowledge One almighty God, the Creator, Upholder and Ruler of the World; and profess him or themselves obliged to live quietly under the Civil Government, shall be in any Case molested or prejudiced, in his or their Person or Estate, because of his or their conscientious Persuasion or Practice, nor be compelled to frequent or maintain any religious Worship, Place or Ministry, contrary to his or their Mind.…
—William Penn, Charter of Privileges Granted by William Penn,
esq. to the Inhabitants of Pennsylvania and Territories, October 28, 1701
Penn's Charter of Privileges can be seen as a forerunner to which of the following?",The Declaration of Independence,The First Amendment to the Constitution,The Fourteen Points,The Gettysburg Address,B,B,true
"A homeowner owns a home in fee simple and leased it to his cousin for a term of 10 years. By the terms of the lease, the cousin expressly covenanted to pay a monthly rental of $300 and to pay the taxes on the premises during the term of the lease. The lease also stipulated that the cousin, as lessee, may not assign or sublease the said premises. The cousin and his family lived in the house for two years. Then the cousin, still owing the homeowner three months back rent, assigned his leasehold interest in the property to a friend, who was unaware of the prohibition against assignments. This written assignment expressly provided that the friend would pay the homeowner the monthly rental of $300, but was silent concerning the payment of taxes. After the cousin's assignment to the friend, the homeowner sues the cousin to recover the rent in arrears. The homeowner will most likely","succeed, even though the homeowner had notice of the assignment. ","succeed, because the homeowner and the cousin stood in privity of contract. ","not succeed, because the cousin had assigned his interest in the premises before the homeowner brought suit. ","not succeed, because he did not object to the assignment. ",B,B,true
"A detective received information from an informant, who had given reliable information many times in the past, that a man was a narcotics dealer. Specifically, the informant said that, two months before, he had visited the man's apartment with a friend and that on that occasion he saw the man sell his friend some heroin. The detective knew that the informant, the man, and the friend were acquaintances. Thereafter, the detective put all this information into affidavit form, appeared before a magistrate, and secured a search warrant for the man's apartment. The search turned up a supply of heroin. The man's motion to suppress introduction of the heroin into evidence will most probably be","granted, because the information supplied to the detective concerned an occurrence too remote in time to justify a finding of probable cause at the time of the search. ","granted, because a search warrant cannot validly be issued solely on the basis of an informant's information. ","granted, because a search for mere evidence alone is improper and illegal. ","denied, because the informant had proven himself reliable in the past, and the information he gave turned out to be correct. ",A,A,true
"A pedestrian was walking on a crowded and busy city street when he fell down an opened manhole that he did not notice. City workers had put a small sign at the opening, stating ""Danger Do Not Walk"", but they did not barricade the area. The city defended the pedestrian's lawsuit by claiming not only that he was contributorily negligent but also that he voluntarily assumed the risk. Will the city prevail on the assumption of the risk defense?","Yes, because there was a sign and the pedestrian proceeded knowingly and voluntarily into the danger anyway.","No, because contributory negligence and assumption of the risk cannot both be claimed at the same time.","Yes, he reasonably should have known of the danger under the circumstances.","No, because the warning was not enough to tell him that there was an opened manhole in front of him.",D,D,true
"An investor was the record owner in fee simple absolute of a 125-acre parcel of land located in the Southwest. The investor conveyed the property ""to my assistant for life with remainder to my son. "" At the time of the conveyance, the son was in medical school outside the United States. The assistant immediately recorded the deed and took possession. Shortly thereafter, the assistant discovered that the property contained large coal deposits, which she mined and began to sell. Three years after the original conveyance, the son graduated from medical school and returned to the Southwest. He then learned of the conveyance and also ascertained that the assistant had not paid taxes on the parcel of land for the last three years. After discovering that the property was subject to a pending tax foreclosure, the son demanded that the assistant pay the delinquent taxes. Even though the profits from the coal sales were quite substantial, the assistant refused to pay the outstanding taxes. The son thus paid the taxes himself. If the son sues the assistant to recover the taxes and for an accounting of the proceeds received from the coal sales, judgment should be","in favor of the son for the taxes, but not for the coal. ",in favor of the son for both the taxes and the coal.,"in favor of the son for the coal, but not for the taxes. ",against the son for both the taxes and the coal.,B,B,true
"A buyer sent an e-mail to a retailer of camping supplies inquiring about the possibility of purchasing a tent that would sleep four adults. The buyer explained that he was planning for an upcoming camping trip at the end of the month. The retailer responded by e-mail:""I can sell you a tent that would sleep four, for $500. This price is good for one week. ""Three days later, the retailer learned from another seller of camping supplies that the same buyer had come to her store the day before and had inquired about purchasing a tent that would sleep four adults. The other seller told the retailer that she had quoted the buyer a price of $600 for a tent that would sleep four adults. The next day, the buyer telephoned the retailer and stated that he wanted to buy the tent for $500. The retailer replied: ""I do not want to sell to you. I tried to deal with you in good faith, but I hear you've been comparing my prices with other sellers. Why don't you deal with them!"" The retailer then slammed down the phone. Assume that the retailer's e-mail created in the buyer a valid power of acceptance. Was that power terminated when the retailer learned from the other seller of the buyer's conversation with the other seller?","Yes, because the other seller gave factually accurate information to the retailer. ","Yes, because it gave the retailer reasonable grounds to believe that the buyer had rejected his offer. ","No, because the buyer's conversation with the other seller did not constitute a rejection. ","No, because the indirect communication to the retailer was oral. ",C,C,true
"If 50% of a number is 20, what is 75% of the number?",8,30,15,45,B,B,true
"A hardware store had a public pay telephone attached to the outside wall of its building. The telephone was owned and operated by the local telephone company. On Thursday, November 25, the store was closed for Thanksgiving. A resident, who lived two doors away, walked to the hardware store to use the telephone. He wanted to call his son and daughter- in-law to wish them a happy Thanksgiving, but his home phone was out of order. The resident picked up the receiver, inserted coins for the cost of the call, and promptly received an electric shock. Although the resident was momentarily stunned, he did not suffer any pain or injuries. Unbeknownst to the resident, a technician employed by the telephone company had incorrectly rewired the telephone the previous day, causing a short circuit in the telephone mechanism. If the resident institutes a personal injury action for negligence against the telephone company, he will most likely","not recover, because the resident did not suffer any injuries. ","recover, because the technician's error would constitute the proximate cause of the resident's injuries. ","recover, because the technician's error was a substantial factor in causing the resident's injuries. ","recover, under the doctrine of respondeat superior",A,A,true
"Late one evening while the homeowners were away on vacation, Bob entered their home through a broken basement window. Bob knew that the homeowners were collectors of antique weapons. After ransacking the house, he found the prize collection of guns. Bob wrapped the guns in two of the expensive rugs in the home and hurriedly left the house. Upon returning from their vacation, the homeowners notified the police of the theft. During the investigation, a detective received a tip that the guns could be found in an old abandoned warehouse on the riverfront. When the police entered the warehouse, they found Sam with the guns. Upon questioning, Sam told the police that he had planned to dispose of the guns through a fence. With the homeowners' consent, the police authorized Sam to deliver the guns to the fence and sell them. As soon as the fence paid Sam and took possession of the guns, the police arrested both Sam and the fence. With which of the following crimes should Sam be convicted?",Larceny.,Burglary and receiving stolen property.,Burglary and possession of stolen goods.,Possession of stolen property.,D,D,true
"For patients with asthma, how many times a day should a peak flow reading be taken?",Daily.,Twice a day.,Three times a week.,Once a week.,B,B,true
"One afternoon, a man was driving his car in the downtown section of a city. Already late for a  onsiness appointment, he was becoming very upset because of the heavy traffic. Suddenly, he decided to drive his car along the sidewalk to avoid the traffic jam. While he was speeding down the sidewalk, people were hastily scurrying to avoid his car. His car struck a pedestrian, who had tripped trying to get out of his way, killing her. Which of the following is the best theory regarding the man's criminal liability?","Commission of an act highly dangerous to life, without an intent to kill but with disregard for the consequences. ","Felony murder, because he was committing an assault with a deadly weapon. ","Transferred intent, because one is presumed to intend the natural and probable consequences of his acts. ","Intentional killing, because the man's conduct was a substantial factor in causing the pedesthan's death. ",A,A,true
Which of the following is true about the global growth rate?,The global growth rate was two times as high 50 years ago as it is in 2020.,The global growth rate was four times as high 50 years ago as it is in 2020.,The global growth rate is two times as high as it is in 2020.,The global growth rate is four times as high today as it is in 2020.,A,A,true
"A state law requires any lawn mower sold in the state to meet a specified minimum level of fuel efficiency. A new federal statute requires all power equipment, including lawn mowers, to be labeled with energy efficiency stickers to permit purchasers to make informed choices when buying such equipment. The statute does not expressly preempt state law. Assume that no other federal statute or administrative regulation addresses the energy efficiency of power equipment. Which of the following is the best argument the state can make for the continued validity of its law? ","Congress cannot preempt state laws requiring a specified minimum level of requiring a specified minimum level of fuel efficiency for lawn mowers, because the use of such equipment is a wholly local event and, therefore, is beyond the regulatory authority vested in Congress by the commerce clause.","The purpose of the law is consistent with the purpose of the federal statute, enforcement of the law would not interfere with the full execution of the statute, and there is no evidence that Congress intended to preclude the states from enacting supplemental laws on this subject.","The law is unaffected by the federal statute, because Congress did not expressly prohibit state laws requiring power equipment to meet specified levels of fuel efficiency.","There is a very strong presumption that a specific state law on a subject normally within the state's police power prevails over a more general federal statute, because the Tenth Amendment reserves to the states primary authority over matters affecting public health, welfare, and safety.",B,B,true
Wendy wants to take a survey to determine which flavor of ice cream is the most popular at her school. Which of the following methods is the best way for her to choose a random sample of the students at her school?,selecting members of the girls’ softball team,selecting ten students from each homeroom,selecting members of the boys’ basketball team,selecting students who like her favorite flavor of ice cream,B,B,true
After the Atom bomb how many Americans support giving aid to Japan even at the cost of food shortages?,66%,33%,50%,85%,A,A,true
The electron configuration 1s2 2s2 2p6 3s2 3p6 4s2 signifies the ground state of the element,V,Ca,Ti,Co,B,B,true
"A farmer contracted to sell 100 tons of his home-grown cucumbers to a wholesaler. An invasion of cucumber-eating insects attacked the crop and made it a poor season. The farmer delivered only 60 tons. The wholesaler claimed a breach of contract due to his being shorted 40 tons. The farmer sued the wholesaler for payment on the 60 tons, and the wholesaler counterclaimed for damages caused by the loss of the additional 40 tons. What is the most likely decision of the court?","The farmer could have used insecticide to kill the insects; he breached the contract, and gets nothing.",There is an industry-wide implied condition that natural causes could limit the amount of an agricultural product -- the wholesaler must pay for the 60 tons and gets no credit on the rest.,"The farmer breached the contract but he's entitled to be paid for the 60 tons, less the amount of damages suffered by the wholesaler in not getting the full value of the bargain.",The farmer is entitled to collect on the 60 tons and will be reimbursed for the 40 unproduced tons by the federal government.,B,B,true
"A state resident could purchase a license solely for hunting elk for $9. 00. A nonresident, in order to hunt elk, was required to purchase a combination license at a cost of $225. 00; this entitled him to take one elk, one deer, and one black bear. A nonresident, however, could obtain a license restricted to deer for $51. 00. A resident was not required to buy any combination of licenses but if he did, the cost to him of all the privileges granted by the nonresident combination license was $30. 00. Due to its successful management program for elk, the state has not been compelled to limit the overall number of hunters by means of drawings or lotteries, as have other states. Elk are not hunted commercially in the state. Nonresident hunters seek the animal for its trophy value; the trophy is the distinctive set of antlers.  . Vhereas the interest of resident hunters more often may be in the meat, among nonresident hunters, big-game hunting is clearly a sport in the state. Two residents of another state bring suit against the state. They assert in their complaint that the disparities between residents and nonresidents in the state hunting license system is unconstitutional. The state's hunting license system should be found","constitutional, because there is a compelling state interest. ","constitutional, because it is within the police power of a state to regulate a recreational, noncommercial activity. ","unconstitutional, because it violates the privileges and immunities clause of Article IV, Section 2. ","unconstitutional, because it violates the equal protection clause of the Fourteenth Amendment. ",B,B,true
"A state has a statute defining burglary as ""the breaking and entering without privilege of any building or occupied structure with the intent to commit a felony therein. "" Late one night, a burglar broke into a jewelry store located in the state. She was immediately arrested by the night security guard. When the burglar was apprehended by the security guard, she offered him $500 to let her go. The security guard agreed. The burglar then handed him the money and took with her the jewelry she intended to steal. If the security guard is later arrested, he should be found guilty for which, if any, of the following crimes?",Conspiracy to commit burglary.,Accessory before the fact to burglary,No crime.,Accessory after the fact to burglary.,D,D,true
"This question refers to the following information.
BECAUSE no People can be truly happy, though under the greatest Enjoyment of Civil Liberties, if abridged of the Freedom of their Consciences, as to their Religious Profession and Worship: And Almighty God being the only Lord of Conscience, Father of Lights and Spirits; and the Author as well as Object of all divine Knowledge, Faith and Worship, who only doth enlighten the Minds, and persuade and convince the Understanding of People, I do hereby grant and declare, That no Person or Persons, inhabiting in this Province or Territories, who shall confess and acknowledge One almighty God, the Creator, Upholder and Ruler of the World; and profess him or themselves obliged to live quietly under the Civil Government, shall be in any Case molested or prejudiced, in his or their Person or Estate, because of his or their conscientious Persuasion or Practice, nor be compelled to frequent or maintain any religious Worship, Place or Ministry, contrary to his or their Mind.…
—William Penn, Charter of Privileges Granted by William Penn,
esq. to the Inhabitants of Pennsylvania and Territories, October 28, 1701
Penn's Charter of Privileges can be seen as a forerunner to which of the following?",The Declaration of Independence,The Fourteen Points,The First Amendment to the Constitution,The Gettysburg Address,C,C,true
"On September 1, a man mailed a letter to a resort hotel on an island, reserving the ""honeymoon suite"" for the period from December 24 to January 1. The man explained that he and his fiancÃ©e were being married on December 23 and intended to travel by plane to the island on December 24. The resort hotel then sent back a confirmation notice stating that it was reserving the honeymoon suite for the man and his bride from December 24 to January 1 ""for the weekly rental of $10,000. ""On December 23, a blizzard struck, blanketing the city with five feet of snow. As a result, the airports were shut down. The man immediately telephoned the manager of the resort hotel and explained his predicament. When the manager requested assurance that the man and his bride would still be making the trip, the man responded, ""The airports are scheduled to re-open tomorrow . . . if they do we hope to make the trip. "" The next morning, the manager sent an e-mail to the man, advising him that the honeymoon suite had been rented to another couple for the period from December 24 to January 1. If the man brings suit against the resort hotel for breach of contract, which of the following will provide the hotel with its best defense'?'",The resort hotel's duty to hold the honeymoon suite for the man and his bride's arrival was excused by the apparent impossibility on December 23 of their timely performance.,The resort hotel's duty to hold the honeymoon suite for the man and his bride's arrival was excused by frustration of purpose.,The man and his bride's apparent inability on December 23 to make the trip constituted a material breach that excused the resort hotel of any obligation to hold the honeymoon suite for their arrival.,The resort hotel's duty to hold the honeymoon suite for the man and his bride's arrival was discharged by their failure to give adequate assurances of their own agreed performance.,D,D,true
"A buyer sent an e-mail to a retailer of camping supplies inquiring about the possibility of purchasing a tent that would sleep four adults. The buyer explained that he was planning for an upcoming camping trip at the end of the month. The retailer responded by e-mail:""I can sell you a tent that would sleep four, for $500. This price is good for one week. ""Three days later, the retailer learned from another seller of camping supplies that the same buyer had come to her store the day before and had inquired about purchasing a tent that would sleep four adults. The other seller told the retailer that she had quoted the buyer a price of $600 for a tent that would sleep four adults. The next day, the buyer telephoned the retailer and stated that he wanted to buy the tent for $500. The retailer replied: ""I do not want to sell to you. I tried to deal with you in good faith, but I hear you've been comparing my prices with other sellers. Why don't you deal with them!"" The retailer then slammed down the phone. Assume that the retailer's e-mail created in the buyer a valid power of acceptance. Was that power terminated when the retailer learned from the other seller of the buyer's conversation with the other seller?","Yes, because the other seller gave factually accurate information to the retailer. ","Yes, because it gave the retailer reasonable grounds to believe that the buyer had rejected his offer. ","No, because the indirect communication to the retailer was oral. ","No, because the buyer's conversation with the other seller did not constitute a rejection. ",D,D,true
Electromagnetic radiation emitted from a nucleus is most likely to be in the form of,gamma rays,microwaves,ultraviolet radiation,visible light,A,A,true
"An investor was the record owner in fee simple absolute of a 125-acre parcel of land located in the Southwest. The investor conveyed the property ""to my assistant for life with remainder to my son. "" At the time of the conveyance, the son was in medical school outside the United States. The assistant immediately recorded the deed and took possession. Shortly thereafter, the assistant discovered that the property contained large coal deposits, which she mined and began to sell. Three years after the original conveyance, the son graduated from medical school and returned to the Southwest. He then learned of the conveyance and also ascertained that the assistant had not paid taxes on the parcel of land for the last three years. After discovering that the property was subject to a pending tax foreclosure, the son demanded that the assistant pay the delinquent taxes. Even though the profits from the coal sales were quite substantial, the assistant refused to pay the outstanding taxes. The son thus paid the taxes himself. If the son sues the assistant to recover the taxes and for an accounting of the proceeds received from the coal sales, judgment should be","in favor of the son for the taxes, but not for the coal. ","in favor of the son for the coal, but not for the taxes. ",in favor of the son for both the taxes and the coal.,against the son for both the taxes and the coal.,C,C,true
"An owner of a pharmaceutical company manufactures aspirin tablets that it sells in interstate commerce. A woman purchased a bottle of the owner's aspirin from a drugstore. Shortly after taking two of the aspirin tablets, the woman became extremely ill and began having convulsions. She was rushed to the hospital, where it was determined that the aspirin tablets contained strychnine, a poisonous chemical. The owner of the pharmaceutical company is subsequently charged with violating a federal statute that makes it a misdemeanor to transport impure drugs in interstate commerce. The owner should be found","guilty, only if he knew or should have known that the aspirin tablets were poisonous. ","guilty, only if he had the authority and responsibility for packaging the aspirin tablets. ","guilty, only if he personally supervised the packaging of the aspirin tablets. ","guilty, only if he knew that other customers had purchased poisonous aspirin tablets in the past. ",B,B,true
"A hardware store had a public pay telephone attached to the outside wall of its building. The telephone was owned and operated by the local telephone company. On Thursday, November 25, the store was closed for Thanksgiving. A resident, who lived two doors away, walked to the hardware store to use the telephone. He wanted to call his son and daughter- in-law to wish them a happy Thanksgiving, but his home phone was out of order. The resident picked up the receiver, inserted coins for the cost of the call, and promptly received an electric shock. Although the resident was momentarily stunned, he did not suffer any pain or injuries. Unbeknownst to the resident, a technician employed by the telephone company had incorrectly rewired the telephone the previous day, causing a short circuit in the telephone mechanism. If the resident institutes a personal injury action for negligence against the telephone company, he will most likely","recover, because the technician's error would constitute the proximate cause of the resident's injuries. ","not recover, because the resident did not suffer any injuries. ","recover, because the technician's error was a substantial factor in causing the resident's injuries. ","recover, under the doctrine of respondeat superior",B,B,true
"If 50% of a number is 20, what is 75% of the number?",8,15,30,45,C,C,true
"A detective received information from an informant, who had given reliable information many times in the past, that a man was a narcotics dealer. Specifically, the informant said that, two months before, he had visited the man's apartment with a friend and that on that occasion he saw the man sell his friend some heroin. The detective knew that the informant, the man, and the friend were acquaintances. Thereafter, the detective put all this information into affidavit form, appeared before a magistrate, and secured a search warrant for the man's apartment. The search turned up a supply of heroin. The man's motion to suppress introduction of the heroin into evidence will most probably be","granted, because a search warrant cannot validly be issued solely on the basis of an informant's information. ","granted, because the information supplied to the detective concerned an occurrence too remote in time to justify a finding of probable cause at the time of the search. ","granted, because a search for mere evidence alone is improper and illegal. ","denied, because the informant had proven himself reliable in the past, and the information he gave turned out to be correct. ",B,B,true
"A state law requires any lawn mower sold in the state to meet a specified minimum level of fuel efficiency. A new federal statute requires all power equipment, including lawn mowers, to be labeled with energy efficiency stickers to permit purchasers to make informed choices when buying such equipment. The statute does not expressly preempt state law. Assume that no other federal statute or administrative regulation addresses the energy efficiency of power equipment. Which of the following is the best argument the state can make for the continued validity of its law? ","Congress cannot preempt state laws requiring a specified minimum level of requiring a specified minimum level of fuel efficiency for lawn mowers, because the use of such equipment is a wholly local event and, therefore, is beyond the regulatory authority vested in Congress by the commerce clause.","The law is unaffected by the federal statute, because Congress did not expressly prohibit state laws requiring power equipment to meet specified levels of fuel efficiency.","The purpose of the law is consistent with the purpose of the federal statute, enforcement of the law would not interfere with the full execution of the statute, and there is no evidence that Congress intended to preclude the states from enacting supplemental laws on this subject.","There is a very strong presumption that a specific state law on a subject normally within the state's police power prevails over a more general federal statute, because the Tenth Amendment reserves to the states primary authority over matters affecting public health, welfare, and safety.",C,C,true
Which of the following is true about the assessment of gait?,An antalgic gait is caused by a painful leg,A stamping gait is caused by bilateral foot drop,A waddling gait is sometimes called a steppage gait,An apraxic gait is due to hysteria,A,A,true
"A homeowner owns a home in fee simple and leased it to his cousin for a term of 10 years. By the terms of the lease, the cousin expressly covenanted to pay a monthly rental of $300 and to pay the taxes on the premises during the term of the lease. The lease also stipulated that the cousin, as lessee, may not assign or sublease the said premises. The cousin and his family lived in the house for two years. Then the cousin, still owing the homeowner three months back rent, assigned his leasehold interest in the property to a friend, who was unaware of the prohibition against assignments. This written assignment expressly provided that the friend would pay the homeowner the monthly rental of $300, but was silent concerning the payment of taxes. After the cousin's assignment to the friend, the homeowner sues the cousin to recover the rent in arrears. The homeowner will most likely","succeed, even though the homeowner had notice of the assignment. ","not succeed, because the cousin had assigned his interest in the premises before the homeowner brought suit. ","succeed, because the homeowner and the cousin stood in privity of contract. ","not succeed, because he did not object to the assignment. ",C,C,true
"For patients with asthma, how many times a day should a peak flow reading be taken?",Daily.,Three times a week.,Twice a day.,Once a week.,C,C,true
"One afternoon, a man was driving his car in the downtown section of a city. Already late for a  onsiness appointment, he was becoming very upset because of the heavy traffic. Suddenly, he decided to drive his car along the sidewalk to avoid the traffic jam. While he was speeding down the sidewalk, people were hastily scurrying to avoid his car. His car struck a pedestrian, who had tripped trying to get out of his way, killing her. Which of the following is the best theory regarding the man's criminal liability?","Felony murder, because he was committing an assault with a deadly weapon. ","Commission of an act highly dangerous to life, without an intent to kill but with disregard for the consequences. ","Transferred intent, because one is presumed to intend the natural and probable consequences of his acts. ","Intentional killing, because the man's conduct was a substantial factor in causing the pedesthan's death. ",B,B,true
"This question refers to the following information.
BECAUSE no People can be truly happy, though under the greatest Enjoyment of Civil Liberties, if abridged of the Freedom of their Consciences, as to their Religious Profession and Worship: And Almighty God being the only Lord of Conscience, Father of Lights and Spirits; and the Author as well as Object of all divine Knowledge, Faith and Worship, who only doth enlighten the Minds, and persuade and convince the Understanding of People, I do hereby grant and declare, That no Person or Persons, inhabiting in this Province or Territories, who shall confess and acknowledge One almighty God, the Creator, Upholder and Ruler of the World; and profess him or themselves obliged to live quietly under the Civil Government, shall be in any Case molested or prejudiced, in his or their Person or Estate, because of his or their conscientious Persuasion or Practice, nor be compelled to frequent or maintain any religious Worship, Place or Ministry, contrary to his or their Mind.…
—William Penn, Charter of Privileges Granted by William Penn,
esq. to the Inhabitants of Pennsylvania and Territories, October 28, 1701
Penn's Charter of Privileges can be seen as a forerunner to which of the following?",The Declaration of Independence,The Fourteen Points,The Gettysburg Address,The First Amendment to the Constitution,D,D,true
Wendy wants to take a survey to determine which flavor of ice cream is the most popular at her school. Which of the following methods is the best way for her to choose a random sample of the students at her school?,selecting members of the girls’ softball team,selecting members of the boys’ basketball team,selecting ten students from each homeroom,selecting students who like her favorite flavor of ice cream,C,C,true
Which of the following is true about the global growth rate?,The global growth rate was four times as high 50 years ago as it is in 2020.,The global growth rate was two times as high 50 years ago as it is in 2020.,The global growth rate is two times as high as it is in 2020.,The global growth rate is four times as high today as it is in 2020.,B,B,true
The electron configuration 1s2 2s2 2p6 3s2 3p6 4s2 signifies the ground state of the element,V,Ti,Ca,Co,C,C,true
Which of the following is true regarding the examination of the legs?,Sustained clonus occurs with hypotonia,Clonus can only be demonstrated at the ankle,"The root value of hip flexion is L4, L5",The root value of toe extension is L5,D,D,true
"A farmer contracted to sell 100 tons of his home-grown cucumbers to a wholesaler. An invasion of cucumber-eating insects attacked the crop and made it a poor season. The farmer delivered only 60 tons. The wholesaler claimed a breach of contract due to his being shorted 40 tons. The farmer sued the wholesaler for payment on the 60 tons, and the wholesaler counterclaimed for damages caused by the loss of the additional 40 tons. What is the most likely decision of the court?","The farmer could have used insecticide to kill the insects; he breached the contract, and gets nothing.","The farmer breached the contract but he's entitled to be paid for the 60 tons, less the amount of damages suffered by the wholesaler in not getting the full value of the bargain.",There is an industry-wide implied condition that natural causes could limit the amount of an agricultural product -- the wholesaler must pay for the 60 tons and gets no credit on the rest.,The farmer is entitled to collect on the 60 tons and will be reimbursed for the 40 unproduced tons by the federal government.,C,C,true
Electromagnetic radiation emitted from a nucleus is most likely to be in the form of,microwaves,gamma rays,ultraviolet radiation,visible light,B,B,true
"A state resident could purchase a license solely for hunting elk for $9. 00. A nonresident, in order to hunt elk, was required to purchase a combination license at a cost of $225. 00; this entitled him to take one elk, one deer, and one black bear. A nonresident, however, could obtain a license restricted to deer for $51. 00. A resident was not required to buy any combination of licenses but if he did, the cost to him of all the privileges granted by the nonresident combination license was $30. 00. Due to its successful management program for elk, the state has not been compelled to limit the overall number of hunters by means of drawings or lotteries, as have other states. Elk are not hunted commercially in the state. Nonresident hunters seek the animal for its trophy value; the trophy is the distinctive set of antlers.  . Vhereas the interest of resident hunters more often may be in the meat, among nonresident hunters, big-game hunting is clearly a sport in the state. Two residents of another state bring suit against the state. They assert in their complaint that the disparities between residents and nonresidents in the state hunting license system is unconstitutional. The state's hunting license system should be found","constitutional, because there is a compelling state interest. ","unconstitutional, because it violates the privileges and immunities clause of Article IV, Section 2. ","constitutional, because it is within the police power of a state to regulate a recreational, noncommercial activity. ","unconstitutional, because it violates the equal protection clause of the Fourteenth Amendment. ",C,C,true
"A hardware store had a public pay telephone attached to the outside wall of its building. The telephone was owned and operated by the local telephone company. On Thursday, November 25, the store was closed for Thanksgiving. A resident, who lived two doors away, walked to the hardware store to use the telephone. He wanted to call his son and daughter- in-law to wish them a happy Thanksgiving, but his home phone was out of order. The resident picked up the receiver, inserted coins for the cost of the call, and promptly received an electric shock. Although the resident was momentarily stunned, he did not suffer any pain or injuries. Unbeknownst to the resident, a technician employed by the telephone company had incorrectly rewired the telephone the previous day, causing a short circuit in the telephone mechanism. If the resident institutes a personal injury action for negligence against the telephone company, he will most likely","recover, because the technician's error would constitute the proximate cause of the resident's injuries. ","recover, because the technician's error was a substantial factor in causing the resident's injuries. ","not recover, because the resident did not suffer any injuries. ","recover, under the doctrine of respondeat superior",C,C,true
"An owner of a pharmaceutical company manufactures aspirin tablets that it sells in interstate commerce. A woman purchased a bottle of the owner's aspirin from a drugstore. Shortly after taking two of the aspirin tablets, the woman became extremely ill and began having convulsions. She was rushed to the hospital, where it was determined that the aspirin tablets contained strychnine, a poisonous chemical. The owner of the pharmaceutical company is subsequently charged with violating a federal statute that makes it a misdemeanor to transport impure drugs in interstate commerce. The owner should be found","guilty, only if he knew or should have known that the aspirin tablets were poisonous. ","guilty, only if he personally supervised the packaging of the aspirin tablets. ","guilty, only if he had the authority and responsibility for packaging the aspirin tablets. ","guilty, only if he knew that other customers had purchased poisonous aspirin tablets in the past. ",C,C,true
"A man was injured when his kitchen oven exploded due to a manufacturing defect. He filed a complaint against the oven manufacturer for personal injury damages. He also added a count for class certification and requested a recall of all similar ovens sold to consumers to stop the danger of physical injury. He created two putative classes: (1) everyone who purchased that model oven who lived in New York, the state where the man resided; and (2) everyone who purchased that model oven who resided in 25 other designated states where the company did business. The manufacturer filed a motion to dismiss the second putative class preliminarily under Rule 12(f) of the Federal Rules of Civil Procedure which allows for the early striking of any immaterial matter from the complaint. Will the federal district court judge likely grant the motion?","Yes, the court will grant it because the plaintiff is not a member of the second class that he set up.","Yes, the court will grant it because the plaintiff has not specifically listed the identity of each member of the second putative class.","No, the court will not grant it because it is too early to decide class certification issues and it can't be done through Rule 12(f) of the FRCP.","No, the court will not grant it because the plaintiff does not have to be a member of the exact class in order to represent that class.",A,A,true
"This question refers to the following information.
""I know that whenever the subject has occurred in conversation where I have been present, it has appeared to be the opinion of every one that we could not be taxed by a Parliament wherein we were not represented. But the payment of duties laid by an act of Parliament as regulations of commerce was never disputed. . . . An external tax is a duty laid on commodities imported; that duty is added to the first cost and other charges on the commodity, and, when it is offered for sale, makes a part of the price. If the people do not like it at that price, they refuse it; they are not obliged to pay it. But an internal tax is forced from the people without their consent if not laid by their own representatives. The Stamp Act says we shall have no commerce, make no exchange of property with each other, neither purchase nor grant, nor recover debts; we shall neither marry nor make our wills, unless we pay such and such sums; and thus it is intended to extort our money from us or ruin us by the consequence of refusing to pay it.""
—Benjamin Franklin, Examination before Parliament, 1766
Which author was most critical of the policy being described here by President Jackson?",Helen Hunt Jackson in A Century of Dishonor.,Rachel Carson in Silent Spring.,Ralph Ellison in Invisible Man.,William Lloyd Garrison in The Liberator.,A,A,true
"If 50% of a number is 20, what is 75% of the number?",8,15,45,30,D,D,true
"A state law requires any lawn mower sold in the state to meet a specified minimum level of fuel efficiency. A new federal statute requires all power equipment, including lawn mowers, to be labeled with energy efficiency stickers to permit purchasers to make informed choices when buying such equipment. The statute does not expressly preempt state law. Assume that no other federal statute or administrative regulation addresses the energy efficiency of power equipment. Which of the following is the best argument the state can make for the continued validity of its law? ","Congress cannot preempt state laws requiring a specified minimum level of requiring a specified minimum level of fuel efficiency for lawn mowers, because the use of such equipment is a wholly local event and, therefore, is beyond the regulatory authority vested in Congress by the commerce clause.","The law is unaffected by the federal statute, because Congress did not expressly prohibit state laws requiring power equipment to meet specified levels of fuel efficiency.","There is a very strong presumption that a specific state law on a subject normally within the state's police power prevails over a more general federal statute, because the Tenth Amendment reserves to the states primary authority over matters affecting public health, welfare, and safety.","The purpose of the law is consistent with the purpose of the federal statute, enforcement of the law would not interfere with the full execution of the statute, and there is no evidence that Congress intended to preclude the states from enacting supplemental laws on this subject.",D,D,true
Client is claiming self defense in the killing of another. What is not usually true about when deadly force is available?,Self defense is generally available to the initial aggressor.,"One must retreat before using deadly force, if it can be done safely, unless the defendant is in his or her home when confronted by an intruder.",One need not attempt to escape before using deadly force.,Deadly force should not be used if it is out of proportion to the amount of force reasonably needed under the circumstances.,A,A,true
"One afternoon, a man was driving his car in the downtown section of a city. Already late for a  onsiness appointment, he was becoming very upset because of the heavy traffic. Suddenly, he decided to drive his car along the sidewalk to avoid the traffic jam. While he was speeding down the sidewalk, people were hastily scurrying to avoid his car. His car struck a pedestrian, who had tripped trying to get out of his way, killing her. Which of the following is the best theory regarding the man's criminal liability?","Felony murder, because he was committing an assault with a deadly weapon. ","Transferred intent, because one is presumed to intend the natural and probable consequences of his acts. ","Commission of an act highly dangerous to life, without an intent to kill but with disregard for the consequences. ","Intentional killing, because the man's conduct was a substantial factor in causing the pedesthan's death. ",C,C,true
"An investor was the record owner in fee simple absolute of a 125-acre parcel of land located in the Southwest. The investor conveyed the property ""to my assistant for life with remainder to my son. "" At the time of the conveyance, the son was in medical school outside the United States. The assistant immediately recorded the deed and took possession. Shortly thereafter, the assistant discovered that the property contained large coal deposits, which she mined and began to sell. Three years after the original conveyance, the son graduated from medical school and returned to the Southwest. He then learned of the conveyance and also ascertained that the assistant had not paid taxes on the parcel of land for the last three years. After discovering that the property was subject to a pending tax foreclosure, the son demanded that the assistant pay the delinquent taxes. Even though the profits from the coal sales were quite substantial, the assistant refused to pay the outstanding taxes. The son thus paid the taxes himself. If the son sues the assistant to recover the taxes and for an accounting of the proceeds received from the coal sales, judgment should be","in favor of the son for the taxes, but not for the coal. ","in favor of the son for the coal, but not for the taxes. ",against the son for both the taxes and the coal.,in favor of the son for both the taxes and the coal.,D,D,true
Wendy wants to take a survey to determine which flavor of ice cream is the most popular at her school. Which of the following methods is the best way for her to choose a random sample of the students at her school?,selecting members of the girls’ softball team,selecting members of the boys’ basketball team,selecting students who like her favorite flavor of ice cream,selecting ten students from each homeroom,D,D,true
"For patients with asthma, how many times a day should a peak flow reading be taken?",Daily.,Three times a week.,Once a week.,Twice a day.,D,D,true
"A detective received information from an informant, who had given reliable information many times in the past, that a man was a narcotics dealer. Specifically, the informant said that, two months before, he had visited the man's apartment with a friend and that on that occasion he saw the man sell his friend some heroin. The detective knew that the informant, the man, and the friend were acquaintances. Thereafter, the detective put all this information into affidavit form, appeared before a magistrate, and secured a search warrant for the man's apartment. The search turned up a supply of heroin. The man's motion to suppress introduction of the heroin into evidence will most probably be","granted, because a search warrant cannot validly be issued solely on the basis of an informant's information. ","granted, because a search for mere evidence alone is improper and illegal. ","granted, because the information supplied to the detective concerned an occurrence too remote in time to justify a finding of probable cause at the time of the search. ","denied, because the informant had proven himself reliable in the past, and the information he gave turned out to be correct. ",C,C,true
"A homeowner owns a home in fee simple and leased it to his cousin for a term of 10 years. By the terms of the lease, the cousin expressly covenanted to pay a monthly rental of $300 and to pay the taxes on the premises during the term of the lease. The lease also stipulated that the cousin, as lessee, may not assign or sublease the said premises. The cousin and his family lived in the house for two years. Then the cousin, still owing the homeowner three months back rent, assigned his leasehold interest in the property to a friend, who was unaware of the prohibition against assignments. This written assignment expressly provided that the friend would pay the homeowner the monthly rental of $300, but was silent concerning the payment of taxes. After the cousin's assignment to the friend, the homeowner sues the cousin to recover the rent in arrears. The homeowner will most likely","succeed, even though the homeowner had notice of the assignment. ","not succeed, because the cousin had assigned his interest in the premises before the homeowner brought suit. ","not succeed, because he did not object to the assignment. ","succeed, because the homeowner and the cousin stood in privity of contract. ",D,D,true
"A candidate for governor hired a production company to shoot a series of commercials that the candidate planned to use in his campaign. The written contract entered included a ""production fee clause"" that provided that the production company would be ""paid $100,000 for the filming and editing of ten 30-second commercials"" that would be suitable for the candidate's television campaign broadcasts. The production fee clause also stipulated that the $100,000 would be paid to the production company ""on condition that the filming and editing be directed under the personal supervision of the president of the production company. "" The contract made no other reference to compensation. Thereafter, the production company filmed and edited the ten campaign commercials, which the candidate approved. When the production was completed, the production company submitted to the candidate an invoice statement in the amount of $150,000. Besides the $100,000 contract figure, the bill included a $50,000 charge for the president's full-time services in directing the filming and editing of the videos. Denying any additional liability, the candidate sent the production company a check for $100,000. The production company then brought suit against the candidate to recover the $50,000 to cover the president's services. Which of the following arguments would be most persuasive in the candidate's efforts to prevent the introduction of parol evidence to show that prior to the parties' execution of the written contract they had orally agreed on payment by the candidate to cover the president's salary in addition to the $100,000 production fee?",There was no latent ambiguity contained within the actual written contract.,"The written ""production fee clause"" is clear on its face, and no patent ambiguity is present in the writing. ",Parol evidence of a prior oral agreement is barred if it contradicts a term of a written contract.,"Since the agreement contained a compensation clause that specified a stipulated amount, the contract was fully integrated on that subject. ",D,D,true
Which of the following is true about the assessment of gait?,A stamping gait is caused by bilateral foot drop,An antalgic gait is caused by a painful leg,A waddling gait is sometimes called a steppage gait,An apraxic gait is due to hysteria,B,B,true
"A hardware store had a public pay telephone attached to the outside wall of its building. The telephone was owned and operated by the local telephone company. On Thursday, November 25, the store was closed for Thanksgiving. A resident, who lived two doors away, walked to the hardware store to use the telephone. He wanted to call his son and daughter- in-law to wish them a happy Thanksgiving, but his home phone was out of order. The resident picked up the receiver, inserted coins for the cost of the call, and promptly received an electric shock. Although the resident was momentarily stunned, he did not suffer any pain or injuries. Unbeknownst to the resident, a technician employed by the telephone company had incorrectly rewired the telephone the previous day, causing a short circuit in the telephone mechanism. If the resident institutes a personal injury action for negligence against the telephone company, he will most likely","recover, because the technician's error would constitute the proximate cause of the resident's injuries. ","recover, because the technician's error was a substantial factor in causing the resident's injuries. ","recover, under the doctrine of respondeat superior","not recover, because the resident did not suffer any injuries. ",D,D,true
Electromagnetic radiation emitted from a nucleus is most likely to be in the form of,microwaves,ultraviolet radiation,gamma rays,visible light,C,C,true
Which of the following is true about the global growth rate?,The global growth rate was four times as high 50 years ago as it is in 2020.,The global growth rate is two times as high as it is in 2020.,The global growth rate was two times as high 50 years ago as it is in 2020.,The global growth rate is four times as high today as it is in 2020.,C,C,true
"An attempt was made to hijack a commercial airliner while it was in flight from San Francisco to New Orleans. Within minutes, however, the hijacker was seized, and the plane proceeded to its destination. Upon the planeÕs arrival, television stations broadcast pictures of the passengers as they disembarked. Among the passengers pictured on television was a businessman who was supposed to be in Chicago on company business. The disclosure that the businessman was in New Orleans and not in Chicago at the time resulted in the loss of his position with his company and great humiliation and embarrassment for him. If the businessman asserts a claim against the television stations for broadcasting his picture as he disembarked, is he likely to prevail?","No, because the scene shown on television was newsworthy.","Yes, because the businessmanÕs location was revealed against his wishes.","Yes, because publication of the television pictures caused the businessman pecuniary loss.","No, because the humiliation and embarrassment did not result in physical harm to the businessman.",A,A,true
"A farmer contracted to sell 100 tons of his home-grown cucumbers to a wholesaler. An invasion of cucumber-eating insects attacked the crop and made it a poor season. The farmer delivered only 60 tons. The wholesaler claimed a breach of contract due to his being shorted 40 tons. The farmer sued the wholesaler for payment on the 60 tons, and the wholesaler counterclaimed for damages caused by the loss of the additional 40 tons. What is the most likely decision of the court?","The farmer could have used insecticide to kill the insects; he breached the contract, and gets nothing.","The farmer breached the contract but he's entitled to be paid for the 60 tons, less the amount of damages suffered by the wholesaler in not getting the full value of the bargain.",The farmer is entitled to collect on the 60 tons and will be reimbursed for the 40 unproduced tons by the federal government.,There is an industry-wide implied condition that natural causes could limit the amount of an agricultural product -- the wholesaler must pay for the 60 tons and gets no credit on the rest.,D,D,true
"A state resident could purchase a license solely for hunting elk for $9. 00. A nonresident, in order to hunt elk, was required to purchase a combination license at a cost of $225. 00; this entitled him to take one elk, one deer, and one black bear. A nonresident, however, could obtain a license restricted to deer for $51. 00. A resident was not required to buy any combination of licenses but if he did, the cost to him of all the privileges granted by the nonresident combination license was $30. 00. Due to its successful management program for elk, the state has not been compelled to limit the overall number of hunters by means of drawings or lotteries, as have other states. Elk are not hunted commercially in the state. Nonresident hunters seek the animal for its trophy value; the trophy is the distinctive set of antlers.  . Vhereas the interest of resident hunters more often may be in the meat, among nonresident hunters, big-game hunting is clearly a sport in the state. Two residents of another state bring suit against the state. They assert in their complaint that the disparities between residents and nonresidents in the state hunting license system is unconstitutional. The state's hunting license system should be found","constitutional, because there is a compelling state interest. ","unconstitutional, because it violates the privileges and immunities clause of Article IV, Section 2. ","unconstitutional, because it violates the equal protection clause of the Fourteenth Amendment. ","constitutional, because it is within the police power of a state to regulate a recreational, noncommercial activity. ",D,D,true
The electron configuration 1s2 2s2 2p6 3s2 3p6 4s2 signifies the ground state of the element,V,Ti,Co,Ca,D,D,true
"This question refers to the following information.
""I know that whenever the subject has occurred in conversation where I have been present, it has appeared to be the opinion of every one that we could not be taxed by a Parliament wherein we were not represented. But the payment of duties laid by an act of Parliament as regulations of commerce was never disputed. . . . An external tax is a duty laid on commodities imported; that duty is added to the first cost and other charges on the commodity, and, when it is offered for sale, makes a part of the price. If the people do not like it at that price, they refuse it; they are not obliged to pay it. But an internal tax is forced from the people without their consent if not laid by their own representatives. The Stamp Act says we shall have no commerce, make no exchange of property with each other, neither purchase nor grant, nor recover debts; we shall neither marry nor make our wills, unless we pay such and such sums; and thus it is intended to extort our money from us or ruin us by the consequence of refusing to pay it.""
—Benjamin Franklin, Examination before Parliament, 1766
Which author was most critical of the policy being described here by President Jackson?",Rachel Carson in Silent Spring.,Helen Hunt Jackson in A Century of Dishonor.,Ralph Ellison in Invisible Man.,William Lloyd Garrison in The Liberator.,B,B,true
"An owner of a pharmaceutical company manufactures aspirin tablets that it sells in interstate commerce. A woman purchased a bottle of the owner's aspirin from a drugstore. Shortly after taking two of the aspirin tablets, the woman became extremely ill and began having convulsions. She was rushed to the hospital, where it was determined that the aspirin tablets contained strychnine, a poisonous chemical. The owner of the pharmaceutical company is subsequently charged with violating a federal statute that makes it a misdemeanor to transport impure drugs in interstate commerce. The owner should be found","guilty, only if he knew or should have known that the aspirin tablets were poisonous. ","guilty, only if he personally supervised the packaging of the aspirin tablets. ","guilty, only if he knew that other customers had purchased poisonous aspirin tablets in the past. ","guilty, only if he had the authority and responsibility for packaging the aspirin tablets. ",D,D,true
After the Atom bomb how many Americans support giving aid to Japan even at the cost of food shortages?,33%,66%,50%,85%,B,B,true
"One afternoon, a man was driving his car in the downtown section of a city. Already late for a  onsiness appointment, he was becoming very upset because of the heavy traffic. Suddenly, he decided to drive his car along the sidewalk to avoid the traffic jam. While he was speeding down the sidewalk, people were hastily scurrying to avoid his car. His car struck a pedestrian, who had tripped trying to get out of his way, killing her. Which of the following is the best theory regarding the man's criminal liability?","Felony murder, because he was committing an assault with a deadly weapon. ","Transferred intent, because one is presumed to intend the natural and probable consequences of his acts. ","Intentional killing, because the man's conduct was a substantial factor in causing the pedesthan's death. ","Commission of an act highly dangerous to life, without an intent to kill but with disregard for the consequences. ",D,D,true
"A man was injured when his kitchen oven exploded due to a manufacturing defect. He filed a complaint against the oven manufacturer for personal injury damages. He also added a count for class certification and requested a recall of all similar ovens sold to consumers to stop the danger of physical injury. He created two putative classes: (1) everyone who purchased that model oven who lived in New York, the state where the man resided; and (2) everyone who purchased that model oven who resided in 25 other designated states where the company did business. The manufacturer filed a motion to dismiss the second putative class preliminarily under Rule 12(f) of the Federal Rules of Civil Procedure which allows for the early striking of any immaterial matter from the complaint. Will the federal district court judge likely grant the motion?","Yes, the court will grant it because the plaintiff has not specifically listed the identity of each member of the second putative class.","Yes, the court will grant it because the plaintiff is not a member of the second class that he set up.","No, the court will not grant it because it is too early to decide class certification issues and it can't be done through Rule 12(f) of the FRCP.","No, the court will not grant it because the plaintiff does not have to be a member of the exact class in order to represent that class.",B,B,true
Client is claiming self defense in the killing of another. What is not usually true about when deadly force is available?,"One must retreat before using deadly force, if it can be done safely, unless the defendant is in his or her home when confronted by an intruder.",Self defense is generally available to the initial aggressor.,One need not attempt to escape before using deadly force.,Deadly force should not be used if it is out of proportion to the amount of force reasonably needed under the circumstances.,B,B,true
Which of the following is true about the assessment of gait?,A stamping gait is caused by bilateral foot drop,A waddling gait is sometimes called a steppage gait,An antalgic gait is caused by a painful leg,An apraxic gait is due to hysteria,C,C,true
"A registered pharmacist was falsely told by his best friend one day that the friend needed a dangerous drug for an experiment he was conducting with rats in his lab. Unbeknownst to the pharmacist, his friend used the drug to poison his girlfriend. The poison killed her. The pharmacist was aware that his best friend had a volatile relationship with his girlfriend. A statute in the jurisdiction provides: ""Any intentional and premeditated killing or one occurring during the perpetration of a felony, is murder in the first degree. Murder in the second degree is murder with intent to cause serious bodily harm. Manslaughter is an unlawful killing due to recklessness. "" Assault with intent to kill or to cause serious physical injury is a felony in the jurisdiction. There are no separate felonies relating to adulterating food or poisoning. Finally, it is a misdemeanor in the jurisdiction to distribute drugs without a prescription. The most serious crime for which the pharmacist can properly be convicted is",selling drugs without a prescription.,first-degree murder.,second-degree murder.,manslaughter.,A,A,true
"A man, a teenager, and a woman are siblings who inherited their father's farm when he died testate, leaving his farm to his children as joint tenants. Soon after the father's death, the teenager died and the woman moved to another part of the country. The man has not heard from the woman in many years. Prior to their father's death, the man and the teenager operated their father's farm. They continued doing so after their father died, sharing all expenses equally and dividing the profits between them. Following the teenager's death, the man has continued to operate the farm for his sole benefit. Recently, the man has granted a coal company rights to strip-mine coal from underneath the farm. Their agreement stipulated that the coal company would pay the man a per-ton royalty for the coal extracted. In addition, the coal company agreed to fill in the excavated area and replace top soil on the surface of the land. During the coal company's strip-mining operation, the woman returns to the farm and demands a proportionate share of the royalties paid to her brother (the man). Which of the following is the LEAST accurate statement regarding the woman's right to share in the royalties?","The woman's redomiciling constituted a severance of the joint tenancy, which resulted in a destruction of her interest in the mining royalties. ","As a joint tenant, the woman would be entitled to contribution for a proportionate share of the royalties. ",It would be inequitable for one concurrent owner to receive an unapportionate share of the royalties.,"Because the woman's redomiciling did not effectuate an ouster, she retained her right to contribution as a joint tenant. ",A,A,true
Smooth muscle cells contain,actin and myosin arranged irregularly.,actin but not myosin.,myosin but not actin.,actin and myosin arranged in parallel arrays.,A,A,true
Electromagnetic radiation emitted from a nucleus is most likely to be in the form of,microwaves,ultraviolet radiation,visible light,gamma rays,D,D,true
In 1948 how many Americans believed the Kinsey Report on Sexuality in the Male to be a bad thing?,92%,64%,11%,27%,C,D,false
"An attempt was made to hijack a commercial airliner while it was in flight from San Francisco to New Orleans. Within minutes, however, the hijacker was seized, and the plane proceeded to its destination. Upon the planeÕs arrival, television stations broadcast pictures of the passengers as they disembarked. Among the passengers pictured on television was a businessman who was supposed to be in Chicago on company business. The disclosure that the businessman was in New Orleans and not in Chicago at the time resulted in the loss of his position with his company and great humiliation and embarrassment for him. If the businessman asserts a claim against the television stations for broadcasting his picture as he disembarked, is he likely to prevail?","Yes, because the businessmanÕs location was revealed against his wishes.","No, because the scene shown on television was newsworthy.","Yes, because publication of the television pictures caused the businessman pecuniary loss.","No, because the humiliation and embarrassment did not result in physical harm to the businessman.",B,B,true
"This question refers to the following information.
On Being Brought from Africa to America
'Twas mercy brought me from my Pagan land,
Taught my benighted soul to understand
That there's a God, that there's a Saviour too;
Once I redemption neither sought nor knew.
Some view our sable race with scornful eye,
""Their colour is a diabolic die.""
Remember, Christians, Negroes, black as Cain,
May be refin'd, and join th' angelic train.
—Phillis Wheatley, Poems on Various Subjects, Religious and Moral, 1773
The literary success of Phillis Wheatley led most directly to questions about which of the following?",The moral justification of slavery,The granting of political rights to women,The harsh treatment of pro-British Loyalists,The legitimacy of established churches in the states,A,A,true
"Consider the Lewis structures for the following molecules: CO2, CO32-, NO2-, and NO3-. Which molecule would have the smallest bond angle between terminal atoms?",NO2-,CO2,CO32-,NO3-,A,A,true
"Assume that a TLS connection has been established successfully between a client and a server. Establishing the session included checking the server certificate and executing a DiffieHelmann exchange, but the client did not provide a client certificate. Further, assume that the client and server are honest, that the client and server don’t leak their keys, and that the cryptography is good. Which of the following attacks does TLS protect against?
1. An attacker stealing the server’s private key and reading the plaintext of recorded past connections.
2. An attacker breaking into a certificate authority and creating a fake certificate for the server.","True, False","True, True","False, False","False, True",A,A,true
"If a circuit consists of two mass elements, two spring elements and four friction elements. Find the order of transfer function?",4,2,6,12,A,A,true
Which of the following is true about the global growth rate?,The global growth rate was four times as high 50 years ago as it is in 2020.,The global growth rate is two times as high as it is in 2020.,The global growth rate is four times as high today as it is in 2020.,The global growth rate was two times as high 50 years ago as it is in 2020.,D,D,true
"A boyfriend and his girlfriend broke into a house late at night with the intent to steal a stereo system. Although they believed that the homeowner was away on a business trip, he was, in fact, asleep in an upstairs bedroom. While they were inside the house, the girlfriend announced that she had changed her mind and urged her boyfriend to leave. The homeowner, who was awakened by the noise downstairs, descended the staircase to investigate. Upon seeing the homeowner, the girlfriend again urged her boyfriend to flee. Instead, the boyfriend attacked the homeowner and tied him up with rope. Thereupon, the boyfriend and girlfriend departed with the stereo equipment. After they left, the homeowner choked to death from the ropes while trying to free himself. The boyfriend and girlfriend were charged with burglary but were acquitted. Thereafter, the boyfriend and girlfriend were apprehended and prosecuted for felony murder with the underlying felony being burglary. With respect to the boyfriend and girlfriend's criminal liability for felony murder, which of the following is most correct?",The burglary acquittal precludes prosecution for felony murder under the doctrine of double jeopardy.,The burglary acquittal precludes any subsequent prosecution under the doctrine of res judicata.,The burglary acquittal precludes any subsequent prosecution under the doctrine of collateral estoppel.,The burglary acquittal does not preclude subsequent prosecution for felony murder.,A,A,true
"A car owner noticed a peculiar ""shimmy"" in the steering wheel of his automobile, which appeared to him to have been getting worse in the course of the preceding week. A few days after discovering the shimmy in the steering wheel, the car owner lent his automobile to his next-door neighbor. When the neighbor picked up the car, the car owner forgot to tell him about the shimmy. The neighbor was driving the car at a reasonable rate of speed within the posted speed limit when the car began to swerve across the road. The neighbor turned the steering wheel in an attempt to stay on the road. The steering failed, however, and the car veered off the road and onto the sidewalk. The car struck a pedestrian who was injured in the collision. If the pedestrian initiates suit against the owner of the car, the pedestrian will most likely","prevail, because the car owner knew the steering was faulty and failed to tell his neighbor who borrowed the car. ","prevail, because the car owner is strictly liable under the circumstances. ","not prevail, because the faulty steering was the cause-in-fact of the pedestrian's harm. ","not prevail, because the car owner was a gratuitous lender. ",A,A,true
"A detective received information from an informant, who had given reliable information many times in the past, that a man was a narcotics dealer. Specifically, the informant said that, two months before, he had visited the man's apartment with a friend and that on that occasion he saw the man sell his friend some heroin. The detective knew that the informant, the man, and the friend were acquaintances. Thereafter, the detective put all this information into affidavit form, appeared before a magistrate, and secured a search warrant for the man's apartment. The search turned up a supply of heroin. The man's motion to suppress introduction of the heroin into evidence will most probably be","granted, because a search warrant cannot validly be issued solely on the basis of an informant's information. ","granted, because a search for mere evidence alone is improper and illegal. ","denied, because the informant had proven himself reliable in the past, and the information he gave turned out to be correct. ","granted, because the information supplied to the detective concerned an occurrence too remote in time to justify a finding of probable cause at the time of the search. ",D,D,true
"During a hurricane, a 1,200 Hz warning siren on the town hall sounds. The wind is blowing at 55 m/s in a direction from the siren toward a person 1 km away. With what frequency does the sound wave reach the person? (The speed of sound in air is 330 m/s.)","1,200 Hz","1,000 Hz","1,030 Hz","1,400 Hz",A,A,true
"This question refers to the following information.
""I know that whenever the subject has occurred in conversation where I have been present, it has appeared to be the opinion of every one that we could not be taxed by a Parliament wherein we were not represented. But the payment of duties laid by an act of Parliament as regulations of commerce was never disputed. . . . An external tax is a duty laid on commodities imported; that duty is added to the first cost and other charges on the commodity, and, when it is offered for sale, makes a part of the price. If the people do not like it at that price, they refuse it; they are not obliged to pay it. But an internal tax is forced from the people without their consent if not laid by their own representatives. The Stamp Act says we shall have no commerce, make no exchange of property with each other, neither purchase nor grant, nor recover debts; we shall neither marry nor make our wills, unless we pay such and such sums; and thus it is intended to extort our money from us or ruin us by the consequence of refusing to pay it.""
—Benjamin Franklin, Examination before Parliament, 1766
Which author was most critical of the policy being described here by President Jackson?",Rachel Carson in Silent Spring.,Ralph Ellison in Invisible Man.,Helen Hunt Jackson in A Century of Dishonor.,William Lloyd Garrison in The Liberator.,C,C,true
Solve for y. y – 2 + 3y = 10,3,2,4,5,A,A,true
Client is claiming self defense in the killing of another. What is not usually true about when deadly force is available?,"One must retreat before using deadly force, if it can be done safely, unless the defendant is in his or her home when confronted by an intruder.",One need not attempt to escape before using deadly force.,Self defense is generally available to the initial aggressor.,Deadly force should not be used if it is out of proportion to the amount of force reasonably needed under the circumstances.,C,C,true
Which of the following is true about the assessment of gait?,A stamping gait is caused by bilateral foot drop,A waddling gait is sometimes called a steppage gait,An apraxic gait is due to hysteria,An antalgic gait is caused by a painful leg,D,D,true
"An attempt was made to hijack a commercial airliner while it was in flight from San Francisco to New Orleans. Within minutes, however, the hijacker was seized, and the plane proceeded to its destination. Upon the planeÕs arrival, television stations broadcast pictures of the passengers as they disembarked. Among the passengers pictured on television was a businessman who was supposed to be in Chicago on company business. The disclosure that the businessman was in New Orleans and not in Chicago at the time resulted in the loss of his position with his company and great humiliation and embarrassment for him. If the businessman asserts a claim against the television stations for broadcasting his picture as he disembarked, is he likely to prevail?","Yes, because the businessmanÕs location was revealed against his wishes.","Yes, because publication of the television pictures caused the businessman pecuniary loss.","No, because the scene shown on television was newsworthy.","No, because the humiliation and embarrassment did not result in physical harm to the businessman.",C,C,true
"Suzy, a member of the sandbaggers, is mad about the general state of affairs and is itching to sue the federal government. Which of the following would enable her to have standing to do so?",a and b,"She has been or will be directly and personally injured by the government action, which affects her rights under the federal law.",A decision in her favor would resolve her grievance.,"As a citizen, she can claim that government action violates federal law.",A,A,true
"A man was injured when his kitchen oven exploded due to a manufacturing defect. He filed a complaint against the oven manufacturer for personal injury damages. He also added a count for class certification and requested a recall of all similar ovens sold to consumers to stop the danger of physical injury. He created two putative classes: (1) everyone who purchased that model oven who lived in New York, the state where the man resided; and (2) everyone who purchased that model oven who resided in 25 other designated states where the company did business. The manufacturer filed a motion to dismiss the second putative class preliminarily under Rule 12(f) of the Federal Rules of Civil Procedure which allows for the early striking of any immaterial matter from the complaint. Will the federal district court judge likely grant the motion?","Yes, the court will grant it because the plaintiff has not specifically listed the identity of each member of the second putative class.","No, the court will not grant it because it is too early to decide class certification issues and it can't be done through Rule 12(f) of the FRCP.","Yes, the court will grant it because the plaintiff is not a member of the second class that he set up.","No, the court will not grant it because the plaintiff does not have to be a member of the exact class in order to represent that class.",C,C,true
"Consider the Lewis structures for the following molecules: CO2, CO32-, NO2-, and NO3-. Which molecule would have the smallest bond angle between terminal atoms?",CO2,NO2-,CO32-,NO3-,B,B,true
"A registered pharmacist was falsely told by his best friend one day that the friend needed a dangerous drug for an experiment he was conducting with rats in his lab. Unbeknownst to the pharmacist, his friend used the drug to poison his girlfriend. The poison killed her. The pharmacist was aware that his best friend had a volatile relationship with his girlfriend. A statute in the jurisdiction provides: ""Any intentional and premeditated killing or one occurring during the perpetration of a felony, is murder in the first degree. Murder in the second degree is murder with intent to cause serious bodily harm. Manslaughter is an unlawful killing due to recklessness. "" Assault with intent to kill or to cause serious physical injury is a felony in the jurisdiction. There are no separate felonies relating to adulterating food or poisoning. Finally, it is a misdemeanor in the jurisdiction to distribute drugs without a prescription. The most serious crime for which the pharmacist can properly be convicted is",first-degree murder.,selling drugs without a prescription.,second-degree murder.,manslaughter.,B,B,true
Smooth muscle cells contain,actin but not myosin.,actin and myosin arranged irregularly.,myosin but not actin.,actin and myosin arranged in parallel arrays.,B,B,true
"A man, a teenager, and a woman are siblings who inherited their father's farm when he died testate, leaving his farm to his children as joint tenants. Soon after the father's death, the teenager died and the woman moved to another part of the country. The man has not heard from the woman in many years. Prior to their father's death, the man and the teenager operated their father's farm. They continued doing so after their father died, sharing all expenses equally and dividing the profits between them. Following the teenager's death, the man has continued to operate the farm for his sole benefit. Recently, the man has granted a coal company rights to strip-mine coal from underneath the farm. Their agreement stipulated that the coal company would pay the man a per-ton royalty for the coal extracted. In addition, the coal company agreed to fill in the excavated area and replace top soil on the surface of the land. During the coal company's strip-mining operation, the woman returns to the farm and demands a proportionate share of the royalties paid to her brother (the man). Which of the following is the LEAST accurate statement regarding the woman's right to share in the royalties?","As a joint tenant, the woman would be entitled to contribution for a proportionate share of the royalties. ","The woman's redomiciling constituted a severance of the joint tenancy, which resulted in a destruction of her interest in the mining royalties. ",It would be inequitable for one concurrent owner to receive an unapportionate share of the royalties.,"Because the woman's redomiciling did not effectuate an ouster, she retained her right to contribution as a joint tenant. ",B,B,true
"A car owner noticed a peculiar ""shimmy"" in the steering wheel of his automobile, which appeared to him to have been getting worse in the course of the preceding week. A few days after discovering the shimmy in the steering wheel, the car owner lent his automobile to his next-door neighbor. When the neighbor picked up the car, the car owner forgot to tell him about the shimmy. The neighbor was driving the car at a reasonable rate of speed within the posted speed limit when the car began to swerve across the road. The neighbor turned the steering wheel in an attempt to stay on the road. The steering failed, however, and the car veered off the road and onto the sidewalk. The car struck a pedestrian who was injured in the collision. If the pedestrian initiates suit against the owner of the car, the pedestrian will most likely","prevail, because the car owner is strictly liable under the circumstances. ","prevail, because the car owner knew the steering was faulty and failed to tell his neighbor who borrowed the car. ","not prevail, because the faulty steering was the cause-in-fact of the pedestrian's harm. ","not prevail, because the car owner was a gratuitous lender. ",B,B,true
"A retailer brought a federal diversity action against an architect, alleging fraudulent misrepresentations in the architect's design of the retailer's store. The complaint did not include a jury demand. The architect timely moved to dismiss the action for failure to state a claim; he did not file an answer. Twenty days after being served with the motion, the retailer amended the complaint to add a defamation claim based on the architect's recent statements about the retailer in a local newspaper. In the amended complaint, the retailer demanded a jury trial on both claims. Has the retailer properly demanded a jury trial? ","Yes, on both claims, because the architect had not answered the original complaint when the retailer filed the amended complaint with the jury demand.","No, because the retailer filed the demand more than 14 days after service of the motion to dismiss.","No, because the retailer filed the demand more than 14 days after service of the original complaint.","Yes, but on the defamation claim only, because the original complaint did not contain a jury demand.",A,A,true
Solve for y. y – 2 + 3y = 10,2,3,4,5,B,B,true
"If a circuit consists of two mass elements, two spring elements and four friction elements. Find the order of transfer function?",2,4,6,12,B,B,true
"A man was under suspicion for participating in the commission of a bank robbery. A grand jury was convened to consider whether there was sufficient evidence against the man to indict him for the crime. During the grand jury hearing, the state called a police detective to testify. The detective testified that following the bank robbery, he interviewed a bystander who stated that his friend witnessed the robbery and told the bystander that the man was the person who committed the crime. Neither the man nor his attorney was allowed to be present during the grand jury proceeding. As a result, the man did not have the opportunity to cross- examine the detective or to object to the admissibility of his testimony. A grand jury indictment against the man was issued, and the prosecution has formally charged the man with bank robbery. While the man awaits trial, his attorney has filed an appropriate motion to dismiss, challenging the admissibility of evidence during the grand jury proceeding. The motion should be","denied, because the issue before the grand jury is probable cause, not guilt. ","denied, because although the detective's testimony is hearsay, rules of evidence other than privilege are not applicable to grand jury proceedings. ","granted, because the grand jury hearing violated the man's Sixth Amendment privilege of confrontation, since there was no opportunity to cross-examine the detective. ","granted, because the grand jury indictment was based upon inadmissible evidence that resulted in an unwarranted prosecution. ",A,B,false
"During a hurricane, a 1,200 Hz warning siren on the town hall sounds. The wind is blowing at 55 m/s in a direction from the siren toward a person 1 km away. With what frequency does the sound wave reach the person? (The speed of sound in air is 330 m/s.)","1,000 Hz","1,200 Hz","1,030 Hz","1,400 Hz",B,B,true
"This question refers to the following information.
""I know that whenever the subject has occurred in conversation where I have been present, it has appeared to be the opinion of every one that we could not be taxed by a Parliament wherein we were not represented. But the payment of duties laid by an act of Parliament as regulations of commerce was never disputed. . . . An external tax is a duty laid on commodities imported; that duty is added to the first cost and other charges on the commodity, and, when it is offered for sale, makes a part of the price. If the people do not like it at that price, they refuse it; they are not obliged to pay it. But an internal tax is forced from the people without their consent if not laid by their own representatives. The Stamp Act says we shall have no commerce, make no exchange of property with each other, neither purchase nor grant, nor recover debts; we shall neither marry nor make our wills, unless we pay such and such sums; and thus it is intended to extort our money from us or ruin us by the consequence of refusing to pay it.""
—Benjamin Franklin, Examination before Parliament, 1766
Which author was most critical of the policy being described here by President Jackson?",Rachel Carson in Silent Spring.,Ralph Ellison in Invisible Man.,William Lloyd Garrison in The Liberator.,Helen Hunt Jackson in A Century of Dishonor.,D,D,true
"This question refers to the following information.
On Being Brought from Africa to America
'Twas mercy brought me from my Pagan land,
Taught my benighted soul to understand
That there's a God, that there's a Saviour too;
Once I redemption neither sought nor knew.
Some view our sable race with scornful eye,
""Their colour is a diabolic die.""
Remember, Christians, Negroes, black as Cain,
May be refin'd, and join th' angelic train.
—Phillis Wheatley, Poems on Various Subjects, Religious and Moral, 1773
The literary success of Phillis Wheatley led most directly to questions about which of the following?",The granting of political rights to women,The moral justification of slavery,The harsh treatment of pro-British Loyalists,The legitimacy of established churches in the states,B,B,true
"A boyfriend and his girlfriend broke into a house late at night with the intent to steal a stereo system. Although they believed that the homeowner was away on a business trip, he was, in fact, asleep in an upstairs bedroom. While they were inside the house, the girlfriend announced that she had changed her mind and urged her boyfriend to leave. The homeowner, who was awakened by the noise downstairs, descended the staircase to investigate. Upon seeing the homeowner, the girlfriend again urged her boyfriend to flee. Instead, the boyfriend attacked the homeowner and tied him up with rope. Thereupon, the boyfriend and girlfriend departed with the stereo equipment. After they left, the homeowner choked to death from the ropes while trying to free himself. The boyfriend and girlfriend were charged with burglary but were acquitted. Thereafter, the boyfriend and girlfriend were apprehended and prosecuted for felony murder with the underlying felony being burglary. With respect to the boyfriend and girlfriend's criminal liability for felony murder, which of the following is most correct?",The burglary acquittal precludes any subsequent prosecution under the doctrine of res judicata.,The burglary acquittal precludes prosecution for felony murder under the doctrine of double jeopardy.,The burglary acquittal precludes any subsequent prosecution under the doctrine of collateral estoppel.,The burglary acquittal does not preclude subsequent prosecution for felony murder.,B,B,true
"A man, a teenager, and a woman are siblings who inherited their father's farm when he died testate, leaving his farm to his children as joint tenants. Soon after the father's death, the teenager died and the woman moved to another part of the country. The man has not heard from the woman in many years. Prior to their father's death, the man and the teenager operated their father's farm. They continued doing so after their father died, sharing all expenses equally and dividing the profits between them. Following the teenager's death, the man has continued to operate the farm for his sole benefit. Recently, the man has granted a coal company rights to strip-mine coal from underneath the farm. Their agreement stipulated that the coal company would pay the man a per-ton royalty for the coal extracted. In addition, the coal company agreed to fill in the excavated area and replace top soil on the surface of the land. During the coal company's strip-mining operation, the woman returns to the farm and demands a proportionate share of the royalties paid to her brother (the man). Which of the following is the LEAST accurate statement regarding the woman's right to share in the royalties?","As a joint tenant, the woman would be entitled to contribution for a proportionate share of the royalties. ",It would be inequitable for one concurrent owner to receive an unapportionate share of the royalties.,"The woman's redomiciling constituted a severance of the joint tenancy, which resulted in a destruction of her interest in the mining royalties. ","Because the woman's redomiciling did not effectuate an ouster, she retained her right to contribution as a joint tenant. ",C,C,true
"After being fired, a woman sued her former employer in federal court, alleging that her supervisor had discriminated against her on the basis of her sex. The woman's complaint included a lengthy description of what the supervisor had said and done over the years, quoting his telephone calls and emails to her and her own emails to the supervisor's manager asking for help. The employer moved for summary judgment, alleging that the woman was a pathological liar who had filed the action and included fictitious documents in revenge for having been fired. Because the woman's attorney was at a lengthy out-of-state trial when the summary-judgment motion was filed, he failed to respond to it. The court therefore granted the motion in a one-line order and entered final judgment. The woman has appealed. Is the appellate court likely to uphold the trial court's ruling?","No, because the employer moved for summary judgment on the basis that the woman was not credible, creating a factual dispute.","No, because the complaint's allegations were detailed and specific.","Yes, because the woman's failure to respond to the summary-judgment motion means that there was no sworn affidavit to support her allegations and supporting documents.","Yes, because the woman's failure to respond to the summary-judgment motion was a default giving sufficient basis to grant the motion.",A,A,true
Client is claiming self defense in the killing of another. What is not usually true about when deadly force is available?,"One must retreat before using deadly force, if it can be done safely, unless the defendant is in his or her home when confronted by an intruder.",One need not attempt to escape before using deadly force.,Deadly force should not be used if it is out of proportion to the amount of force reasonably needed under the circumstances.,Self defense is generally available to the initial aggressor.,D,D,true
Which is the easiest way to burn a silver coin?,"Grind the silver coin into very small, dust-sized particles, and spray the particles into a Bunsen burner flame.","Hold the silver coin with crucible tongs, and heat strongly in the flame of a Bunsen burner.","Use the method in (A), but use an oxyacetylene torch to reach a higher temperature.","Dissolve the silver coin in acid, precipitate the hydroxide, and heat in a Bunsen burner flame to make the oxide.",A,A,true
"An attempt was made to hijack a commercial airliner while it was in flight from San Francisco to New Orleans. Within minutes, however, the hijacker was seized, and the plane proceeded to its destination. Upon the planeÕs arrival, television stations broadcast pictures of the passengers as they disembarked. Among the passengers pictured on television was a businessman who was supposed to be in Chicago on company business. The disclosure that the businessman was in New Orleans and not in Chicago at the time resulted in the loss of his position with his company and great humiliation and embarrassment for him. If the businessman asserts a claim against the television stations for broadcasting his picture as he disembarked, is he likely to prevail?","Yes, because the businessmanÕs location was revealed against his wishes.","Yes, because publication of the television pictures caused the businessman pecuniary loss.","No, because the humiliation and embarrassment did not result in physical harm to the businessman.","No, because the scene shown on television was newsworthy.",D,D,true
"A car owner noticed a peculiar ""shimmy"" in the steering wheel of his automobile, which appeared to him to have been getting worse in the course of the preceding week. A few days after discovering the shimmy in the steering wheel, the car owner lent his automobile to his next-door neighbor. When the neighbor picked up the car, the car owner forgot to tell him about the shimmy. The neighbor was driving the car at a reasonable rate of speed within the posted speed limit when the car began to swerve across the road. The neighbor turned the steering wheel in an attempt to stay on the road. The steering failed, however, and the car veered off the road and onto the sidewalk. The car struck a pedestrian who was injured in the collision. If the pedestrian initiates suit against the owner of the car, the pedestrian will most likely","prevail, because the car owner is strictly liable under the circumstances. ","not prevail, because the faulty steering was the cause-in-fact of the pedestrian's harm. ","prevail, because the car owner knew the steering was faulty and failed to tell his neighbor who borrowed the car. ","not prevail, because the car owner was a gratuitous lender. ",C,C,true
"A man was injured when his kitchen oven exploded due to a manufacturing defect. He filed a complaint against the oven manufacturer for personal injury damages. He also added a count for class certification and requested a recall of all similar ovens sold to consumers to stop the danger of physical injury. He created two putative classes: (1) everyone who purchased that model oven who lived in New York, the state where the man resided; and (2) everyone who purchased that model oven who resided in 25 other designated states where the company did business. The manufacturer filed a motion to dismiss the second putative class preliminarily under Rule 12(f) of the Federal Rules of Civil Procedure which allows for the early striking of any immaterial matter from the complaint. Will the federal district court judge likely grant the motion?","Yes, the court will grant it because the plaintiff has not specifically listed the identity of each member of the second putative class.","No, the court will not grant it because it is too early to decide class certification issues and it can't be done through Rule 12(f) of the FRCP.","No, the court will not grant it because the plaintiff does not have to be a member of the exact class in order to represent that class.","Yes, the court will grant it because the plaintiff is not a member of the second class that he set up.",D,D,true
"A retailer brought a federal diversity action against an architect, alleging fraudulent misrepresentations in the architect's design of the retailer's store. The complaint did not include a jury demand. The architect timely moved to dismiss the action for failure to state a claim; he did not file an answer. Twenty days after being served with the motion, the retailer amended the complaint to add a defamation claim based on the architect's recent statements about the retailer in a local newspaper. In the amended complaint, the retailer demanded a jury trial on both claims. Has the retailer properly demanded a jury trial? ","No, because the retailer filed the demand more than 14 days after service of the motion to dismiss.","Yes, on both claims, because the architect had not answered the original complaint when the retailer filed the amended complaint with the jury demand.","No, because the retailer filed the demand more than 14 days after service of the original complaint.","Yes, but on the defamation claim only, because the original complaint did not contain a jury demand.",B,B,true
"During a hurricane, a 1,200 Hz warning siren on the town hall sounds. The wind is blowing at 55 m/s in a direction from the siren toward a person 1 km away. With what frequency does the sound wave reach the person? (The speed of sound in air is 330 m/s.)","1,000 Hz","1,030 Hz","1,200 Hz","1,400 Hz",C,C,true
"Consider the Lewis structures for the following molecules: CO2, CO32-, NO2-, and NO3-. Which molecule would have the smallest bond angle between terminal atoms?",CO2,CO32-,NO2-,NO3-,C,C,true
"This question refers to the following information.
On Being Brought from Africa to America
'Twas mercy brought me from my Pagan land,
Taught my benighted soul to understand
That there's a God, that there's a Saviour too;
Once I redemption neither sought nor knew.
Some view our sable race with scornful eye,
""Their colour is a diabolic die.""
Remember, Christians, Negroes, black as Cain,
May be refin'd, and join th' angelic train.
—Phillis Wheatley, Poems on Various Subjects, Religious and Moral, 1773
The literary success of Phillis Wheatley led most directly to questions about which of the following?",The granting of political rights to women,The harsh treatment of pro-British Loyalists,The moral justification of slavery,The legitimacy of established churches in the states,C,C,true
Smooth muscle cells contain,actin but not myosin.,myosin but not actin.,actin and myosin arranged irregularly.,actin and myosin arranged in parallel arrays.,C,C,true
"Assume that a TLS connection has been established successfully between a client and a server. Establishing the session included checking the server certificate and executing a DiffieHelmann exchange, but the client did not provide a client certificate. Further, assume that the client and server are honest, that the client and server don’t leak their keys, and that the cryptography is good. Which of the following attacks does TLS protect against?
1. An attacker stealing the server’s private key and reading the plaintext of recorded past connections.
2. An attacker breaking into a certificate authority and creating a fake certificate for the server.","True, True","True, False","False, False","False, True",B,B,true
Solve for y. y – 2 + 3y = 10,2,4,3,5,C,C,true
"If a circuit consists of two mass elements, two spring elements and four friction elements. Find the order of transfer function?",2,6,4,12,C,C,true
"A registered pharmacist was falsely told by his best friend one day that the friend needed a dangerous drug for an experiment he was conducting with rats in his lab. Unbeknownst to the pharmacist, his friend used the drug to poison his girlfriend. The poison killed her. The pharmacist was aware that his best friend had a volatile relationship with his girlfriend. A statute in the jurisdiction provides: ""Any intentional and premeditated killing or one occurring during the perpetration of a felony, is murder in the first degree. Murder in the second degree is murder with intent to cause serious bodily harm. Manslaughter is an unlawful killing due to recklessness. "" Assault with intent to kill or to cause serious physical injury is a felony in the jurisdiction. There are no separate felonies relating to adulterating food or poisoning. Finally, it is a misdemeanor in the jurisdiction to distribute drugs without a prescription. The most serious crime for which the pharmacist can properly be convicted is",first-degree murder.,second-degree murder.,selling drugs without a prescription.,manslaughter.,C,C,true
"A sportsman was the owner of an old dilapidated stadium, which was located on the outskirts of the city. The stadium, which was built in 1932, had been the home stadium for the local professional baseball team for 30 years. However, in 1962, the baseball team franchise moved to another city. Since 1962, the stadium was left unattended and had deteriorated to such an extent that the walls were in danger of collapsing. Last month, an earthquake struck the city. The earthquake, which registered 6. 9 on the Richter scale, caused considerable damage in the city and caused the stadium to collapse. As the stadium crumbled to the ground, a large section of the press box fell on top of a car that was parked nearby. The auto was crushed, causing its gas tank to rupture. As a result, a large quantity of gasoline spilled along the street and flowed downhill. The gasoline collected in front of a homeowner's home, which was located about a mile from the stadium. Two hours after the earthquake struck, a pedestrian was walking in front of the homeowner's home, smoking a cigarette. When he discarded his lighted cigarette butt in the street, the gasoline exploded. The explosion blew the windows out of the homeowner's home. The homeowner, who was sitting in the living room watching television, was struck by the flying glass and injured. If the homeowner asserts a claim for his injuries against the sportsman, which of the following is the sportsman's best defense?",The sportsman could not reasonably have beenexpected to foresee injury to a person in thehomeowner's position.,The earthquake was an act of God.,"The sportsman's negligence, if any, merely created a passive condition and was not the activecause of the homeowner's injury. ","The pedestrian's act of discarding the lightedcigarette in the street, which sparked the explosion, was the proximate cause of the homeowner's injury. ",A,A,true
"A man was under suspicion for participating in the commission of a bank robbery. A grand jury was convened to consider whether there was sufficient evidence against the man to indict him for the crime. During the grand jury hearing, the state called a police detective to testify. The detective testified that following the bank robbery, he interviewed a bystander who stated that his friend witnessed the robbery and told the bystander that the man was the person who committed the crime. Neither the man nor his attorney was allowed to be present during the grand jury proceeding. As a result, the man did not have the opportunity to cross- examine the detective or to object to the admissibility of his testimony. A grand jury indictment against the man was issued, and the prosecution has formally charged the man with bank robbery. While the man awaits trial, his attorney has filed an appropriate motion to dismiss, challenging the admissibility of evidence during the grand jury proceeding. The motion should be","denied, because although the detective's testimony is hearsay, rules of evidence other than privilege are not applicable to grand jury proceedings. ","denied, because the issue before the grand jury is probable cause, not guilt. ","granted, because the grand jury hearing violated the man's Sixth Amendment privilege of confrontation, since there was no opportunity to cross-examine the detective. ","granted, because the grand jury indictment was based upon inadmissible evidence that resulted in an unwarranted prosecution. ",B,A,false
"A man, a teenager, and a woman are siblings who inherited their father's farm when he died testate, leaving his farm to his children as joint tenants. Soon after the father's death, the teenager died and the woman moved to another part of the country. The man has not heard from the woman in many years. Prior to their father's death, the man and the teenager operated their father's farm. They continued doing so after their father died, sharing all expenses equally and dividing the profits between them. Following the teenager's death, the man has continued to operate the farm for his sole benefit. Recently, the man has granted a coal company rights to strip-mine coal from underneath the farm. Their agreement stipulated that the coal company would pay the man a per-ton royalty for the coal extracted. In addition, the coal company agreed to fill in the excavated area and replace top soil on the surface of the land. During the coal company's strip-mining operation, the woman returns to the farm and demands a proportionate share of the royalties paid to her brother (the man). Which of the following is the LEAST accurate statement regarding the woman's right to share in the royalties?","As a joint tenant, the woman would be entitled to contribution for a proportionate share of the royalties. ",It would be inequitable for one concurrent owner to receive an unapportionate share of the royalties.,"Because the woman's redomiciling did not effectuate an ouster, she retained her right to contribution as a joint tenant. ","The woman's redomiciling constituted a severance of the joint tenancy, which resulted in a destruction of her interest in the mining royalties. ",D,D,true
"This question refers to the following information.
""The economic ills we suffer have come upon us over several decades. They will not go away in days, weeks, or months, but they will go away. They will go away because we as Americans have the capacity now, as we've had in the past, to do whatever needs to be done to preserve this last and greatest bastion of freedom. In this present crisis, government is not the solution to our problem; government is the problem. . . .
""It is my intention to curb the size and influence of the Federal establishment and to demand recognition of the distinction between the powers granted to the Federal Government and those reserved to the States or to the people. All of us need to be reminded that the Federal Government did not create the States; the States created the Federal Government.""
—Ronald Reagan, First Inaugural Address, January 21, 1981
One way in which President Reagan acted on his rhetoric in the passage was to",work with Congress to cut taxes and government spending.,increase the military budget.,eliminate the Department of Housing and Urban Development.,prohibit pay increases for government workers.,A,A,true
"Suzy, a member of the sandbaggers, is mad about the general state of affairs and is itching to sue the federal government. Which of the following would enable her to have standing to do so?","She has been or will be directly and personally injured by the government action, which affects her rights under the federal law.",a and b,A decision in her favor would resolve her grievance.,"As a citizen, she can claim that government action violates federal law.",B,B,true
"This question refers to the following information.
On Being Brought from Africa to America
'Twas mercy brought me from my Pagan land,
Taught my benighted soul to understand
That there's a God, that there's a Saviour too;
Once I redemption neither sought nor knew.
Some view our sable race with scornful eye,
""Their colour is a diabolic die.""
Remember, Christians, Negroes, black as Cain,
May be refin'd, and join th' angelic train.
—Phillis Wheatley, Poems on Various Subjects, Religious and Moral, 1773
The literary success of Phillis Wheatley led most directly to questions about which of the following?",The granting of political rights to women,The harsh treatment of pro-British Loyalists,The legitimacy of established churches in the states,The moral justification of slavery,D,D,true
"A customer purchased a mattress from a furniture store. The mattress had a defective spring, which one of the manufacturer's workers had not properly tied down. When the customer slept on the mattress, she was wounded in the back by the sharp point of the spring. The customer sued the furniture store for negligence and breach of warranty. At trial, the customer testified that the salesman assured her that the furniture store inspected each mattress before delivery. Furthermore, the customer testified that she remembered the salesman telling her that ""The furniture store stands behind all of its mattresses with a lifetime guarantee. "" She is then asked if the salesman made any other representations about the mattress. The customer stated, ""Yes, in fact the day before the mattress was delivered, I received a letter from him thanking me for my patronage at the furniture store. As I recall, he also made some assurances about the manufacturer's mattresses. "" The customer's attorney then asked, ""What assurances were made in the letter?""The customer's answer is","inadmissible, under the best evidence rule. ",admissible as an admission.,admissible as a declaration against interest.,inadmissible as hearsay not within any recognized exception.,A,A,true
"During a hurricane, a 1,200 Hz warning siren on the town hall sounds. The wind is blowing at 55 m/s in a direction from the siren toward a person 1 km away. With what frequency does the sound wave reach the person? (The speed of sound in air is 330 m/s.)","1,000 Hz","1,030 Hz","1,400 Hz","1,200 Hz",D,D,true
"A group of students from a public state college decide to picket the college for raising tuition. After three days of picketing, the college asks a court to grant a temporary injunction against the picketers. The college claims that the picketers have violated Section 201 of the city's picketing ordinance. Assume that the court granted the temporary injunction against the students for picketing the college. ""Section 201. No picketing shall be permitted inside of, or on any sidewalk or street immediately adjacent or contiguous to public colleges without express permission of the mayor. Applications for such permission shall be filed at least three days before such picketing is intended to begin and shall state the purpose, place, and time of the proposed picketing. ""In a subsequent action challenging the constitutionality of Section 201 of the city's picketing ordinance, the court will most likely rule that the section is","unconstitutional, because the ordinance violates petitioner's rights under the First Amendment. ","constitutional, because the ordinance is a valid exercise of the state's police power. ","constitutional, because the ordinance is within the reserved rights of the states under the Tenth Amendment. ","unconstitutional, because the ordinance is void for vagueness and overbreadth. ",A,D,false
"A car owner noticed a peculiar ""shimmy"" in the steering wheel of his automobile, which appeared to him to have been getting worse in the course of the preceding week. A few days after discovering the shimmy in the steering wheel, the car owner lent his automobile to his next-door neighbor. When the neighbor picked up the car, the car owner forgot to tell him about the shimmy. The neighbor was driving the car at a reasonable rate of speed within the posted speed limit when the car began to swerve across the road. The neighbor turned the steering wheel in an attempt to stay on the road. The steering failed, however, and the car veered off the road and onto the sidewalk. The car struck a pedestrian who was injured in the collision. If the pedestrian initiates suit against the owner of the car, the pedestrian will most likely","prevail, because the car owner is strictly liable under the circumstances. ","not prevail, because the faulty steering was the cause-in-fact of the pedestrian's harm. ","not prevail, because the car owner was a gratuitous lender. ","prevail, because the car owner knew the steering was faulty and failed to tell his neighbor who borrowed the car. ",D,D,true
"A state has recently enacted a statute prohibiting the sale of beer in glass bottles. In accordance with the new law, all beer consumed within the state must be sold in aluminum cans that are recyclable. There is a provision of the statute that does permit breweries to distribute beer to bars, taverns, and restaurants in kegs for ""on-site"" consumption by patrons. Before the passage of the law, approximately 28% of all beer consumed in the state was packaged in glass bottles. Of that total, 75% of the beer was bottled outside the state, while 25% was bottled by companies in-state. The legislature passed the law at the strong urging of the aluminum can industry. It was estimated that one aluminum company alone spent over $5,000,000 in its lobbying campaign for the passage of the bill. Ironically, the new law even received strong support from environmentalists who believed that recyclable cans would help prevent littering and unsightly trash accumulation. The strongest federal constitutional argument against the validity of the law is that it violates the",commerce clause by violating the negative implications on interstate commerce.,equal protection clause of the Fourteenth Amendment by discriminating against beer bottlers.,privileges or immunities clause of the Fourteenth Amendment by preventing out-of-state beer bottlers from conducting their business in the state.,contracts clause by impairing the ability of beer bottlers to honor existing contracts for the sale of bottled beer in the state.,A,A,true
"A man was under suspicion for participating in the commission of a bank robbery. A grand jury was convened to consider whether there was sufficient evidence against the man to indict him for the crime. During the grand jury hearing, the state called a police detective to testify. The detective testified that following the bank robbery, he interviewed a bystander who stated that his friend witnessed the robbery and told the bystander that the man was the person who committed the crime. Neither the man nor his attorney was allowed to be present during the grand jury proceeding. As a result, the man did not have the opportunity to cross- examine the detective or to object to the admissibility of his testimony. A grand jury indictment against the man was issued, and the prosecution has formally charged the man with bank robbery. While the man awaits trial, his attorney has filed an appropriate motion to dismiss, challenging the admissibility of evidence during the grand jury proceeding. The motion should be","denied, because although the detective's testimony is hearsay, rules of evidence other than privilege are not applicable to grand jury proceedings. ","granted, because the grand jury hearing violated the man's Sixth Amendment privilege of confrontation, since there was no opportunity to cross-examine the detective. ","denied, because the issue before the grand jury is probable cause, not guilt. ","granted, because the grand jury indictment was based upon inadmissible evidence that resulted in an unwarranted prosecution. ",C,A,false
"After being fired, a woman sued her former employer in federal court, alleging that her supervisor had discriminated against her on the basis of her sex. The woman's complaint included a lengthy description of what the supervisor had said and done over the years, quoting his telephone calls and emails to her and her own emails to the supervisor's manager asking for help. The employer moved for summary judgment, alleging that the woman was a pathological liar who had filed the action and included fictitious documents in revenge for having been fired. Because the woman's attorney was at a lengthy out-of-state trial when the summary-judgment motion was filed, he failed to respond to it. The court therefore granted the motion in a one-line order and entered final judgment. The woman has appealed. Is the appellate court likely to uphold the trial court's ruling?","No, because the complaint's allegations were detailed and specific.","No, because the employer moved for summary judgment on the basis that the woman was not credible, creating a factual dispute.","Yes, because the woman's failure to respond to the summary-judgment motion means that there was no sworn affidavit to support her allegations and supporting documents.","Yes, because the woman's failure to respond to the summary-judgment motion was a default giving sufficient basis to grant the motion.",B,B,true
"A retailer brought a federal diversity action against an architect, alleging fraudulent misrepresentations in the architect's design of the retailer's store. The complaint did not include a jury demand. The architect timely moved to dismiss the action for failure to state a claim; he did not file an answer. Twenty days after being served with the motion, the retailer amended the complaint to add a defamation claim based on the architect's recent statements about the retailer in a local newspaper. In the amended complaint, the retailer demanded a jury trial on both claims. Has the retailer properly demanded a jury trial? ","No, because the retailer filed the demand more than 14 days after service of the motion to dismiss.","No, because the retailer filed the demand more than 14 days after service of the original complaint.","Yes, on both claims, because the architect had not answered the original complaint when the retailer filed the amended complaint with the jury demand.","Yes, but on the defamation claim only, because the original complaint did not contain a jury demand.",C,C,true
"Assume that a TLS connection has been established successfully between a client and a server. Establishing the session included checking the server certificate and executing a DiffieHelmann exchange, but the client did not provide a client certificate. Further, assume that the client and server are honest, that the client and server don’t leak their keys, and that the cryptography is good. Which of the following attacks does TLS protect against?
1. An attacker stealing the server’s private key and reading the plaintext of recorded past connections.
2. An attacker breaking into a certificate authority and creating a fake certificate for the server.","True, True","False, False","True, False","False, True",C,C,true
After the Atom bomb how many Americans support giving aid to Japan even at the cost of food shortages?,33%,50%,66%,85%,C,C,true
"Suzy, a member of the sandbaggers, is mad about the general state of affairs and is itching to sue the federal government. Which of the following would enable her to have standing to do so?","She has been or will be directly and personally injured by the government action, which affects her rights under the federal law.",A decision in her favor would resolve her grievance.,a and b,"As a citizen, she can claim that government action violates federal law.",C,C,true
"This question refers to the following information.
""The economic ills we suffer have come upon us over several decades. They will not go away in days, weeks, or months, but they will go away. They will go away because we as Americans have the capacity now, as we've had in the past, to do whatever needs to be done to preserve this last and greatest bastion of freedom. In this present crisis, government is not the solution to our problem; government is the problem. . . .
""It is my intention to curb the size and influence of the Federal establishment and to demand recognition of the distinction between the powers granted to the Federal Government and those reserved to the States or to the people. All of us need to be reminded that the Federal Government did not create the States; the States created the Federal Government.""
—Ronald Reagan, First Inaugural Address, January 21, 1981
One way in which President Reagan acted on his rhetoric in the passage was to",increase the military budget.,work with Congress to cut taxes and government spending.,eliminate the Department of Housing and Urban Development.,prohibit pay increases for government workers.,B,B,true
"Avery, Hewlett, and Packard are dishonest bankers. Avery designed a computer program that secretly moves small amounts of bank money, undetectable as individual transactions, into a secret account to eventually aggregate into a hefty nest egg. Hewlett installed the program; Packard set up the secret account. The three bankers meet periodically to check the account, but they have not yet built up enough of a balance to make a withdrawal. Mac, an honest co-worker, gets wind of the plan and threatens to expose the group. Hewlett pulls Mac into a bank vault room and warns, ""You'd better be quiet about this or you're gonna get it."" Packard gets wind of the threat and decides things have gone too far. Packard closes the account and goes to the police station, where he tells an inspector the whole story. Meanwhile, Avery secretly ""borrows"" a bank computer to monitor the progress of his program from home. Impressed with how fast it downloads, Avery decides to keep the bank's computer. As Packard wraps up his story with the inspector across town, Hewlett punches Mac in the face as ""a reminder to be quiet."" Avery, Hewlett, and Packard are arrested later that evening. With respect to taking the computer, Avery can be charged with",Larceny.,False pretenses.,Embezzlement.,Burglary.,A,A,true
Smooth muscle cells contain,actin but not myosin.,myosin but not actin.,actin and myosin arranged in parallel arrays.,actin and myosin arranged irregularly.,D,D,true
"Consider the Lewis structures for the following molecules: CO2, CO32-, NO2-, and NO3-. Which molecule would have the smallest bond angle between terminal atoms?",CO2,CO32-,NO3-,NO2-,D,D,true
Twenty-five milligrams of sucrose (C12H22O11) are dissolved in enough water to make 1.00 liter of solution. What is the molality of the solution?,7.3 × 10^-5,7.31 × 10^-2,73.1,1.36,A,A,true
"A sportsman was the owner of an old dilapidated stadium, which was located on the outskirts of the city. The stadium, which was built in 1932, had been the home stadium for the local professional baseball team for 30 years. However, in 1962, the baseball team franchise moved to another city. Since 1962, the stadium was left unattended and had deteriorated to such an extent that the walls were in danger of collapsing. Last month, an earthquake struck the city. The earthquake, which registered 6. 9 on the Richter scale, caused considerable damage in the city and caused the stadium to collapse. As the stadium crumbled to the ground, a large section of the press box fell on top of a car that was parked nearby. The auto was crushed, causing its gas tank to rupture. As a result, a large quantity of gasoline spilled along the street and flowed downhill. The gasoline collected in front of a homeowner's home, which was located about a mile from the stadium. Two hours after the earthquake struck, a pedestrian was walking in front of the homeowner's home, smoking a cigarette. When he discarded his lighted cigarette butt in the street, the gasoline exploded. The explosion blew the windows out of the homeowner's home. The homeowner, who was sitting in the living room watching television, was struck by the flying glass and injured. If the homeowner asserts a claim for his injuries against the sportsman, which of the following is the sportsman's best defense?",The earthquake was an act of God.,The sportsman could not reasonably have beenexpected to foresee injury to a person in thehomeowner's position.,"The sportsman's negligence, if any, merely created a passive condition and was not the activecause of the homeowner's injury. ","The pedestrian's act of discarding the lightedcigarette in the street, which sparked the explosion, was the proximate cause of the homeowner's injury. ",B,B,true
"A boyfriend and his girlfriend broke into a house late at night with the intent to steal a stereo system. Although they believed that the homeowner was away on a business trip, he was, in fact, asleep in an upstairs bedroom. While they were inside the house, the girlfriend announced that she had changed her mind and urged her boyfriend to leave. The homeowner, who was awakened by the noise downstairs, descended the staircase to investigate. Upon seeing the homeowner, the girlfriend again urged her boyfriend to flee. Instead, the boyfriend attacked the homeowner and tied him up with rope. Thereupon, the boyfriend and girlfriend departed with the stereo equipment. After they left, the homeowner choked to death from the ropes while trying to free himself. The boyfriend and girlfriend were charged with burglary but were acquitted. Thereafter, the boyfriend and girlfriend were apprehended and prosecuted for felony murder with the underlying felony being burglary. With respect to the boyfriend and girlfriend's criminal liability for felony murder, which of the following is most correct?",The burglary acquittal precludes any subsequent prosecution under the doctrine of res judicata.,The burglary acquittal precludes any subsequent prosecution under the doctrine of collateral estoppel.,The burglary acquittal precludes prosecution for felony murder under the doctrine of double jeopardy.,The burglary acquittal does not preclude subsequent prosecution for felony murder.,C,C,true
Solve for y. y – 2 + 3y = 10,2,4,5,3,D,D,true
"Controlling for inflation and PPP-adjustment, about how much did GDP per capita increase from 1950 to 2016 in India?",by 4 fold,by 8 fold,by 16 fold,by 32 fold,A,B,false
"After being fired, a woman sued her former employer in federal court, alleging that her supervisor had discriminated against her on the basis of her sex. The woman's complaint included a lengthy description of what the supervisor had said and done over the years, quoting his telephone calls and emails to her and her own emails to the supervisor's manager asking for help. The employer moved for summary judgment, alleging that the woman was a pathological liar who had filed the action and included fictitious documents in revenge for having been fired. Because the woman's attorney was at a lengthy out-of-state trial when the summary-judgment motion was filed, he failed to respond to it. The court therefore granted the motion in a one-line order and entered final judgment. The woman has appealed. Is the appellate court likely to uphold the trial court's ruling?","No, because the complaint's allegations were detailed and specific.","Yes, because the woman's failure to respond to the summary-judgment motion means that there was no sworn affidavit to support her allegations and supporting documents.","No, because the employer moved for summary judgment on the basis that the woman was not credible, creating a factual dispute.","Yes, because the woman's failure to respond to the summary-judgment motion was a default giving sufficient basis to grant the motion.",C,C,true
"A retailer brought a federal diversity action against an architect, alleging fraudulent misrepresentations in the architect's design of the retailer's store. The complaint did not include a jury demand. The architect timely moved to dismiss the action for failure to state a claim; he did not file an answer. Twenty days after being served with the motion, the retailer amended the complaint to add a defamation claim based on the architect's recent statements about the retailer in a local newspaper. In the amended complaint, the retailer demanded a jury trial on both claims. Has the retailer properly demanded a jury trial? ","No, because the retailer filed the demand more than 14 days after service of the motion to dismiss.","No, because the retailer filed the demand more than 14 days after service of the original complaint.","Yes, but on the defamation claim only, because the original complaint did not contain a jury demand.","Yes, on both claims, because the architect had not answered the original complaint when the retailer filed the amended complaint with the jury demand.",D,D,true
"A customer purchased a mattress from a furniture store. The mattress had a defective spring, which one of the manufacturer's workers had not properly tied down. When the customer slept on the mattress, she was wounded in the back by the sharp point of the spring. The customer sued the furniture store for negligence and breach of warranty. At trial, the customer testified that the salesman assured her that the furniture store inspected each mattress before delivery. Furthermore, the customer testified that she remembered the salesman telling her that ""The furniture store stands behind all of its mattresses with a lifetime guarantee. "" She is then asked if the salesman made any other representations about the mattress. The customer stated, ""Yes, in fact the day before the mattress was delivered, I received a letter from him thanking me for my patronage at the furniture store. As I recall, he also made some assurances about the manufacturer's mattresses. "" The customer's attorney then asked, ""What assurances were made in the letter?""The customer's answer is",admissible as an admission.,"inadmissible, under the best evidence rule. ",admissible as a declaration against interest.,inadmissible as hearsay not within any recognized exception.,B,B,true
"If a circuit consists of two mass elements, two spring elements and four friction elements. Find the order of transfer function?",2,6,12,4,D,D,true
"A state has recently enacted a statute prohibiting the sale of beer in glass bottles. In accordance with the new law, all beer consumed within the state must be sold in aluminum cans that are recyclable. There is a provision of the statute that does permit breweries to distribute beer to bars, taverns, and restaurants in kegs for ""on-site"" consumption by patrons. Before the passage of the law, approximately 28% of all beer consumed in the state was packaged in glass bottles. Of that total, 75% of the beer was bottled outside the state, while 25% was bottled by companies in-state. The legislature passed the law at the strong urging of the aluminum can industry. It was estimated that one aluminum company alone spent over $5,000,000 in its lobbying campaign for the passage of the bill. Ironically, the new law even received strong support from environmentalists who believed that recyclable cans would help prevent littering and unsightly trash accumulation. The strongest federal constitutional argument against the validity of the law is that it violates the",equal protection clause of the Fourteenth Amendment by discriminating against beer bottlers.,commerce clause by violating the negative implications on interstate commerce.,privileges or immunities clause of the Fourteenth Amendment by preventing out-of-state beer bottlers from conducting their business in the state.,contracts clause by impairing the ability of beer bottlers to honor existing contracts for the sale of bottled beer in the state.,B,B,true
"Suzy, a member of the sandbaggers, is mad about the general state of affairs and is itching to sue the federal government. Which of the following would enable her to have standing to do so?","She has been or will be directly and personally injured by the government action, which affects her rights under the federal law.",A decision in her favor would resolve her grievance.,"As a citizen, she can claim that government action violates federal law.",a and b,D,D,true
"A man was under suspicion for participating in the commission of a bank robbery. A grand jury was convened to consider whether there was sufficient evidence against the man to indict him for the crime. During the grand jury hearing, the state called a police detective to testify. The detective testified that following the bank robbery, he interviewed a bystander who stated that his friend witnessed the robbery and told the bystander that the man was the person who committed the crime. Neither the man nor his attorney was allowed to be present during the grand jury proceeding. As a result, the man did not have the opportunity to cross- examine the detective or to object to the admissibility of his testimony. A grand jury indictment against the man was issued, and the prosecution has formally charged the man with bank robbery. While the man awaits trial, his attorney has filed an appropriate motion to dismiss, challenging the admissibility of evidence during the grand jury proceeding. The motion should be","denied, because although the detective's testimony is hearsay, rules of evidence other than privilege are not applicable to grand jury proceedings. ","granted, because the grand jury hearing violated the man's Sixth Amendment privilege of confrontation, since there was no opportunity to cross-examine the detective. ","granted, because the grand jury indictment was based upon inadmissible evidence that resulted in an unwarranted prosecution. ","denied, because the issue before the grand jury is probable cause, not guilt. ",D,A,false
"This question refers to the following information.
""The economic ills we suffer have come upon us over several decades. They will not go away in days, weeks, or months, but they will go away. They will go away because we as Americans have the capacity now, as we've had in the past, to do whatever needs to be done to preserve this last and greatest bastion of freedom. In this present crisis, government is not the solution to our problem; government is the problem. . . .
""It is my intention to curb the size and influence of the Federal establishment and to demand recognition of the distinction between the powers granted to the Federal Government and those reserved to the States or to the people. All of us need to be reminded that the Federal Government did not create the States; the States created the Federal Government.""
—Ronald Reagan, First Inaugural Address, January 21, 1981
One way in which President Reagan acted on his rhetoric in the passage was to",increase the military budget.,eliminate the Department of Housing and Urban Development.,work with Congress to cut taxes and government spending.,prohibit pay increases for government workers.,C,C,true
Which is the easiest way to burn a silver coin?,"Hold the silver coin with crucible tongs, and heat strongly in the flame of a Bunsen burner.","Grind the silver coin into very small, dust-sized particles, and spray the particles into a Bunsen burner flame.","Use the method in (A), but use an oxyacetylene torch to reach a higher temperature.","Dissolve the silver coin in acid, precipitate the hydroxide, and heat in a Bunsen burner flame to make the oxide.",B,B,true
"This question refers to the following information.
Here is the case of a woman employed in the manufacturing department of a Broadway house. It stands for a hundred like her own. She averages three dollars a week. Pay is $1.50 for her room; for breakfast she has a cup of coffee; lunch she cannot afford. One meal a day is her allowance. This woman is young, she is pretty. She has ""the world before her."" Is it anything less than a miracle if she is guilty of nothing less than the ""early and improvident marriage,"" against which moralists exclaim as one of the prolific causes of the distresses of the poor? Almost any door might seem to offer a welcome escape from such slavery as this. ""I feel so much healthier since I got three square meals a day,"" said a lodger in one of the Girls' Homes. Two young sewing-girls came in seeking domestic service, so that they might get enough to eat. They had been only half-fed for some time, and starvation had driven them to the one door at which the pride of the American-born girl will not permit her to knock, though poverty be the price of her independence.
—Jacob Riis, How the Other Half Lives, 1890
Concerns like those expressed by Riis in the passage above led most directly to which of the following?",Laws regulating the working conditions of women,Restrictions on immigration,Women's suffrage,Antitrust legislation,A,A,true
In 1948 how many Americans believed the Kinsey Report on Sexuality in the Male to be a bad thing?,92%,64%,27%,11%,D,D,true
"A registered pharmacist was falsely told by his best friend one day that the friend needed a dangerous drug for an experiment he was conducting with rats in his lab. Unbeknownst to the pharmacist, his friend used the drug to poison his girlfriend. The poison killed her. The pharmacist was aware that his best friend had a volatile relationship with his girlfriend. A statute in the jurisdiction provides: ""Any intentional and premeditated killing or one occurring during the perpetration of a felony, is murder in the first degree. Murder in the second degree is murder with intent to cause serious bodily harm. Manslaughter is an unlawful killing due to recklessness. "" Assault with intent to kill or to cause serious physical injury is a felony in the jurisdiction. There are no separate felonies relating to adulterating food or poisoning. Finally, it is a misdemeanor in the jurisdiction to distribute drugs without a prescription. The most serious crime for which the pharmacist can properly be convicted is",first-degree murder.,second-degree murder.,manslaughter.,selling drugs without a prescription.,D,D,true
All the students in the sixth grade either purchased their lunch or brought their lunch from home on Monday. 24% of the students purchased their lunch. 190 students brought their lunch from home. How many students are in the sixth grade?,250,76,166,214,A,A,true
Twenty-five milligrams of sucrose (C12H22O11) are dissolved in enough water to make 1.00 liter of solution. What is the molality of the solution?,7.31 × 10^-2,7.3 × 10^-5,73.1,1.36,B,B,true
"A man decided to steal a valuable coin collection from a collector's house while the collector was away. Knowing that the house had an alarm system, the man contacted the pool cleaner who worked at the house twice a week. The man offered the pool cleaner part of the proceeds from selling the coin collection if she would disarm the alarm and leave a side door unlocked so that the man could enter the house. The pool cleaner pretended to agree but then contacted the police, who immediately arrested then contacted the police, who immediately arrested the man. In a jurisdiction that follows the common law and has adopted the bilateral requirement for conspiracy, what crime has the man committed? ",Solicitation.,Attempted burglary.,Attempted larceny.,Conspiracy.,A,A,true
"This question refers to the following information.
""The economic ills we suffer have come upon us over several decades. They will not go away in days, weeks, or months, but they will go away. They will go away because we as Americans have the capacity now, as we've had in the past, to do whatever needs to be done to preserve this last and greatest bastion of freedom. In this present crisis, government is not the solution to our problem; government is the problem. . . .
""It is my intention to curb the size and influence of the Federal establishment and to demand recognition of the distinction between the powers granted to the Federal Government and those reserved to the States or to the people. All of us need to be reminded that the Federal Government did not create the States; the States created the Federal Government.""
—Ronald Reagan, First Inaugural Address, January 21, 1981
One way in which President Reagan acted on his rhetoric in the passage was to",increase the military budget.,eliminate the Department of Housing and Urban Development.,prohibit pay increases for government workers.,work with Congress to cut taxes and government spending.,D,D,true
"Avery, Hewlett, and Packard are dishonest bankers. Avery designed a computer program that secretly moves small amounts of bank money, undetectable as individual transactions, into a secret account to eventually aggregate into a hefty nest egg. Hewlett installed the program; Packard set up the secret account. The three bankers meet periodically to check the account, but they have not yet built up enough of a balance to make a withdrawal. Mac, an honest co-worker, gets wind of the plan and threatens to expose the group. Hewlett pulls Mac into a bank vault room and warns, ""You'd better be quiet about this or you're gonna get it."" Packard gets wind of the threat and decides things have gone too far. Packard closes the account and goes to the police station, where he tells an inspector the whole story. Meanwhile, Avery secretly ""borrows"" a bank computer to monitor the progress of his program from home. Impressed with how fast it downloads, Avery decides to keep the bank's computer. As Packard wraps up his story with the inspector across town, Hewlett punches Mac in the face as ""a reminder to be quiet."" Avery, Hewlett, and Packard are arrested later that evening. With respect to taking the computer, Avery can be charged with",False pretenses.,Larceny.,Embezzlement.,Burglary.,B,B,true
"After being fired, a woman sued her former employer in federal court, alleging that her supervisor had discriminated against her on the basis of her sex. The woman's complaint included a lengthy description of what the supervisor had said and done over the years, quoting his telephone calls and emails to her and her own emails to the supervisor's manager asking for help. The employer moved for summary judgment, alleging that the woman was a pathological liar who had filed the action and included fictitious documents in revenge for having been fired. Because the woman's attorney was at a lengthy out-of-state trial when the summary-judgment motion was filed, he failed to respond to it. The court therefore granted the motion in a one-line order and entered final judgment. The woman has appealed. Is the appellate court likely to uphold the trial court's ruling?","No, because the complaint's allegations were detailed and specific.","Yes, because the woman's failure to respond to the summary-judgment motion means that there was no sworn affidavit to support her allegations and supporting documents.","Yes, because the woman's failure to respond to the summary-judgment motion was a default giving sufficient basis to grant the motion.","No, because the employer moved for summary judgment on the basis that the woman was not credible, creating a factual dispute.",D,D,true
"This question refers to the following information.
Here is the case of a woman employed in the manufacturing department of a Broadway house. It stands for a hundred like her own. She averages three dollars a week. Pay is $1.50 for her room; for breakfast she has a cup of coffee; lunch she cannot afford. One meal a day is her allowance. This woman is young, she is pretty. She has ""the world before her."" Is it anything less than a miracle if she is guilty of nothing less than the ""early and improvident marriage,"" against which moralists exclaim as one of the prolific causes of the distresses of the poor? Almost any door might seem to offer a welcome escape from such slavery as this. ""I feel so much healthier since I got three square meals a day,"" said a lodger in one of the Girls' Homes. Two young sewing-girls came in seeking domestic service, so that they might get enough to eat. They had been only half-fed for some time, and starvation had driven them to the one door at which the pride of the American-born girl will not permit her to knock, though poverty be the price of her independence.
—Jacob Riis, How the Other Half Lives, 1890
Concerns like those expressed by Riis in the passage above led most directly to which of the following?",Restrictions on immigration,Laws regulating the working conditions of women,Women's suffrage,Antitrust legislation,B,B,true
In the assessment of visual fields which of the following is true?,An enlarged blind spot may occur because of papilloedema,A lesion at the optic chiasma leads to a homonymous hemianopia,Impulses from the retinal leave the eye via the optic radiation,The visual field examination maps out a patient's central vision,A,A,true
"A state has recently enacted a statute prohibiting the sale of beer in glass bottles. In accordance with the new law, all beer consumed within the state must be sold in aluminum cans that are recyclable. There is a provision of the statute that does permit breweries to distribute beer to bars, taverns, and restaurants in kegs for ""on-site"" consumption by patrons. Before the passage of the law, approximately 28% of all beer consumed in the state was packaged in glass bottles. Of that total, 75% of the beer was bottled outside the state, while 25% was bottled by companies in-state. The legislature passed the law at the strong urging of the aluminum can industry. It was estimated that one aluminum company alone spent over $5,000,000 in its lobbying campaign for the passage of the bill. Ironically, the new law even received strong support from environmentalists who believed that recyclable cans would help prevent littering and unsightly trash accumulation. The strongest federal constitutional argument against the validity of the law is that it violates the",equal protection clause of the Fourteenth Amendment by discriminating against beer bottlers.,privileges or immunities clause of the Fourteenth Amendment by preventing out-of-state beer bottlers from conducting their business in the state.,commerce clause by violating the negative implications on interstate commerce.,contracts clause by impairing the ability of beer bottlers to honor existing contracts for the sale of bottled beer in the state.,C,C,true
"Assume that a TLS connection has been established successfully between a client and a server. Establishing the session included checking the server certificate and executing a DiffieHelmann exchange, but the client did not provide a client certificate. Further, assume that the client and server are honest, that the client and server don’t leak their keys, and that the cryptography is good. Which of the following attacks does TLS protect against?
1. An attacker stealing the server’s private key and reading the plaintext of recorded past connections.
2. An attacker breaking into a certificate authority and creating a fake certificate for the server.","True, True","False, False","False, True","True, False",D,D,true
"After riding the bus to and from her high school for two years, a girl decided that she was tired of relying on the bus and wanted her own mode of transportation. Since she had just turned 16 and received her driver's license, she decided to purchase a motor scooter from a local retailer for $12,000. The written contract with the retailer provided that the girl would make monthly payments of $500 for two years. During the first year of the contract, the girl made 12 monthly payments totaling $6,000. However, the girl failed to make any payments during the second year of the contract. The retailer repeatedly threatened to sue the girl for the remaining balance that it claimed was due under the contract. However, the retailer never followed through on this threat. Shortly after the girl turned 18, she sent the following letter to the retailer:""I had to stop making payments because I ran out of money. I am hoping that will change shortly. However, I've been told I am not obligated to pay anything more to you, because I was underage when we entered into the contract. But I want to be fair. I am willing to pay you $3,000 by the end of the year if my financial position improves. ""The girl never made any further payment to the retailer. If the retailer brings suit to recover damages from the girl, which of the following, if it were found to be true, would provide the retailer with its best argument for recovery?","The girl's financial position has improved to the extent that she is able to pay the $3,000 she had promised to pay. ",The motor scooter was demolished in an accident shortly after the girl sent the letter.,The retailer was unaware that the girl was a minor at the time the contract was formed.,The motor scooter that the girl purchased is a necessary of life.,A,A,true
"A sportsman was the owner of an old dilapidated stadium, which was located on the outskirts of the city. The stadium, which was built in 1932, had been the home stadium for the local professional baseball team for 30 years. However, in 1962, the baseball team franchise moved to another city. Since 1962, the stadium was left unattended and had deteriorated to such an extent that the walls were in danger of collapsing. Last month, an earthquake struck the city. The earthquake, which registered 6. 9 on the Richter scale, caused considerable damage in the city and caused the stadium to collapse. As the stadium crumbled to the ground, a large section of the press box fell on top of a car that was parked nearby. The auto was crushed, causing its gas tank to rupture. As a result, a large quantity of gasoline spilled along the street and flowed downhill. The gasoline collected in front of a homeowner's home, which was located about a mile from the stadium. Two hours after the earthquake struck, a pedestrian was walking in front of the homeowner's home, smoking a cigarette. When he discarded his lighted cigarette butt in the street, the gasoline exploded. The explosion blew the windows out of the homeowner's home. The homeowner, who was sitting in the living room watching television, was struck by the flying glass and injured. If the homeowner asserts a claim for his injuries against the sportsman, which of the following is the sportsman's best defense?",The earthquake was an act of God.,"The sportsman's negligence, if any, merely created a passive condition and was not the activecause of the homeowner's injury. ",The sportsman could not reasonably have beenexpected to foresee injury to a person in thehomeowner's position.,"The pedestrian's act of discarding the lightedcigarette in the street, which sparked the explosion, was the proximate cause of the homeowner's injury. ",C,C,true
"A customer purchased a mattress from a furniture store. The mattress had a defective spring, which one of the manufacturer's workers had not properly tied down. When the customer slept on the mattress, she was wounded in the back by the sharp point of the spring. The customer sued the furniture store for negligence and breach of warranty. At trial, the customer testified that the salesman assured her that the furniture store inspected each mattress before delivery. Furthermore, the customer testified that she remembered the salesman telling her that ""The furniture store stands behind all of its mattresses with a lifetime guarantee. "" She is then asked if the salesman made any other representations about the mattress. The customer stated, ""Yes, in fact the day before the mattress was delivered, I received a letter from him thanking me for my patronage at the furniture store. As I recall, he also made some assurances about the manufacturer's mattresses. "" The customer's attorney then asked, ""What assurances were made in the letter?""The customer's answer is",admissible as an admission.,admissible as a declaration against interest.,"inadmissible, under the best evidence rule. ",inadmissible as hearsay not within any recognized exception.,C,C,true
"A group of students from a public state college decide to picket the college for raising tuition. After three days of picketing, the college asks a court to grant a temporary injunction against the picketers. The college claims that the picketers have violated Section 201 of the city's picketing ordinance. Assume that the court granted the temporary injunction against the students for picketing the college. ""Section 201. No picketing shall be permitted inside of, or on any sidewalk or street immediately adjacent or contiguous to public colleges without express permission of the mayor. Applications for such permission shall be filed at least three days before such picketing is intended to begin and shall state the purpose, place, and time of the proposed picketing. ""In a subsequent action challenging the constitutionality of Section 201 of the city's picketing ordinance, the court will most likely rule that the section is","constitutional, because the ordinance is a valid exercise of the state's police power. ","unconstitutional, because the ordinance violates petitioner's rights under the First Amendment. ","constitutional, because the ordinance is within the reserved rights of the states under the Tenth Amendment. ","unconstitutional, because the ordinance is void for vagueness and overbreadth. ",B,B,true
All the students in the sixth grade either purchased their lunch or brought their lunch from home on Monday. 24% of the students purchased their lunch. 190 students brought their lunch from home. How many students are in the sixth grade?,76,250,166,214,B,B,true
"A security guard, dressed in plain clothes, was working for a discount store when a customer got into a heated argument with a cashier over the store's refund policy. Without identifying himself as a security guard, the security guard suddenly grabbed the customer's arm. The customer attempted to push the security guard away, and the security guard knocked the customer to the floor, causing injuries. The customer sued the discount store for battery on a theory of vicarious liability for the injuries caused by the security guard. The store filed an answer to the customer's complaint, asserting the affirmative defense of contributory negligence. The customer has moved to strike the affirmative defense. Traditional rules of contributory negligence apply. Should the trial court grant the customer's motion? ","Yes, because contributory negligence is not a defense to battery.","No, because contributory negligence is an affirmative defense to a cause of action based on vicarious liability.","No, because the customer should have known that his argument with the cashier might provoke an action by a security guard.","Yes, because the customer did not know that he was pushing away someone who was employed as a security guard.  ",A,A,true
"A man decided to steal a valuable coin collection from a collector's house while the collector was away. Knowing that the house had an alarm system, the man contacted the pool cleaner who worked at the house twice a week. The man offered the pool cleaner part of the proceeds from selling the coin collection if she would disarm the alarm and leave a side door unlocked so that the man could enter the house. The pool cleaner pretended to agree but then contacted the police, who immediately arrested then contacted the police, who immediately arrested the man. In a jurisdiction that follows the common law and has adopted the bilateral requirement for conspiracy, what crime has the man committed? ",Attempted burglary.,Solicitation.,Attempted larceny.,Conspiracy.,B,B,true
"This question refers to the following information.
Let us not, I beseech you sir, deceive ourselves. Sir, we have done everything that could be done, to avert the storm which is now coming on. We have petitioned; we have remonstrated; we have supplicated; we have prostrated ourselves before the throne, and have implored its interposition to arrest the tyrannical hands of the ministry and Parliament. Our petitions have been slighted; our remonstrances have produced additional violence and insult; our supplications have been disregarded; and we have been spurned, with contempt, from the foot of the throne. In vain, after these things, may we indulge the fond hope of peace and reconciliation. There is no longer any room for hope.… It is in vain, sir, to extenuate the matter. Gentlemen may cry, Peace, Peace, but there is no peace. The war is actually begun! The next gale that sweeps from the north will bring to our ears the clash of resounding arms! Our brethren are already in the field! Why stand we here idle? What is it that gentlemen wish? What would they have? Is life so dear, or peace so sweet, as to be purchased at the price of chains and slavery? Forbid it, Almighty God! I know not what course others may take; but as for me, give me liberty or give me death!
—Patrick Henry, March 23, 1775
Which of the following nineteenth-century groups most directly saw themselves as following in the tradition of Patrick Henry?",Southern secessionists,Supporters of Manifest Destiny,Members of the Republican Party,Abolitionists,A,A,true
Which of the following salts is expected to produce an alkaline solution when one mole is dissolved in one liter of water?,Na2S,NaClO4,CaCl2,NH4Br,A,A,true
Twenty-five milligrams of sucrose (C12H22O11) are dissolved in enough water to make 1.00 liter of solution. What is the molality of the solution?,7.31 × 10^-2,73.1,7.3 × 10^-5,1.36,C,C,true
"This question refers to the following information.
Here is the case of a woman employed in the manufacturing department of a Broadway house. It stands for a hundred like her own. She averages three dollars a week. Pay is $1.50 for her room; for breakfast she has a cup of coffee; lunch she cannot afford. One meal a day is her allowance. This woman is young, she is pretty. She has ""the world before her."" Is it anything less than a miracle if she is guilty of nothing less than the ""early and improvident marriage,"" against which moralists exclaim as one of the prolific causes of the distresses of the poor? Almost any door might seem to offer a welcome escape from such slavery as this. ""I feel so much healthier since I got three square meals a day,"" said a lodger in one of the Girls' Homes. Two young sewing-girls came in seeking domestic service, so that they might get enough to eat. They had been only half-fed for some time, and starvation had driven them to the one door at which the pride of the American-born girl will not permit her to knock, though poverty be the price of her independence.
—Jacob Riis, How the Other Half Lives, 1890
Concerns like those expressed by Riis in the passage above led most directly to which of the following?",Restrictions on immigration,Women's suffrage,Laws regulating the working conditions of women,Antitrust legislation,C,C,true
"A state has recently enacted a statute prohibiting the sale of beer in glass bottles. In accordance with the new law, all beer consumed within the state must be sold in aluminum cans that are recyclable. There is a provision of the statute that does permit breweries to distribute beer to bars, taverns, and restaurants in kegs for ""on-site"" consumption by patrons. Before the passage of the law, approximately 28% of all beer consumed in the state was packaged in glass bottles. Of that total, 75% of the beer was bottled outside the state, while 25% was bottled by companies in-state. The legislature passed the law at the strong urging of the aluminum can industry. It was estimated that one aluminum company alone spent over $5,000,000 in its lobbying campaign for the passage of the bill. Ironically, the new law even received strong support from environmentalists who believed that recyclable cans would help prevent littering and unsightly trash accumulation. The strongest federal constitutional argument against the validity of the law is that it violates the",equal protection clause of the Fourteenth Amendment by discriminating against beer bottlers.,privileges or immunities clause of the Fourteenth Amendment by preventing out-of-state beer bottlers from conducting their business in the state.,contracts clause by impairing the ability of beer bottlers to honor existing contracts for the sale of bottled beer in the state.,commerce clause by violating the negative implications on interstate commerce.,D,D,true
"A customer purchased a mattress from a furniture store. The mattress had a defective spring, which one of the manufacturer's workers had not properly tied down. When the customer slept on the mattress, she was wounded in the back by the sharp point of the spring. The customer sued the furniture store for negligence and breach of warranty. At trial, the customer testified that the salesman assured her that the furniture store inspected each mattress before delivery. Furthermore, the customer testified that she remembered the salesman telling her that ""The furniture store stands behind all of its mattresses with a lifetime guarantee. "" She is then asked if the salesman made any other representations about the mattress. The customer stated, ""Yes, in fact the day before the mattress was delivered, I received a letter from him thanking me for my patronage at the furniture store. As I recall, he also made some assurances about the manufacturer's mattresses. "" The customer's attorney then asked, ""What assurances were made in the letter?""The customer's answer is",admissible as an admission.,admissible as a declaration against interest.,inadmissible as hearsay not within any recognized exception.,"inadmissible, under the best evidence rule. ",D,D,true
"A man decided to steal a valuable coin collection from a collector's house while the collector was away. Knowing that the house had an alarm system, the man contacted the pool cleaner who worked at the house twice a week. The man offered the pool cleaner part of the proceeds from selling the coin collection if she would disarm the alarm and leave a side door unlocked so that the man could enter the house. The pool cleaner pretended to agree but then contacted the police, who immediately arrested then contacted the police, who immediately arrested the man. In a jurisdiction that follows the common law and has adopted the bilateral requirement for conspiracy, what crime has the man committed? ",Attempted burglary.,Attempted larceny.,Solicitation.,Conspiracy.,C,C,true
All the students in the sixth grade either purchased their lunch or brought their lunch from home on Monday. 24% of the students purchased their lunch. 190 students brought their lunch from home. How many students are in the sixth grade?,76,166,250,214,C,C,true
"Residents of a small city voted on whether to allow a developer to build a shopping center. The number of votes in favor of the shopping center was 4,400. The number of votes against the shopping center was 17,600. What percent of the voters were in favor of building the shopping center?",20%,25%,40%,44%,A,A,true
"A president of a small computer company decided to expand his operation. On behalf of his company, he borrowed $500,000 from a credit union for this purpose. The company was to repay the loan at the rate of $2,500 per month. The loan was secured by a mortgage on the building that housed the company's operation center. Eight months later, the company's sales started to drop and the company began experiencing cash flow problems. As a result, the company failed to make its loan payments for three consecutive months, causing the credit union to threaten to foreclose on the mortgage. The president's father, a retired wealthy investor, then intervened on behalf of the company, paid the three missed loan payments, and told the credit union that if they would refrain from any legal action against the company for a year, he would personally see that the debt was paid. The credit union orally agreed to the father's surety arrangement. However, it was never reduced to writing. Six months later, the company once again missed consecutive payments, and the credit union filed a foreclosure suit against the company. The father did not learn of the suit until a week later, but he raised no objection, since he thought the credit union was violating its agreement with him by foreclosing within the one-year period, thus relieving him of his part of the bargain. Two weeks later, the credit union's loan officer called the father and said that the credit union would hold off on the foreclosure suit as per their agreement, since the company had just made a new technological development that would place it in a very lucrative and competitive position. Soon after the new technological development took place, the company's business fortunes declined, which resulted in the company's insolvency. In an action by the credit union against the appointed receiver in bankruptcy and the father, the credit union will most likely recover for the outstanding loan from",the receiver only.,the father only.,either the father or the receiver.,both the father and the receiver.,A,A,true
In the assessment of visual fields which of the following is true?,A lesion at the optic chiasma leads to a homonymous hemianopia,An enlarged blind spot may occur because of papilloedema,Impulses from the retinal leave the eye via the optic radiation,The visual field examination maps out a patient's central vision,B,B,true
"This question refers to the following information.
Here is the case of a woman employed in the manufacturing department of a Broadway house. It stands for a hundred like her own. She averages three dollars a week. Pay is $1.50 for her room; for breakfast she has a cup of coffee; lunch she cannot afford. One meal a day is her allowance. This woman is young, she is pretty. She has ""the world before her."" Is it anything less than a miracle if she is guilty of nothing less than the ""early and improvident marriage,"" against which moralists exclaim as one of the prolific causes of the distresses of the poor? Almost any door might seem to offer a welcome escape from such slavery as this. ""I feel so much healthier since I got three square meals a day,"" said a lodger in one of the Girls' Homes. Two young sewing-girls came in seeking domestic service, so that they might get enough to eat. They had been only half-fed for some time, and starvation had driven them to the one door at which the pride of the American-born girl will not permit her to knock, though poverty be the price of her independence.
—Jacob Riis, How the Other Half Lives, 1890
Concerns like those expressed by Riis in the passage above led most directly to which of the following?",Restrictions on immigration,Women's suffrage,Antitrust legislation,Laws regulating the working conditions of women,D,D,true
"A sportsman was the owner of an old dilapidated stadium, which was located on the outskirts of the city. The stadium, which was built in 1932, had been the home stadium for the local professional baseball team for 30 years. However, in 1962, the baseball team franchise moved to another city. Since 1962, the stadium was left unattended and had deteriorated to such an extent that the walls were in danger of collapsing. Last month, an earthquake struck the city. The earthquake, which registered 6. 9 on the Richter scale, caused considerable damage in the city and caused the stadium to collapse. As the stadium crumbled to the ground, a large section of the press box fell on top of a car that was parked nearby. The auto was crushed, causing its gas tank to rupture. As a result, a large quantity of gasoline spilled along the street and flowed downhill. The gasoline collected in front of a homeowner's home, which was located about a mile from the stadium. Two hours after the earthquake struck, a pedestrian was walking in front of the homeowner's home, smoking a cigarette. When he discarded his lighted cigarette butt in the street, the gasoline exploded. The explosion blew the windows out of the homeowner's home. The homeowner, who was sitting in the living room watching television, was struck by the flying glass and injured. If the homeowner asserts a claim for his injuries against the sportsman, which of the following is the sportsman's best defense?",The earthquake was an act of God.,"The sportsman's negligence, if any, merely created a passive condition and was not the activecause of the homeowner's injury. ","The pedestrian's act of discarding the lightedcigarette in the street, which sparked the explosion, was the proximate cause of the homeowner's injury. ",The sportsman could not reasonably have beenexpected to foresee injury to a person in thehomeowner's position.,D,D,true
"Avery, Hewlett, and Packard are dishonest bankers. Avery designed a computer program that secretly moves small amounts of bank money, undetectable as individual transactions, into a secret account to eventually aggregate into a hefty nest egg. Hewlett installed the program; Packard set up the secret account. The three bankers meet periodically to check the account, but they have not yet built up enough of a balance to make a withdrawal. Mac, an honest co-worker, gets wind of the plan and threatens to expose the group. Hewlett pulls Mac into a bank vault room and warns, ""You'd better be quiet about this or you're gonna get it."" Packard gets wind of the threat and decides things have gone too far. Packard closes the account and goes to the police station, where he tells an inspector the whole story. Meanwhile, Avery secretly ""borrows"" a bank computer to monitor the progress of his program from home. Impressed with how fast it downloads, Avery decides to keep the bank's computer. As Packard wraps up his story with the inspector across town, Hewlett punches Mac in the face as ""a reminder to be quiet."" Avery, Hewlett, and Packard are arrested later that evening. With respect to taking the computer, Avery can be charged with",False pretenses.,Embezzlement.,Larceny.,Burglary.,C,C,true
"A security guard, dressed in plain clothes, was working for a discount store when a customer got into a heated argument with a cashier over the store's refund policy. Without identifying himself as a security guard, the security guard suddenly grabbed the customer's arm. The customer attempted to push the security guard away, and the security guard knocked the customer to the floor, causing injuries. The customer sued the discount store for battery on a theory of vicarious liability for the injuries caused by the security guard. The store filed an answer to the customer's complaint, asserting the affirmative defense of contributory negligence. The customer has moved to strike the affirmative defense. Traditional rules of contributory negligence apply. Should the trial court grant the customer's motion? ","No, because contributory negligence is an affirmative defense to a cause of action based on vicarious liability.","Yes, because contributory negligence is not a defense to battery.","No, because the customer should have known that his argument with the cashier might provoke an action by a security guard.","Yes, because the customer did not know that he was pushing away someone who was employed as a security guard.  ",B,B,true
After the Atom bomb how many Americans support giving aid to Japan even at the cost of food shortages?,33%,50%,85%,66%,D,D,true
Which of the following salts is expected to produce an alkaline solution when one mole is dissolved in one liter of water?,NaClO4,Na2S,CaCl2,NH4Br,B,B,true
"A boyfriend and his girlfriend broke into a house late at night with the intent to steal a stereo system. Although they believed that the homeowner was away on a business trip, he was, in fact, asleep in an upstairs bedroom. While they were inside the house, the girlfriend announced that she had changed her mind and urged her boyfriend to leave. The homeowner, who was awakened by the noise downstairs, descended the staircase to investigate. Upon seeing the homeowner, the girlfriend again urged her boyfriend to flee. Instead, the boyfriend attacked the homeowner and tied him up with rope. Thereupon, the boyfriend and girlfriend departed with the stereo equipment. After they left, the homeowner choked to death from the ropes while trying to free himself. The boyfriend and girlfriend were charged with burglary but were acquitted. Thereafter, the boyfriend and girlfriend were apprehended and prosecuted for felony murder with the underlying felony being burglary. With respect to the boyfriend and girlfriend's criminal liability for felony murder, which of the following is most correct?",The burglary acquittal precludes any subsequent prosecution under the doctrine of res judicata.,The burglary acquittal precludes any subsequent prosecution under the doctrine of collateral estoppel.,The burglary acquittal does not preclude subsequent prosecution for felony murder.,The burglary acquittal precludes prosecution for felony murder under the doctrine of double jeopardy.,D,D,true
Twenty-five milligrams of sucrose (C12H22O11) are dissolved in enough water to make 1.00 liter of solution. What is the molality of the solution?,7.31 × 10^-2,73.1,1.36,7.3 × 10^-5,D,D,true
All the students in the sixth grade either purchased their lunch or brought their lunch from home on Monday. 24% of the students purchased their lunch. 190 students brought their lunch from home. How many students are in the sixth grade?,76,166,214,250,D,D,true
In the assessment of visual fields which of the following is true?,A lesion at the optic chiasma leads to a homonymous hemianopia,Impulses from the retinal leave the eye via the optic radiation,An enlarged blind spot may occur because of papilloedema,The visual field examination maps out a patient's central vision,C,C,true
"Residents of a small city voted on whether to allow a developer to build a shopping center. The number of votes in favor of the shopping center was 4,400. The number of votes against the shopping center was 17,600. What percent of the voters were in favor of building the shopping center?",25%,20%,40%,44%,B,B,true
"This question refers to the following information.
Let us not, I beseech you sir, deceive ourselves. Sir, we have done everything that could be done, to avert the storm which is now coming on. We have petitioned; we have remonstrated; we have supplicated; we have prostrated ourselves before the throne, and have implored its interposition to arrest the tyrannical hands of the ministry and Parliament. Our petitions have been slighted; our remonstrances have produced additional violence and insult; our supplications have been disregarded; and we have been spurned, with contempt, from the foot of the throne. In vain, after these things, may we indulge the fond hope of peace and reconciliation. There is no longer any room for hope.… It is in vain, sir, to extenuate the matter. Gentlemen may cry, Peace, Peace, but there is no peace. The war is actually begun! The next gale that sweeps from the north will bring to our ears the clash of resounding arms! Our brethren are already in the field! Why stand we here idle? What is it that gentlemen wish? What would they have? Is life so dear, or peace so sweet, as to be purchased at the price of chains and slavery? Forbid it, Almighty God! I know not what course others may take; but as for me, give me liberty or give me death!
—Patrick Henry, March 23, 1775
Which of the following nineteenth-century groups most directly saw themselves as following in the tradition of Patrick Henry?",Supporters of Manifest Destiny,Southern secessionists,Members of the Republican Party,Abolitionists,B,B,true
"A man decided to steal a valuable coin collection from a collector's house while the collector was away. Knowing that the house had an alarm system, the man contacted the pool cleaner who worked at the house twice a week. The man offered the pool cleaner part of the proceeds from selling the coin collection if she would disarm the alarm and leave a side door unlocked so that the man could enter the house. The pool cleaner pretended to agree but then contacted the police, who immediately arrested then contacted the police, who immediately arrested the man. In a jurisdiction that follows the common law and has adopted the bilateral requirement for conspiracy, what crime has the man committed? ",Attempted burglary.,Attempted larceny.,Conspiracy.,Solicitation.,D,D,true
"Avery, Hewlett, and Packard are dishonest bankers. Avery designed a computer program that secretly moves small amounts of bank money, undetectable as individual transactions, into a secret account to eventually aggregate into a hefty nest egg. Hewlett installed the program; Packard set up the secret account. The three bankers meet periodically to check the account, but they have not yet built up enough of a balance to make a withdrawal. Mac, an honest co-worker, gets wind of the plan and threatens to expose the group. Hewlett pulls Mac into a bank vault room and warns, ""You'd better be quiet about this or you're gonna get it."" Packard gets wind of the threat and decides things have gone too far. Packard closes the account and goes to the police station, where he tells an inspector the whole story. Meanwhile, Avery secretly ""borrows"" a bank computer to monitor the progress of his program from home. Impressed with how fast it downloads, Avery decides to keep the bank's computer. As Packard wraps up his story with the inspector across town, Hewlett punches Mac in the face as ""a reminder to be quiet."" Avery, Hewlett, and Packard are arrested later that evening. With respect to taking the computer, Avery can be charged with",False pretenses.,Embezzlement.,Burglary.,Larceny.,D,D,true
Which of the following salts is expected to produce an alkaline solution when one mole is dissolved in one liter of water?,NaClO4,CaCl2,Na2S,NH4Br,C,C,true
"A security guard, dressed in plain clothes, was working for a discount store when a customer got into a heated argument with a cashier over the store's refund policy. Without identifying himself as a security guard, the security guard suddenly grabbed the customer's arm. The customer attempted to push the security guard away, and the security guard knocked the customer to the floor, causing injuries. The customer sued the discount store for battery on a theory of vicarious liability for the injuries caused by the security guard. The store filed an answer to the customer's complaint, asserting the affirmative defense of contributory negligence. The customer has moved to strike the affirmative defense. Traditional rules of contributory negligence apply. Should the trial court grant the customer's motion? ","No, because contributory negligence is an affirmative defense to a cause of action based on vicarious liability.","No, because the customer should have known that his argument with the cashier might provoke an action by a security guard.","Yes, because contributory negligence is not a defense to battery.","Yes, because the customer did not know that he was pushing away someone who was employed as a security guard.  ",C,C,true
Most Latin American countries achieved independence,in the early nineteenth century,shortly after World War II,in the 1960s,around the time of World War I,A,A,true
Which is the easiest way to burn a silver coin?,"Hold the silver coin with crucible tongs, and heat strongly in the flame of a Bunsen burner.","Use the method in (A), but use an oxyacetylene torch to reach a higher temperature.","Grind the silver coin into very small, dust-sized particles, and spray the particles into a Bunsen burner flame.","Dissolve the silver coin in acid, precipitate the hydroxide, and heat in a Bunsen burner flame to make the oxide.",C,C,true
"This question refers to the following information.
""When we were kids the United States was the wealthiest and strongest country in the world; the only one with the atom bomb, the least scarred by modern war, an initiator of the United Nations that we thought would distribute Western influence throughout the world. Freedom and equality for each individual, government of, by, and for the people—these American values we found good, principles by which we could live as men. Many of us began maturing in complacency.
""As we grew, however, our comfort was penetrated by events too troubling to dismiss. First, the permeating and victimizing fact of human degradation, symbolized by the Southern struggle against racial bigotry, compelled most of us from silence to activism. Second, the enclosing fact of the Cold War, symbolized by the presence of the Bomb, brought awareness that we ourselves, and our friends, and millions of abstract 'others' we knew more directly because of our common peril, might die at any time. . . .""
—Port Huron Statement, 1962
The language of this document can be seen as a repudiation of which of the following policies or actions from the Eisenhower years?","The ""New Look"" foreign policy.",Increases in funding for the United Nations.,"Intervention in the Little Rock, Arkansas crisis.",Renewed focus on education.,A,A,true
Which of the following structures travel through the substance of the parotid gland?,The maxillary artery and retromandibular vein,The maxillary artery,"The maxillary artery, retromandibular vein and facial artery","The maxillary artery, retromandibular vein, facial artery and buccal branch of the mandibular nerve",A,A,true
In the assessment of visual fields which of the following is true?,A lesion at the optic chiasma leads to a homonymous hemianopia,Impulses from the retinal leave the eye via the optic radiation,The visual field examination maps out a patient's central vision,An enlarged blind spot may occur because of papilloedema,D,D,true
"A group of students from a public state college decide to picket the college for raising tuition. After three days of picketing, the college asks a court to grant a temporary injunction against the picketers. The college claims that the picketers have violated Section 201 of the city's picketing ordinance. Assume that the court granted the temporary injunction against the students for picketing the college. ""Section 201. No picketing shall be permitted inside of, or on any sidewalk or street immediately adjacent or contiguous to public colleges without express permission of the mayor. Applications for such permission shall be filed at least three days before such picketing is intended to begin and shall state the purpose, place, and time of the proposed picketing. ""In a subsequent action challenging the constitutionality of Section 201 of the city's picketing ordinance, the court will most likely rule that the section is","constitutional, because the ordinance is a valid exercise of the state's police power. ","constitutional, because the ordinance is within the reserved rights of the states under the Tenth Amendment. ","unconstitutional, because the ordinance violates petitioner's rights under the First Amendment. ","unconstitutional, because the ordinance is void for vagueness and overbreadth. ",C,C,true
"Residents of a small city voted on whether to allow a developer to build a shopping center. The number of votes in favor of the shopping center was 4,400. The number of votes against the shopping center was 17,600. What percent of the voters were in favor of building the shopping center?",25%,40%,20%,44%,C,C,true
"A president of a small computer company decided to expand his operation. On behalf of his company, he borrowed $500,000 from a credit union for this purpose. The company was to repay the loan at the rate of $2,500 per month. The loan was secured by a mortgage on the building that housed the company's operation center. Eight months later, the company's sales started to drop and the company began experiencing cash flow problems. As a result, the company failed to make its loan payments for three consecutive months, causing the credit union to threaten to foreclose on the mortgage. The president's father, a retired wealthy investor, then intervened on behalf of the company, paid the three missed loan payments, and told the credit union that if they would refrain from any legal action against the company for a year, he would personally see that the debt was paid. The credit union orally agreed to the father's surety arrangement. However, it was never reduced to writing. Six months later, the company once again missed consecutive payments, and the credit union filed a foreclosure suit against the company. The father did not learn of the suit until a week later, but he raised no objection, since he thought the credit union was violating its agreement with him by foreclosing within the one-year period, thus relieving him of his part of the bargain. Two weeks later, the credit union's loan officer called the father and said that the credit union would hold off on the foreclosure suit as per their agreement, since the company had just made a new technological development that would place it in a very lucrative and competitive position. Soon after the new technological development took place, the company's business fortunes declined, which resulted in the company's insolvency. In an action by the credit union against the appointed receiver in bankruptcy and the father, the credit union will most likely recover for the outstanding loan from",the father only.,the receiver only.,either the father or the receiver.,both the father and the receiver.,B,B,true
Which of the following salts is expected to produce an alkaline solution when one mole is dissolved in one liter of water?,NaClO4,CaCl2,NH4Br,Na2S,D,D,true
"This question refers to the following information.
""When we were kids the United States was the wealthiest and strongest country in the world; the only one with the atom bomb, the least scarred by modern war, an initiator of the United Nations that we thought would distribute Western influence throughout the world. Freedom and equality for each individual, government of, by, and for the people—these American values we found good, principles by which we could live as men. Many of us began maturing in complacency.
""As we grew, however, our comfort was penetrated by events too troubling to dismiss. First, the permeating and victimizing fact of human degradation, symbolized by the Southern struggle against racial bigotry, compelled most of us from silence to activism. Second, the enclosing fact of the Cold War, symbolized by the presence of the Bomb, brought awareness that we ourselves, and our friends, and millions of abstract 'others' we knew more directly because of our common peril, might die at any time. . . .""
—Port Huron Statement, 1962
The language of this document can be seen as a repudiation of which of the following policies or actions from the Eisenhower years?",Increases in funding for the United Nations.,"The ""New Look"" foreign policy.","Intervention in the Little Rock, Arkansas crisis.",Renewed focus on education.,B,B,true
Most Latin American countries achieved independence,shortly after World War II,in the early nineteenth century,in the 1960s,around the time of World War I,B,B,true
"A security guard, dressed in plain clothes, was working for a discount store when a customer got into a heated argument with a cashier over the store's refund policy. Without identifying himself as a security guard, the security guard suddenly grabbed the customer's arm. The customer attempted to push the security guard away, and the security guard knocked the customer to the floor, causing injuries. The customer sued the discount store for battery on a theory of vicarious liability for the injuries caused by the security guard. The store filed an answer to the customer's complaint, asserting the affirmative defense of contributory negligence. The customer has moved to strike the affirmative defense. Traditional rules of contributory negligence apply. Should the trial court grant the customer's motion? ","No, because contributory negligence is an affirmative defense to a cause of action based on vicarious liability.","No, because the customer should have known that his argument with the cashier might provoke an action by a security guard.","Yes, because the customer did not know that he was pushing away someone who was employed as a security guard.  ","Yes, because contributory negligence is not a defense to battery.",D,D,true
"A defendant was arrested and indicted separately for the crimes of robbery, rape, and felony murder with the underlying felony being the rape. With respect to double jeopardy, which of the following statements is most accurate?","The defendant may be tried for the two separate offenses of robbery and felony murder and may be convicted of both, with the robbery sentence running consecutively with concurrent sentences for the felony murder and rape. ","The defendant may be tried for each offense separately and may be convicted of each, with sentences running consecutively. ","The defendant may be tried for the two separate offenses of robbery and felony murder and may be convicted of both, with sentences running consecutively. ",The defendant may be tried for the single offense of felony murder and sentenced for that crime only.,A,C,false
"A customer bought a can of corn at a grocery store. While eating the corn later that evening, the customer was injured by a small piece of glass in the corn. The customer sued the canning company that had processed and canned the corn. At trial, the customer presented evidence that neither the customer nor any third party had done anything after the can of corn was opened that would account for the presence of the glass. Without any other evidence, is the customer likely to prevail? ","Yes, because a jury may reasonably infer that the canning company acted negligently.","No, because it is possible that someone tampered with the can before the customer bought it.","No, because the customer has not shown any direct evidence that the canning company acted negligently.","Yes, because the grocery store could not have discovered the piece of glass by reasonable inspection.  ",A,A,true
"After riding the bus to and from her high school for two years, a girl decided that she was tired of relying on the bus and wanted her own mode of transportation. Since she had just turned 16 and received her driver's license, she decided to purchase a motor scooter from a local retailer for $12,000. The written contract with the retailer provided that the girl would make monthly payments of $500 for two years. During the first year of the contract, the girl made 12 monthly payments totaling $6,000. However, the girl failed to make any payments during the second year of the contract. The retailer repeatedly threatened to sue the girl for the remaining balance that it claimed was due under the contract. However, the retailer never followed through on this threat. Shortly after the girl turned 18, she sent the following letter to the retailer:""I had to stop making payments because I ran out of money. I am hoping that will change shortly. However, I've been told I am not obligated to pay anything more to you, because I was underage when we entered into the contract. But I want to be fair. I am willing to pay you $3,000 by the end of the year if my financial position improves. ""The girl never made any further payment to the retailer. If the retailer brings suit to recover damages from the girl, which of the following, if it were found to be true, would provide the retailer with its best argument for recovery?",The motor scooter was demolished in an accident shortly after the girl sent the letter.,"The girl's financial position has improved to the extent that she is able to pay the $3,000 she had promised to pay. ",The retailer was unaware that the girl was a minor at the time the contract was formed.,The motor scooter that the girl purchased is a necessary of life.,B,B,true
"Residents of a small city voted on whether to allow a developer to build a shopping center. The number of votes in favor of the shopping center was 4,400. The number of votes against the shopping center was 17,600. What percent of the voters were in favor of building the shopping center?",25%,40%,44%,20%,D,D,true
Which of the following structures travel through the substance of the parotid gland?,The maxillary artery,The maxillary artery and retromandibular vein,"The maxillary artery, retromandibular vein and facial artery","The maxillary artery, retromandibular vein, facial artery and buccal branch of the mandibular nerve",B,B,true
The rest mass of a particle with total energy 5.0 GeV and momentum 4.9 GeV/c is approximately,1.0 GeV/c^2,0.1 GeV/c^2,0.2 GeV/c^2,0.5 GeV/c^2,A,A,true
"This question refers to the following information.
""If it be conceded, as it must be by every one who is the least conversant with our institutions, that the sovereign powers delegated are divided between the General and State Governments, and that the latter hold their portion by the same tenure as the former, it would seem impossible to deny to the States the right of deciding on the infractions of their powers, and the proper remedy to be applied for their correction. The right of judging, in such cases, is an essential attribute of sovereignty, of which the States cannot be divested without losing their sovereignty itself, and being reduced to a subordinate corporate condition. In fact, to divide power, and to give to one of the parties the exclusive right of judging of the portion allotted to each, is, in reality, not to divide it at all; and to reserve such exclusive right to the General Government (it matters not by what department to be exercised), is to convert it, in fact, into a great consolidated government, with unlimited powers, and to divest the States, in reality, of all their rights, It is impossible to understand the force of terms, and to deny so plain a conclusion.""
—John C. Calhoun, ""South Carolina Exposition and Protest,"" 1828
The argument put forth by John C. Calhoun in the passage above states a position in a debate that is most similar to which of the following debates from earlier in U.S. history?",The debate over replacing the Articles of Confederation with the Constitution.,The debate over whether to count slaves in the census for purposes of representation.,The debate over the Constitutionality of acquiring the Louisiana Purchase.,The debate over disestablishment of the Episcopal Church in several states.,A,A,true
"This question refers to the following information.
Let us not, I beseech you sir, deceive ourselves. Sir, we have done everything that could be done, to avert the storm which is now coming on. We have petitioned; we have remonstrated; we have supplicated; we have prostrated ourselves before the throne, and have implored its interposition to arrest the tyrannical hands of the ministry and Parliament. Our petitions have been slighted; our remonstrances have produced additional violence and insult; our supplications have been disregarded; and we have been spurned, with contempt, from the foot of the throne. In vain, after these things, may we indulge the fond hope of peace and reconciliation. There is no longer any room for hope.… It is in vain, sir, to extenuate the matter. Gentlemen may cry, Peace, Peace, but there is no peace. The war is actually begun! The next gale that sweeps from the north will bring to our ears the clash of resounding arms! Our brethren are already in the field! Why stand we here idle? What is it that gentlemen wish? What would they have? Is life so dear, or peace so sweet, as to be purchased at the price of chains and slavery? Forbid it, Almighty God! I know not what course others may take; but as for me, give me liberty or give me death!
—Patrick Henry, March 23, 1775
Which of the following nineteenth-century groups most directly saw themselves as following in the tradition of Patrick Henry?",Supporters of Manifest Destiny,Members of the Republican Party,Southern secessionists,Abolitionists,C,C,true
"A man and a woman conspired to rob a local bank. After entering the bank, they pulled out guns and ordered everyone to the floor. They demanded money from the tellers but, unknown to them, one of the tellers activated a silent alarm. Within minutes, the bank was surrounded by police officers. A standoff ensued for several hours with the man and the woman barricaded inside the bank with several hostages. The man decided to try and make a getaway. He took the bank manager and, using her as a human shield, exited the bank. A shooting ensued, and both the man and the bank manager were killed by the police. This jurisdiction follows the agency theory of felony murder. The woman is charged with felony murder for the deaths of the man and the bank manager. The woman's attorney has filed a motion to dismiss both charges. The court should","grant the motion regarding the man's death, but deny the motion regarding the death of the bank manager. ","grant the motion with respect to the bank manager's death, but deny the motion for the death of the man. ",grant the motion regarding the deaths of both the man and the bank manager.,deny the motion regarding the deaths of both the man and the bank manager.,A,A,true
Most Latin American countries achieved independence,shortly after World War II,in the 1960s,in the early nineteenth century,around the time of World War I,C,C,true
Which is the easiest way to burn a silver coin?,"Hold the silver coin with crucible tongs, and heat strongly in the flame of a Bunsen burner.","Use the method in (A), but use an oxyacetylene torch to reach a higher temperature.","Dissolve the silver coin in acid, precipitate the hydroxide, and heat in a Bunsen burner flame to make the oxide.","Grind the silver coin into very small, dust-sized particles, and spray the particles into a Bunsen burner flame.",D,D,true
"This question refers to the following information.
""When we were kids the United States was the wealthiest and strongest country in the world; the only one with the atom bomb, the least scarred by modern war, an initiator of the United Nations that we thought would distribute Western influence throughout the world. Freedom and equality for each individual, government of, by, and for the people—these American values we found good, principles by which we could live as men. Many of us began maturing in complacency.
""As we grew, however, our comfort was penetrated by events too troubling to dismiss. First, the permeating and victimizing fact of human degradation, symbolized by the Southern struggle against racial bigotry, compelled most of us from silence to activism. Second, the enclosing fact of the Cold War, symbolized by the presence of the Bomb, brought awareness that we ourselves, and our friends, and millions of abstract 'others' we knew more directly because of our common peril, might die at any time. . . .""
—Port Huron Statement, 1962
The language of this document can be seen as a repudiation of which of the following policies or actions from the Eisenhower years?",Increases in funding for the United Nations.,"Intervention in the Little Rock, Arkansas crisis.","The ""New Look"" foreign policy.",Renewed focus on education.,C,C,true
"The hydrogen lines observed in the spectrum of the quasar 3C9 are shifted so far into the red that their wavelengths are three times as long as those observed in the light from hydrogen atoms at rest in a laboratory on Earth. If it is assumed that the shift is entirely due to the relative motion of 3C9 and Earth, the relative speed of the quasar is",0.8c,2c,c,0.5c,A,A,true
What is cardiac output?,Stroke volume × heart rate.,Systemic vascular resistance × heart rate.,Blood pressure × heart rate.,Preload × stroke volume.,A,A,true
"A customer bought a can of corn at a grocery store. While eating the corn later that evening, the customer was injured by a small piece of glass in the corn. The customer sued the canning company that had processed and canned the corn. At trial, the customer presented evidence that neither the customer nor any third party had done anything after the can of corn was opened that would account for the presence of the glass. Without any other evidence, is the customer likely to prevail? ","No, because it is possible that someone tampered with the can before the customer bought it.","Yes, because a jury may reasonably infer that the canning company acted negligently.","No, because the customer has not shown any direct evidence that the canning company acted negligently.","Yes, because the grocery store could not have discovered the piece of glass by reasonable inspection.  ",B,B,true
"A president of a small computer company decided to expand his operation. On behalf of his company, he borrowed $500,000 from a credit union for this purpose. The company was to repay the loan at the rate of $2,500 per month. The loan was secured by a mortgage on the building that housed the company's operation center. Eight months later, the company's sales started to drop and the company began experiencing cash flow problems. As a result, the company failed to make its loan payments for three consecutive months, causing the credit union to threaten to foreclose on the mortgage. The president's father, a retired wealthy investor, then intervened on behalf of the company, paid the three missed loan payments, and told the credit union that if they would refrain from any legal action against the company for a year, he would personally see that the debt was paid. The credit union orally agreed to the father's surety arrangement. However, it was never reduced to writing. Six months later, the company once again missed consecutive payments, and the credit union filed a foreclosure suit against the company. The father did not learn of the suit until a week later, but he raised no objection, since he thought the credit union was violating its agreement with him by foreclosing within the one-year period, thus relieving him of his part of the bargain. Two weeks later, the credit union's loan officer called the father and said that the credit union would hold off on the foreclosure suit as per their agreement, since the company had just made a new technological development that would place it in a very lucrative and competitive position. Soon after the new technological development took place, the company's business fortunes declined, which resulted in the company's insolvency. In an action by the credit union against the appointed receiver in bankruptcy and the father, the credit union will most likely recover for the outstanding loan from",the father only.,either the father or the receiver.,the receiver only.,both the father and the receiver.,C,C,true
"A defendant was arrested and indicted separately for the crimes of robbery, rape, and felony murder with the underlying felony being the rape. With respect to double jeopardy, which of the following statements is most accurate?","The defendant may be tried for each offense separately and may be convicted of each, with sentences running consecutively. ","The defendant may be tried for the two separate offenses of robbery and felony murder and may be convicted of both, with the robbery sentence running consecutively with concurrent sentences for the felony murder and rape. ","The defendant may be tried for the two separate offenses of robbery and felony murder and may be convicted of both, with sentences running consecutively. ",The defendant may be tried for the single offense of felony murder and sentenced for that crime only.,B,C,false
The rest mass of a particle with total energy 5.0 GeV and momentum 4.9 GeV/c is approximately,0.1 GeV/c^2,1.0 GeV/c^2,0.2 GeV/c^2,0.5 GeV/c^2,B,B,true
"This question refers to the following information.
""If it be conceded, as it must be by every one who is the least conversant with our institutions, that the sovereign powers delegated are divided between the General and State Governments, and that the latter hold their portion by the same tenure as the former, it would seem impossible to deny to the States the right of deciding on the infractions of their powers, and the proper remedy to be applied for their correction. The right of judging, in such cases, is an essential attribute of sovereignty, of which the States cannot be divested without losing their sovereignty itself, and being reduced to a subordinate corporate condition. In fact, to divide power, and to give to one of the parties the exclusive right of judging of the portion allotted to each, is, in reality, not to divide it at all; and to reserve such exclusive right to the General Government (it matters not by what department to be exercised), is to convert it, in fact, into a great consolidated government, with unlimited powers, and to divest the States, in reality, of all their rights, It is impossible to understand the force of terms, and to deny so plain a conclusion.""
—John C. Calhoun, ""South Carolina Exposition and Protest,"" 1828
The argument put forth by John C. Calhoun in the passage above states a position in a debate that is most similar to which of the following debates from earlier in U.S. history?",The debate over whether to count slaves in the census for purposes of representation.,The debate over replacing the Articles of Confederation with the Constitution.,The debate over the Constitutionality of acquiring the Louisiana Purchase.,The debate over disestablishment of the Episcopal Church in several states.,B,B,true
"This question refers to the following information.
""When we were kids the United States was the wealthiest and strongest country in the world; the only one with the atom bomb, the least scarred by modern war, an initiator of the United Nations that we thought would distribute Western influence throughout the world. Freedom and equality for each individual, government of, by, and for the people—these American values we found good, principles by which we could live as men. Many of us began maturing in complacency.
""As we grew, however, our comfort was penetrated by events too troubling to dismiss. First, the permeating and victimizing fact of human degradation, symbolized by the Southern struggle against racial bigotry, compelled most of us from silence to activism. Second, the enclosing fact of the Cold War, symbolized by the presence of the Bomb, brought awareness that we ourselves, and our friends, and millions of abstract 'others' we knew more directly because of our common peril, might die at any time. . . .""
—Port Huron Statement, 1962
The language of this document can be seen as a repudiation of which of the following policies or actions from the Eisenhower years?",Increases in funding for the United Nations.,"Intervention in the Little Rock, Arkansas crisis.",Renewed focus on education.,"The ""New Look"" foreign policy.",D,D,true
What is cardiac output?,Systemic vascular resistance × heart rate.,Stroke volume × heart rate.,Blood pressure × heart rate.,Preload × stroke volume.,B,B,true
Most Latin American countries achieved independence,shortly after World War II,in the 1960s,around the time of World War I,in the early nineteenth century,D,D,true
Which of the following structures travel through the substance of the parotid gland?,The maxillary artery,"The maxillary artery, retromandibular vein and facial artery",The maxillary artery and retromandibular vein,"The maxillary artery, retromandibular vein, facial artery and buccal branch of the mandibular nerve",C,C,true
"A customer bought a can of corn at a grocery store. While eating the corn later that evening, the customer was injured by a small piece of glass in the corn. The customer sued the canning company that had processed and canned the corn. At trial, the customer presented evidence that neither the customer nor any third party had done anything after the can of corn was opened that would account for the presence of the glass. Without any other evidence, is the customer likely to prevail? ","No, because it is possible that someone tampered with the can before the customer bought it.","No, because the customer has not shown any direct evidence that the canning company acted negligently.","Yes, because a jury may reasonably infer that the canning company acted negligently.","Yes, because the grocery store could not have discovered the piece of glass by reasonable inspection.  ",C,C,true
"The hydrogen lines observed in the spectrum of the quasar 3C9 are shifted so far into the red that their wavelengths are three times as long as those observed in the light from hydrogen atoms at rest in a laboratory on Earth. If it is assumed that the shift is entirely due to the relative motion of 3C9 and Earth, the relative speed of the quasar is",2c,0.8c,c,0.5c,B,B,true
"A defendant was arrested and indicted separately for the crimes of robbery, rape, and felony murder with the underlying felony being the rape. With respect to double jeopardy, which of the following statements is most accurate?","The defendant may be tried for each offense separately and may be convicted of each, with sentences running consecutively. ","The defendant may be tried for the two separate offenses of robbery and felony murder and may be convicted of both, with sentences running consecutively. ","The defendant may be tried for the two separate offenses of robbery and felony murder and may be convicted of both, with the robbery sentence running consecutively with concurrent sentences for the felony murder and rape. ",The defendant may be tried for the single offense of felony murder and sentenced for that crime only.,C,B,false
"This question refers to the following information.
Let us not, I beseech you sir, deceive ourselves. Sir, we have done everything that could be done, to avert the storm which is now coming on. We have petitioned; we have remonstrated; we have supplicated; we have prostrated ourselves before the throne, and have implored its interposition to arrest the tyrannical hands of the ministry and Parliament. Our petitions have been slighted; our remonstrances have produced additional violence and insult; our supplications have been disregarded; and we have been spurned, with contempt, from the foot of the throne. In vain, after these things, may we indulge the fond hope of peace and reconciliation. There is no longer any room for hope.… It is in vain, sir, to extenuate the matter. Gentlemen may cry, Peace, Peace, but there is no peace. The war is actually begun! The next gale that sweeps from the north will bring to our ears the clash of resounding arms! Our brethren are already in the field! Why stand we here idle? What is it that gentlemen wish? What would they have? Is life so dear, or peace so sweet, as to be purchased at the price of chains and slavery? Forbid it, Almighty God! I know not what course others may take; but as for me, give me liberty or give me death!
—Patrick Henry, March 23, 1775
Which of the following nineteenth-century groups most directly saw themselves as following in the tradition of Patrick Henry?",Supporters of Manifest Destiny,Members of the Republican Party,Abolitionists,Southern secessionists,D,D,true
The rest mass of a particle with total energy 5.0 GeV and momentum 4.9 GeV/c is approximately,0.1 GeV/c^2,0.2 GeV/c^2,1.0 GeV/c^2,0.5 GeV/c^2,C,C,true
What is cardiac output?,Systemic vascular resistance × heart rate.,Blood pressure × heart rate.,Stroke volume × heart rate.,Preload × stroke volume.,C,C,true
"Controlling for inflation and PPP-adjustment, about how much did GDP per capita increase from 1950 to 2016 in India?",by 8 fold,by 4 fold,by 16 fold,by 32 fold,B,A,false
"Dawn needs to fix windows in her house. She must buy 3 feet of wood, which costs $7 per foot. She also needs to buy 4 pieces of glass. Each piece of glass costs $23. What will be the total cost for fixing the windows?",$113 ,$30 ,$90 ,$176 ,A,A,true
"This question refers to the following information.
""If it be conceded, as it must be by every one who is the least conversant with our institutions, that the sovereign powers delegated are divided between the General and State Governments, and that the latter hold their portion by the same tenure as the former, it would seem impossible to deny to the States the right of deciding on the infractions of their powers, and the proper remedy to be applied for their correction. The right of judging, in such cases, is an essential attribute of sovereignty, of which the States cannot be divested without losing their sovereignty itself, and being reduced to a subordinate corporate condition. In fact, to divide power, and to give to one of the parties the exclusive right of judging of the portion allotted to each, is, in reality, not to divide it at all; and to reserve such exclusive right to the General Government (it matters not by what department to be exercised), is to convert it, in fact, into a great consolidated government, with unlimited powers, and to divest the States, in reality, of all their rights, It is impossible to understand the force of terms, and to deny so plain a conclusion.""
—John C. Calhoun, ""South Carolina Exposition and Protest,"" 1828
The argument put forth by John C. Calhoun in the passage above states a position in a debate that is most similar to which of the following debates from earlier in U.S. history?",The debate over whether to count slaves in the census for purposes of representation.,The debate over the Constitutionality of acquiring the Louisiana Purchase.,The debate over replacing the Articles of Confederation with the Constitution.,The debate over disestablishment of the Episcopal Church in several states.,C,C,true
"A customer bought a can of corn at a grocery store. While eating the corn later that evening, the customer was injured by a small piece of glass in the corn. The customer sued the canning company that had processed and canned the corn. At trial, the customer presented evidence that neither the customer nor any third party had done anything after the can of corn was opened that would account for the presence of the glass. Without any other evidence, is the customer likely to prevail? ","No, because it is possible that someone tampered with the can before the customer bought it.","No, because the customer has not shown any direct evidence that the canning company acted negligently.","Yes, because the grocery store could not have discovered the piece of glass by reasonable inspection.  ","Yes, because a jury may reasonably infer that the canning company acted negligently.",D,D,true
"A president of a small computer company decided to expand his operation. On behalf of his company, he borrowed $500,000 from a credit union for this purpose. The company was to repay the loan at the rate of $2,500 per month. The loan was secured by a mortgage on the building that housed the company's operation center. Eight months later, the company's sales started to drop and the company began experiencing cash flow problems. As a result, the company failed to make its loan payments for three consecutive months, causing the credit union to threaten to foreclose on the mortgage. The president's father, a retired wealthy investor, then intervened on behalf of the company, paid the three missed loan payments, and told the credit union that if they would refrain from any legal action against the company for a year, he would personally see that the debt was paid. The credit union orally agreed to the father's surety arrangement. However, it was never reduced to writing. Six months later, the company once again missed consecutive payments, and the credit union filed a foreclosure suit against the company. The father did not learn of the suit until a week later, but he raised no objection, since he thought the credit union was violating its agreement with him by foreclosing within the one-year period, thus relieving him of his part of the bargain. Two weeks later, the credit union's loan officer called the father and said that the credit union would hold off on the foreclosure suit as per their agreement, since the company had just made a new technological development that would place it in a very lucrative and competitive position. Soon after the new technological development took place, the company's business fortunes declined, which resulted in the company's insolvency. In an action by the credit union against the appointed receiver in bankruptcy and the father, the credit union will most likely recover for the outstanding loan from",the father only.,either the father or the receiver.,both the father and the receiver.,the receiver only.,D,D,true
What is cardiac output?,Systemic vascular resistance × heart rate.,Blood pressure × heart rate.,Preload × stroke volume.,Stroke volume × heart rate.,D,D,true
"The hydrogen lines observed in the spectrum of the quasar 3C9 are shifted so far into the red that their wavelengths are three times as long as those observed in the light from hydrogen atoms at rest in a laboratory on Earth. If it is assumed that the shift is entirely due to the relative motion of 3C9 and Earth, the relative speed of the quasar is",2c,c,0.8c,0.5c,C,C,true
"A defendant was arrested and indicted separately for the crimes of robbery, rape, and felony murder with the underlying felony being the rape. With respect to double jeopardy, which of the following statements is most accurate?","The defendant may be tried for each offense separately and may be convicted of each, with sentences running consecutively. ","The defendant may be tried for the two separate offenses of robbery and felony murder and may be convicted of both, with sentences running consecutively. ",The defendant may be tried for the single offense of felony murder and sentenced for that crime only.,"The defendant may be tried for the two separate offenses of robbery and felony murder and may be convicted of both, with the robbery sentence running consecutively with concurrent sentences for the felony murder and rape. ",D,B,false
The rest mass of a particle with total energy 5.0 GeV and momentum 4.9 GeV/c is approximately,0.1 GeV/c^2,0.2 GeV/c^2,0.5 GeV/c^2,1.0 GeV/c^2,D,D,true
Which of the following structures travel through the substance of the parotid gland?,The maxillary artery,"The maxillary artery, retromandibular vein and facial artery","The maxillary artery, retromandibular vein, facial artery and buccal branch of the mandibular nerve",The maxillary artery and retromandibular vein,D,D,true
"An individual investor purchased stock through a company's stock offering. When the price of the stock plummeted, the investor sued the company in a state court in State A, claiming that the company's offering materials had fraudulently induced him to purchase the stock and seeking $25,000 in damages. A university that had purchased the company's stock through the same offering sued the company in federal court in State B, claiming that the offering materials violated federal securities laws and seeking $1 million in damages. The individual investor's suit proceeded to trial. The state court ruled that the company's offering materials contained false information and awarded the investor a $25,000 judgment. The university immediately moved for partial summary judgment in its federal action against the company, arguing that the state court judgment bound the federal court on the issue of whether the company's offering materials contained false information. Neither State A nor State B permits nonmutual issue preclusion. Should the court grant the university's motion? ","No, because State A does not permit nonmutual issue preclusion.","No, because the federal court sits in a state that does not permit nonmutual issue preclusion.","Yes, because federal law permits nonmutual issue preclusion.","Yes, because the issue of whether the materials contained false information was actually litigated and necessarily decided.",A,A,true
"This question refers to the following information.
""If it be conceded, as it must be by every one who is the least conversant with our institutions, that the sovereign powers delegated are divided between the General and State Governments, and that the latter hold their portion by the same tenure as the former, it would seem impossible to deny to the States the right of deciding on the infractions of their powers, and the proper remedy to be applied for their correction. The right of judging, in such cases, is an essential attribute of sovereignty, of which the States cannot be divested without losing their sovereignty itself, and being reduced to a subordinate corporate condition. In fact, to divide power, and to give to one of the parties the exclusive right of judging of the portion allotted to each, is, in reality, not to divide it at all; and to reserve such exclusive right to the General Government (it matters not by what department to be exercised), is to convert it, in fact, into a great consolidated government, with unlimited powers, and to divest the States, in reality, of all their rights, It is impossible to understand the force of terms, and to deny so plain a conclusion.""
—John C. Calhoun, ""South Carolina Exposition and Protest,"" 1828
The argument put forth by John C. Calhoun in the passage above states a position in a debate that is most similar to which of the following debates from earlier in U.S. history?",The debate over whether to count slaves in the census for purposes of representation.,The debate over the Constitutionality of acquiring the Louisiana Purchase.,The debate over disestablishment of the Episcopal Church in several states.,The debate over replacing the Articles of Confederation with the Constitution.,D,D,true
Stridor is described as:,A high-pitched sound.,A wheezing sound.,A gurgling sound.,A rattling sound.,A,A,true
"Dawn needs to fix windows in her house. She must buy 3 feet of wood, which costs $7 per foot. She also needs to buy 4 pieces of glass. Each piece of glass costs $23. What will be the total cost for fixing the windows?",$30 ,$113 ,$90 ,$176 ,B,B,true
"The hydrogen lines observed in the spectrum of the quasar 3C9 are shifted so far into the red that their wavelengths are three times as long as those observed in the light from hydrogen atoms at rest in a laboratory on Earth. If it is assumed that the shift is entirely due to the relative motion of 3C9 and Earth, the relative speed of the quasar is",2c,c,0.5c,0.8c,D,D,true
"An individual investor purchased stock through a company's stock offering. When the price of the stock plummeted, the investor sued the company in a state court in State A, claiming that the company's offering materials had fraudulently induced him to purchase the stock and seeking $25,000 in damages. A university that had purchased the company's stock through the same offering sued the company in federal court in State B, claiming that the offering materials violated federal securities laws and seeking $1 million in damages. The individual investor's suit proceeded to trial. The state court ruled that the company's offering materials contained false information and awarded the investor a $25,000 judgment. The university immediately moved for partial summary judgment in its federal action against the company, arguing that the state court judgment bound the federal court on the issue of whether the company's offering materials contained false information. Neither State A nor State B permits nonmutual issue preclusion. Should the court grant the university's motion? ","No, because the federal court sits in a state that does not permit nonmutual issue preclusion.","No, because State A does not permit nonmutual issue preclusion.","Yes, because federal law permits nonmutual issue preclusion.","Yes, because the issue of whether the materials contained false information was actually litigated and necessarily decided.",B,B,true
"An employer offered to pay a terminated employee $50,000 to release all claims the employee might have against the employer. The employee orally accepted the offer. The employer then prepared an unsigned release agreement and sent it to the employee for him to sign. The employee carefully prepared, signed, and sent to the employer a substitute release agreement that was identical to the original except that it excluded from the release any age discrimination claims. The employer signed the substitute release without reading it. Shortly thereafter, the employee notified the employer that he intended to sue the employer for age discrimination. Is the employer likely to prevail in an action seeking reformation of the release to conform to the parties' oral agreement? ","Yes, because the employee's fraudulent behavior induced the employer's unilateral mistake.","No, because the employer acted unreasonably by failing to read the substitute release prior to signing it.","No, because the parol evidence rule will preclude evidence of the oral agreement.","Yes, because the parties were mutually mistaken regarding the contents of the signed release.",A,A,true
"During exercise, adrenaline secretion from the adrenal glands is stimulated by:",increased sympathetic nerve activity.,increased plasma glucose.,increased plasma fatty acids.,increased plasma ACTH.,A,A,true
4NH3(g) + 5O2(g) → 4NO(g) + 6H2O(g) This reaction will experience a rate increase by the addition of a cataylst such as platinum. Which of the following best explains why?,The catalyst introduces a new reaction mechanism for the reaction.,The catalyst increases the overall frequency of collisions in the reactant molecules.,The catalyst increases the frequency of collisions that occur at the proper orientation in the reactant molecules.,The catalyst increases the activation energy for the reaction.,A,A,true
"Dawn needs to fix windows in her house. She must buy 3 feet of wood, which costs $7 per foot. She also needs to buy 4 pieces of glass. Each piece of glass costs $23. What will be the total cost for fixing the windows?",$30 ,$90 ,$113 ,$176 ,C,C,true
"After riding the bus to and from her high school for two years, a girl decided that she was tired of relying on the bus and wanted her own mode of transportation. Since she had just turned 16 and received her driver's license, she decided to purchase a motor scooter from a local retailer for $12,000. The written contract with the retailer provided that the girl would make monthly payments of $500 for two years. During the first year of the contract, the girl made 12 monthly payments totaling $6,000. However, the girl failed to make any payments during the second year of the contract. The retailer repeatedly threatened to sue the girl for the remaining balance that it claimed was due under the contract. However, the retailer never followed through on this threat. Shortly after the girl turned 18, she sent the following letter to the retailer:""I had to stop making payments because I ran out of money. I am hoping that will change shortly. However, I've been told I am not obligated to pay anything more to you, because I was underage when we entered into the contract. But I want to be fair. I am willing to pay you $3,000 by the end of the year if my financial position improves. ""The girl never made any further payment to the retailer. If the retailer brings suit to recover damages from the girl, which of the following, if it were found to be true, would provide the retailer with its best argument for recovery?",The motor scooter was demolished in an accident shortly after the girl sent the letter.,The retailer was unaware that the girl was a minor at the time the contract was formed.,"The girl's financial position has improved to the extent that she is able to pay the $3,000 she had promised to pay. ",The motor scooter that the girl purchased is a necessary of life.,C,C,true
"A man and a woman conspired to rob a local bank. After entering the bank, they pulled out guns and ordered everyone to the floor. They demanded money from the tellers but, unknown to them, one of the tellers activated a silent alarm. Within minutes, the bank was surrounded by police officers. A standoff ensued for several hours with the man and the woman barricaded inside the bank with several hostages. The man decided to try and make a getaway. He took the bank manager and, using her as a human shield, exited the bank. A shooting ensued, and both the man and the bank manager were killed by the police. This jurisdiction follows the agency theory of felony murder. The woman is charged with felony murder for the deaths of the man and the bank manager. The woman's attorney has filed a motion to dismiss both charges. The court should","grant the motion with respect to the bank manager's death, but deny the motion for the death of the man. ","grant the motion regarding the man's death, but deny the motion regarding the death of the bank manager. ",grant the motion regarding the deaths of both the man and the bank manager.,deny the motion regarding the deaths of both the man and the bank manager.,B,B,true
Stridor is described as:,A wheezing sound.,A high-pitched sound.,A gurgling sound.,A rattling sound.,B,B,true
"An employer offered to pay a terminated employee $50,000 to release all claims the employee might have against the employer. The employee orally accepted the offer. The employer then prepared an unsigned release agreement and sent it to the employee for him to sign. The employee carefully prepared, signed, and sent to the employer a substitute release agreement that was identical to the original except that it excluded from the release any age discrimination claims. The employer signed the substitute release without reading it. Shortly thereafter, the employee notified the employer that he intended to sue the employer for age discrimination. Is the employer likely to prevail in an action seeking reformation of the release to conform to the parties' oral agreement? ","No, because the employer acted unreasonably by failing to read the substitute release prior to signing it.","Yes, because the employee's fraudulent behavior induced the employer's unilateral mistake.","No, because the parol evidence rule will preclude evidence of the oral agreement.","Yes, because the parties were mutually mistaken regarding the contents of the signed release.",B,B,true
4NH3(g) + 5O2(g) → 4NO(g) + 6H2O(g) This reaction will experience a rate increase by the addition of a cataylst such as platinum. Which of the following best explains why?,The catalyst increases the overall frequency of collisions in the reactant molecules.,The catalyst introduces a new reaction mechanism for the reaction.,The catalyst increases the frequency of collisions that occur at the proper orientation in the reactant molecules.,The catalyst increases the activation energy for the reaction.,B,B,true
"During exercise, adrenaline secretion from the adrenal glands is stimulated by:",increased plasma glucose.,increased sympathetic nerve activity.,increased plasma fatty acids.,increased plasma ACTH.,B,B,true
"An individual investor purchased stock through a company's stock offering. When the price of the stock plummeted, the investor sued the company in a state court in State A, claiming that the company's offering materials had fraudulently induced him to purchase the stock and seeking $25,000 in damages. A university that had purchased the company's stock through the same offering sued the company in federal court in State B, claiming that the offering materials violated federal securities laws and seeking $1 million in damages. The individual investor's suit proceeded to trial. The state court ruled that the company's offering materials contained false information and awarded the investor a $25,000 judgment. The university immediately moved for partial summary judgment in its federal action against the company, arguing that the state court judgment bound the federal court on the issue of whether the company's offering materials contained false information. Neither State A nor State B permits nonmutual issue preclusion. Should the court grant the university's motion? ","No, because the federal court sits in a state that does not permit nonmutual issue preclusion.","Yes, because federal law permits nonmutual issue preclusion.","No, because State A does not permit nonmutual issue preclusion.","Yes, because the issue of whether the materials contained false information was actually litigated and necessarily decided.",C,C,true
"Dawn needs to fix windows in her house. She must buy 3 feet of wood, which costs $7 per foot. She also needs to buy 4 pieces of glass. Each piece of glass costs $23. What will be the total cost for fixing the windows?",$30 ,$90 ,$176 ,$113 ,D,D,true
Stridor is described as:,A wheezing sound.,A gurgling sound.,A high-pitched sound.,A rattling sound.,C,C,true
"During exercise, adrenaline secretion from the adrenal glands is stimulated by:",increased plasma glucose.,increased plasma fatty acids.,increased sympathetic nerve activity.,increased plasma ACTH.,C,C,true
"After drinking for many hours, a very drunk man encountered another man in a convenience store and asked him for five dollars. The customer refused, and the drunk man knocked him down and began beating his head against the floor. The drunk man woke up hours later in jail, with no memory of the events. The police charged him with aggravated assault, which required proof of specific intent. At trial, the drunk man asked for an additional jury charge of simple assault, which did not require specific intent. The trial court refused, and the drunk man was convicted of aggravated assault. On appeal, will the appeals court likely reverse for a new trial, ordering that a charge on simple assault be added?","Yes, because the evidence of voluntary intoxication could rule out a finding of specific intent, and therefore the jury should have the choice of each crime before it.","Yes, because the lesser included crime must always be a part of the jury charge in order to allow the jury to pick and choose whichever crime it feels applies.","No, because voluntary intoxication is no defense to crime.","No, because the violent force of beating his head on the ground would preclude a simple assault charge as a matter of law.",A,A,true
Stridor is described as:,A wheezing sound.,A gurgling sound.,A rattling sound.,A high-pitched sound.,D,D,true
"A group of students from a public state college decide to picket the college for raising tuition. After three days of picketing, the college asks a court to grant a temporary injunction against the picketers. The college claims that the picketers have violated Section 201 of the city's picketing ordinance. Assume that the court granted the temporary injunction against the students for picketing the college. ""Section 201. No picketing shall be permitted inside of, or on any sidewalk or street immediately adjacent or contiguous to public colleges without express permission of the mayor. Applications for such permission shall be filed at least three days before such picketing is intended to begin and shall state the purpose, place, and time of the proposed picketing. ""In a subsequent action challenging the constitutionality of Section 201 of the city's picketing ordinance, the court will most likely rule that the section is","constitutional, because the ordinance is a valid exercise of the state's police power. ","constitutional, because the ordinance is within the reserved rights of the states under the Tenth Amendment. ","unconstitutional, because the ordinance is void for vagueness and overbreadth. ","unconstitutional, because the ordinance violates petitioner's rights under the First Amendment. ",D,D,true
4NH3(g) + 5O2(g) → 4NO(g) + 6H2O(g) This reaction will experience a rate increase by the addition of a cataylst such as platinum. Which of the following best explains why?,The catalyst increases the overall frequency of collisions in the reactant molecules.,The catalyst increases the frequency of collisions that occur at the proper orientation in the reactant molecules.,The catalyst introduces a new reaction mechanism for the reaction.,The catalyst increases the activation energy for the reaction.,C,C,true
"An employer offered to pay a terminated employee $50,000 to release all claims the employee might have against the employer. The employee orally accepted the offer. The employer then prepared an unsigned release agreement and sent it to the employee for him to sign. The employee carefully prepared, signed, and sent to the employer a substitute release agreement that was identical to the original except that it excluded from the release any age discrimination claims. The employer signed the substitute release without reading it. Shortly thereafter, the employee notified the employer that he intended to sue the employer for age discrimination. Is the employer likely to prevail in an action seeking reformation of the release to conform to the parties' oral agreement? ","No, because the employer acted unreasonably by failing to read the substitute release prior to signing it.","No, because the parol evidence rule will preclude evidence of the oral agreement.","Yes, because the employee's fraudulent behavior induced the employer's unilateral mistake.","Yes, because the parties were mutually mistaken regarding the contents of the signed release.",C,C,true
"During exercise, adrenaline secretion from the adrenal glands is stimulated by:",increased plasma glucose.,increased plasma fatty acids.,increased plasma ACTH.,increased sympathetic nerve activity.,D,D,true
"An individual investor purchased stock through a company's stock offering. When the price of the stock plummeted, the investor sued the company in a state court in State A, claiming that the company's offering materials had fraudulently induced him to purchase the stock and seeking $25,000 in damages. A university that had purchased the company's stock through the same offering sued the company in federal court in State B, claiming that the offering materials violated federal securities laws and seeking $1 million in damages. The individual investor's suit proceeded to trial. The state court ruled that the company's offering materials contained false information and awarded the investor a $25,000 judgment. The university immediately moved for partial summary judgment in its federal action against the company, arguing that the state court judgment bound the federal court on the issue of whether the company's offering materials contained false information. Neither State A nor State B permits nonmutual issue preclusion. Should the court grant the university's motion? ","No, because the federal court sits in a state that does not permit nonmutual issue preclusion.","Yes, because federal law permits nonmutual issue preclusion.","Yes, because the issue of whether the materials contained false information was actually litigated and necessarily decided.","No, because State A does not permit nonmutual issue preclusion.",D,D,true
"A man borrowed $500,000 from a bank, securing the loan with a mortgage on a commercial building he owned. The mortgage provided as follows: ""No prepayment may be made on this loan during the first two years after the date of this mortgage. Thereafter, prepayment may be made in any amount at any time but only if accompanied by a prepayment fee of 5% of the amount prepaid."" One year later, the man received an unexpected cash gift of $1 million and wished to pay off the $495,000 principal balance still owed on the loan. $495,000 principal balance still owed on the loan. Concerned that the bank might refuse prepayment, despite a rise in market interest rates in the year since the loan was made, or at least insist on the 5% prepayment fee, the man consulted an attorney concerning the enforceability of the above-quoted clause. There is no applicable statute. What is the attorney likely to say? ","The two-year prepayment prohibition is unenforceable, but the prepayment fee provision is enforceable.","The entire clause is unenforceable, because it violates a public policy favoring the prompt and early repayment of debt.","The entire clause is unenforceable, because the rise in interest rates will allow the bank to reloan the funds without loss.",The two-year prepayment prohibition and the prepayment fee provision are both valid and enforceable.,A,D,false
"After drinking for many hours, a very drunk man encountered another man in a convenience store and asked him for five dollars. The customer refused, and the drunk man knocked him down and began beating his head against the floor. The drunk man woke up hours later in jail, with no memory of the events. The police charged him with aggravated assault, which required proof of specific intent. At trial, the drunk man asked for an additional jury charge of simple assault, which did not require specific intent. The trial court refused, and the drunk man was convicted of aggravated assault. On appeal, will the appeals court likely reverse for a new trial, ordering that a charge on simple assault be added?","Yes, because the lesser included crime must always be a part of the jury charge in order to allow the jury to pick and choose whichever crime it feels applies.","Yes, because the evidence of voluntary intoxication could rule out a finding of specific intent, and therefore the jury should have the choice of each crime before it.","No, because voluntary intoxication is no defense to crime.","No, because the violent force of beating his head on the ground would preclude a simple assault charge as a matter of law.",B,B,true
4NH3(g) + 5O2(g) → 4NO(g) + 6H2O(g) This reaction will experience a rate increase by the addition of a cataylst such as platinum. Which of the following best explains why?,The catalyst increases the overall frequency of collisions in the reactant molecules.,The catalyst increases the frequency of collisions that occur at the proper orientation in the reactant molecules.,The catalyst increases the activation energy for the reaction.,The catalyst introduces a new reaction mechanism for the reaction.,D,D,true
"A man and a woman conspired to rob a local bank. After entering the bank, they pulled out guns and ordered everyone to the floor. They demanded money from the tellers but, unknown to them, one of the tellers activated a silent alarm. Within minutes, the bank was surrounded by police officers. A standoff ensued for several hours with the man and the woman barricaded inside the bank with several hostages. The man decided to try and make a getaway. He took the bank manager and, using her as a human shield, exited the bank. A shooting ensued, and both the man and the bank manager were killed by the police. This jurisdiction follows the agency theory of felony murder. The woman is charged with felony murder for the deaths of the man and the bank manager. The woman's attorney has filed a motion to dismiss both charges. The court should","grant the motion with respect to the bank manager's death, but deny the motion for the death of the man. ",grant the motion regarding the deaths of both the man and the bank manager.,"grant the motion regarding the man's death, but deny the motion regarding the death of the bank manager. ",deny the motion regarding the deaths of both the man and the bank manager.,C,C,true
"This question refers to the following information.
""As a means of effecting this end I suggest for your consideration the propriety of setting apart an ample district west of the Mississippi, and without the limit of any State or Territory now formed, to be guaranteed to the Indian tribes as long as they shall occupy it. . . . There they may be secured in the enjoyment of governments of their own choice, subject to no other control from the United States than such as may be necessary to preserve peace on the frontier and between the several tribes. There the benevolent may endeavor to teach them the arts of civilization. . . .
""This emigration would be voluntary, for it would be as cruel and unjust to compel the aborigines to abandon the graves of their fathers and seek a home in a distant land. But they should be distinctly informed that if they remain within the limits of the States they must be subject to their laws. . . .""
—President Andrew Jackson, 1829
Martin Luther King was in jail in Birmingham, Alabama, because of his belief in protesting injustice through the use of",nonviolent direct action.,targeted assassinations of segregationist public officials.,massive letter-writing campaigns denouncing segregated businesses.,violent self-defense.,A,A,true
"An employer offered to pay a terminated employee $50,000 to release all claims the employee might have against the employer. The employee orally accepted the offer. The employer then prepared an unsigned release agreement and sent it to the employee for him to sign. The employee carefully prepared, signed, and sent to the employer a substitute release agreement that was identical to the original except that it excluded from the release any age discrimination claims. The employer signed the substitute release without reading it. Shortly thereafter, the employee notified the employer that he intended to sue the employer for age discrimination. Is the employer likely to prevail in an action seeking reformation of the release to conform to the parties' oral agreement? ","No, because the employer acted unreasonably by failing to read the substitute release prior to signing it.","No, because the parol evidence rule will preclude evidence of the oral agreement.","Yes, because the parties were mutually mistaken regarding the contents of the signed release.","Yes, because the employee's fraudulent behavior induced the employer's unilateral mistake.",D,D,true
"A man borrowed $500,000 from a bank, securing the loan with a mortgage on a commercial building he owned. The mortgage provided as follows: ""No prepayment may be made on this loan during the first two years after the date of this mortgage. Thereafter, prepayment may be made in any amount at any time but only if accompanied by a prepayment fee of 5% of the amount prepaid."" One year later, the man received an unexpected cash gift of $1 million and wished to pay off the $495,000 principal balance still owed on the loan. $495,000 principal balance still owed on the loan. Concerned that the bank might refuse prepayment, despite a rise in market interest rates in the year since the loan was made, or at least insist on the 5% prepayment fee, the man consulted an attorney concerning the enforceability of the above-quoted clause. There is no applicable statute. What is the attorney likely to say? ","The entire clause is unenforceable, because it violates a public policy favoring the prompt and early repayment of debt.","The two-year prepayment prohibition is unenforceable, but the prepayment fee provision is enforceable.","The entire clause is unenforceable, because the rise in interest rates will allow the bank to reloan the funds without loss.",The two-year prepayment prohibition and the prepayment fee provision are both valid and enforceable.,B,D,false
"After drinking for many hours, a very drunk man encountered another man in a convenience store and asked him for five dollars. The customer refused, and the drunk man knocked him down and began beating his head against the floor. The drunk man woke up hours later in jail, with no memory of the events. The police charged him with aggravated assault, which required proof of specific intent. At trial, the drunk man asked for an additional jury charge of simple assault, which did not require specific intent. The trial court refused, and the drunk man was convicted of aggravated assault. On appeal, will the appeals court likely reverse for a new trial, ordering that a charge on simple assault be added?","Yes, because the lesser included crime must always be a part of the jury charge in order to allow the jury to pick and choose whichever crime it feels applies.","No, because voluntary intoxication is no defense to crime.","Yes, because the evidence of voluntary intoxication could rule out a finding of specific intent, and therefore the jury should have the choice of each crime before it.","No, because the violent force of beating his head on the ground would preclude a simple assault charge as a matter of law.",C,C,true
"This question refers to the following information.
""As a means of effecting this end I suggest for your consideration the propriety of setting apart an ample district west of the Mississippi, and without the limit of any State or Territory now formed, to be guaranteed to the Indian tribes as long as they shall occupy it. . . . There they may be secured in the enjoyment of governments of their own choice, subject to no other control from the United States than such as may be necessary to preserve peace on the frontier and between the several tribes. There the benevolent may endeavor to teach them the arts of civilization. . . .
""This emigration would be voluntary, for it would be as cruel and unjust to compel the aborigines to abandon the graves of their fathers and seek a home in a distant land. But they should be distinctly informed that if they remain within the limits of the States they must be subject to their laws. . . .""
—President Andrew Jackson, 1829
Martin Luther King was in jail in Birmingham, Alabama, because of his belief in protesting injustice through the use of",targeted assassinations of segregationist public officials.,nonviolent direct action.,massive letter-writing campaigns denouncing segregated businesses.,violent self-defense.,B,B,true
"Controlling for inflation and PPP-adjustment, about how much did GDP per capita increase from 1950 to 2016 in India?",by 8 fold,by 16 fold,by 4 fold,by 32 fold,C,A,false
"Fermat’s principle of ray optics states, “A ray of light follows the path between two points which requires the least time.” This principle can be used to derive which of the following?
I. Snell’s law of refraction
II. The law of reflection
III. Rayleigh’s criterion for resolution",I and II,I only,II only,III only,A,A,true
"When branched chain amino acids are deaminated in muscle, the ammonia produced is mostly:",converted into alanine and glutamine and released from the muscle.,converted into arginine and released from the muscle.,converted into urea and released from the muscle.,used to synthesise purines and pyrimidines in the muscle.,A,A,true
"This question refers to the following information.
""As a means of effecting this end I suggest for your consideration the propriety of setting apart an ample district west of the Mississippi, and without the limit of any State or Territory now formed, to be guaranteed to the Indian tribes as long as they shall occupy it. . . . There they may be secured in the enjoyment of governments of their own choice, subject to no other control from the United States than such as may be necessary to preserve peace on the frontier and between the several tribes. There the benevolent may endeavor to teach them the arts of civilization. . . .
""This emigration would be voluntary, for it would be as cruel and unjust to compel the aborigines to abandon the graves of their fathers and seek a home in a distant land. But they should be distinctly informed that if they remain within the limits of the States they must be subject to their laws. . . .""
—President Andrew Jackson, 1829
Martin Luther King was in jail in Birmingham, Alabama, because of his belief in protesting injustice through the use of",targeted assassinations of segregationist public officials.,massive letter-writing campaigns denouncing segregated businesses.,nonviolent direct action.,violent self-defense.,C,C,true
"Fermat’s principle of ray optics states, “A ray of light follows the path between two points which requires the least time.” This principle can be used to derive which of the following?
I. Snell’s law of refraction
II. The law of reflection
III. Rayleigh’s criterion for resolution",I only,I and II,II only,III only,B,B,true
"A man borrowed $500,000 from a bank, securing the loan with a mortgage on a commercial building he owned. The mortgage provided as follows: ""No prepayment may be made on this loan during the first two years after the date of this mortgage. Thereafter, prepayment may be made in any amount at any time but only if accompanied by a prepayment fee of 5% of the amount prepaid."" One year later, the man received an unexpected cash gift of $1 million and wished to pay off the $495,000 principal balance still owed on the loan. $495,000 principal balance still owed on the loan. Concerned that the bank might refuse prepayment, despite a rise in market interest rates in the year since the loan was made, or at least insist on the 5% prepayment fee, the man consulted an attorney concerning the enforceability of the above-quoted clause. There is no applicable statute. What is the attorney likely to say? ","The entire clause is unenforceable, because it violates a public policy favoring the prompt and early repayment of debt.","The entire clause is unenforceable, because the rise in interest rates will allow the bank to reloan the funds without loss.","The two-year prepayment prohibition is unenforceable, but the prepayment fee provision is enforceable.",The two-year prepayment prohibition and the prepayment fee provision are both valid and enforceable.,C,D,false
"After drinking for many hours, a very drunk man encountered another man in a convenience store and asked him for five dollars. The customer refused, and the drunk man knocked him down and began beating his head against the floor. The drunk man woke up hours later in jail, with no memory of the events. The police charged him with aggravated assault, which required proof of specific intent. At trial, the drunk man asked for an additional jury charge of simple assault, which did not require specific intent. The trial court refused, and the drunk man was convicted of aggravated assault. On appeal, will the appeals court likely reverse for a new trial, ordering that a charge on simple assault be added?","Yes, because the lesser included crime must always be a part of the jury charge in order to allow the jury to pick and choose whichever crime it feels applies.","No, because voluntary intoxication is no defense to crime.","No, because the violent force of beating his head on the ground would preclude a simple assault charge as a matter of law.","Yes, because the evidence of voluntary intoxication could rule out a finding of specific intent, and therefore the jury should have the choice of each crime before it.",D,D,true
"When branched chain amino acids are deaminated in muscle, the ammonia produced is mostly:",converted into arginine and released from the muscle.,converted into alanine and glutamine and released from the muscle.,converted into urea and released from the muscle.,used to synthesise purines and pyrimidines in the muscle.,B,B,true
"After riding the bus to and from her high school for two years, a girl decided that she was tired of relying on the bus and wanted her own mode of transportation. Since she had just turned 16 and received her driver's license, she decided to purchase a motor scooter from a local retailer for $12,000. The written contract with the retailer provided that the girl would make monthly payments of $500 for two years. During the first year of the contract, the girl made 12 monthly payments totaling $6,000. However, the girl failed to make any payments during the second year of the contract. The retailer repeatedly threatened to sue the girl for the remaining balance that it claimed was due under the contract. However, the retailer never followed through on this threat. Shortly after the girl turned 18, she sent the following letter to the retailer:""I had to stop making payments because I ran out of money. I am hoping that will change shortly. However, I've been told I am not obligated to pay anything more to you, because I was underage when we entered into the contract. But I want to be fair. I am willing to pay you $3,000 by the end of the year if my financial position improves. ""The girl never made any further payment to the retailer. If the retailer brings suit to recover damages from the girl, which of the following, if it were found to be true, would provide the retailer with its best argument for recovery?",The motor scooter was demolished in an accident shortly after the girl sent the letter.,The retailer was unaware that the girl was a minor at the time the contract was formed.,The motor scooter that the girl purchased is a necessary of life.,"The girl's financial position has improved to the extent that she is able to pay the $3,000 she had promised to pay. ",D,D,true
"When branched chain amino acids are deaminated in muscle, the ammonia produced is mostly:",converted into arginine and released from the muscle.,converted into urea and released from the muscle.,converted into alanine and glutamine and released from the muscle.,used to synthesise purines and pyrimidines in the muscle.,C,C,true
"This question refers to the following information.
""As a means of effecting this end I suggest for your consideration the propriety of setting apart an ample district west of the Mississippi, and without the limit of any State or Territory now formed, to be guaranteed to the Indian tribes as long as they shall occupy it. . . . There they may be secured in the enjoyment of governments of their own choice, subject to no other control from the United States than such as may be necessary to preserve peace on the frontier and between the several tribes. There the benevolent may endeavor to teach them the arts of civilization. . . .
""This emigration would be voluntary, for it would be as cruel and unjust to compel the aborigines to abandon the graves of their fathers and seek a home in a distant land. But they should be distinctly informed that if they remain within the limits of the States they must be subject to their laws. . . .""
—President Andrew Jackson, 1829
Martin Luther King was in jail in Birmingham, Alabama, because of his belief in protesting injustice through the use of",targeted assassinations of segregationist public officials.,massive letter-writing campaigns denouncing segregated businesses.,violent self-defense.,nonviolent direct action.,D,D,true
"Fermat’s principle of ray optics states, “A ray of light follows the path between two points which requires the least time.” This principle can be used to derive which of the following?
I. Snell’s law of refraction
II. The law of reflection
III. Rayleigh’s criterion for resolution",I only,II only,I and II,III only,C,C,true
"A man borrowed $500,000 from a bank, securing the loan with a mortgage on a commercial building he owned. The mortgage provided as follows: ""No prepayment may be made on this loan during the first two years after the date of this mortgage. Thereafter, prepayment may be made in any amount at any time but only if accompanied by a prepayment fee of 5% of the amount prepaid."" One year later, the man received an unexpected cash gift of $1 million and wished to pay off the $495,000 principal balance still owed on the loan. $495,000 principal balance still owed on the loan. Concerned that the bank might refuse prepayment, despite a rise in market interest rates in the year since the loan was made, or at least insist on the 5% prepayment fee, the man consulted an attorney concerning the enforceability of the above-quoted clause. There is no applicable statute. What is the attorney likely to say? ","The entire clause is unenforceable, because it violates a public policy favoring the prompt and early repayment of debt.","The entire clause is unenforceable, because the rise in interest rates will allow the bank to reloan the funds without loss.",The two-year prepayment prohibition and the prepayment fee provision are both valid and enforceable.,"The two-year prepayment prohibition is unenforceable, but the prepayment fee provision is enforceable.",D,C,false
"This question refers to the following information.
One of the rights which the freeman has always guarded with most jealous care is that of enjoying the rewards of his own industry. Realizing that the power to tax is the power to destroy and that the power to take a certain amount of property or of income is only another way of saying that for a certain proportion of his time a citizen must work for the government, the authority to impose a tax on the people has been most carefully guarded.… A government which lays taxes on the people not required by urgent necessity and sound public policy is not a protector of liberty, but an instrument of tyranny. It condemns the citizen to tyranny. One of the first signs of the breaking down of free government is a disregard by the taxing power of the right of the people to their own property.… Unless the people can enjoy that reasonable security in the possession of their property, which is guaranteed by the Constitution, against unreasonable taxation, freedom is at an end.… With us economy is imperative. It is a full test of our national character.… It is always the people who toil that pay.
—Calvin Coolidge, ""Economy in the Interest of All,"" June 30, 1924
Which of the following political ideas best reflects the perspective of Calvin Coolidge in the passage above?",Government should be limited.,Taxation is an effective means of redistributing wealth.,A bigger government can ensure social justice.,Government has the final say on what people do with their property.,A,A,true
"When branched chain amino acids are deaminated in muscle, the ammonia produced is mostly:",converted into arginine and released from the muscle.,converted into urea and released from the muscle.,used to synthesise purines and pyrimidines in the muscle.,converted into alanine and glutamine and released from the muscle.,D,D,true
"Fermat’s principle of ray optics states, “A ray of light follows the path between two points which requires the least time.” This principle can be used to derive which of the following?
I. Snell’s law of refraction
II. The law of reflection
III. Rayleigh’s criterion for resolution",I only,II only,III only,I and II,D,D,true
"A man and a woman conspired to rob a local bank. After entering the bank, they pulled out guns and ordered everyone to the floor. They demanded money from the tellers but, unknown to them, one of the tellers activated a silent alarm. Within minutes, the bank was surrounded by police officers. A standoff ensued for several hours with the man and the woman barricaded inside the bank with several hostages. The man decided to try and make a getaway. He took the bank manager and, using her as a human shield, exited the bank. A shooting ensued, and both the man and the bank manager were killed by the police. This jurisdiction follows the agency theory of felony murder. The woman is charged with felony murder for the deaths of the man and the bank manager. The woman's attorney has filed a motion to dismiss both charges. The court should","grant the motion with respect to the bank manager's death, but deny the motion for the death of the man. ",grant the motion regarding the deaths of both the man and the bank manager.,deny the motion regarding the deaths of both the man and the bank manager.,"grant the motion regarding the man's death, but deny the motion regarding the death of the bank manager. ",D,D,true
"Controlling for inflation and PPP-adjustment, about how much did GDP per capita increase from 1950 to 2016 in India?",by 8 fold,by 16 fold,by 32 fold,by 4 fold,D,A,false
"This question refers to the following information.
One of the rights which the freeman has always guarded with most jealous care is that of enjoying the rewards of his own industry. Realizing that the power to tax is the power to destroy and that the power to take a certain amount of property or of income is only another way of saying that for a certain proportion of his time a citizen must work for the government, the authority to impose a tax on the people has been most carefully guarded.… A government which lays taxes on the people not required by urgent necessity and sound public policy is not a protector of liberty, but an instrument of tyranny. It condemns the citizen to tyranny. One of the first signs of the breaking down of free government is a disregard by the taxing power of the right of the people to their own property.… Unless the people can enjoy that reasonable security in the possession of their property, which is guaranteed by the Constitution, against unreasonable taxation, freedom is at an end.… With us economy is imperative. It is a full test of our national character.… It is always the people who toil that pay.
—Calvin Coolidge, ""Economy in the Interest of All,"" June 30, 1924
Which of the following political ideas best reflects the perspective of Calvin Coolidge in the passage above?",Taxation is an effective means of redistributing wealth.,Government should be limited.,A bigger government can ensure social justice.,Government has the final say on what people do with their property.,B,B,true
A combinational PLD with a programmable AND array and a fixed OR array is called a,PAL,PLD,PROM,PLA,A,A,true
"This question refers to the following information.
One of the rights which the freeman has always guarded with most jealous care is that of enjoying the rewards of his own industry. Realizing that the power to tax is the power to destroy and that the power to take a certain amount of property or of income is only another way of saying that for a certain proportion of his time a citizen must work for the government, the authority to impose a tax on the people has been most carefully guarded.… A government which lays taxes on the people not required by urgent necessity and sound public policy is not a protector of liberty, but an instrument of tyranny. It condemns the citizen to tyranny. One of the first signs of the breaking down of free government is a disregard by the taxing power of the right of the people to their own property.… Unless the people can enjoy that reasonable security in the possession of their property, which is guaranteed by the Constitution, against unreasonable taxation, freedom is at an end.… With us economy is imperative. It is a full test of our national character.… It is always the people who toil that pay.
—Calvin Coolidge, ""Economy in the Interest of All,"" June 30, 1924
Which of the following political ideas best reflects the perspective of Calvin Coolidge in the passage above?",Taxation is an effective means of redistributing wealth.,A bigger government can ensure social justice.,Government should be limited.,Government has the final say on what people do with their property.,C,C,true
"A man and a defendant were college roommates. With the defendant's permission, his roommate borrowed the defendant's baseball bat to use in an intramural baseball game. During the course of the game, the roommate struck out with the bases loaded. Angry at himself, the roommate took his bat and flung it into the stands. The bat struck a fan in the face and fractured his nose. The fan sued the defendant for his injury, alleging that the defendant was negligent in lending his baseball bat to his roommate when he knew that his roommate was irresponsible with bats. At trial, the fan offers evidence that on four separate occasions during the past year the roommate had negligently thrown bats during other baseball games. The fan's proffered evidence is",admissible to show that the roommate was irresponsible in the use of bats.,admissible to show that the roommate was negligent on the occasion when the fan was injured.,"inadmissible, because it is evidence of character. ","inadmissible, because character must be proved by evidence in the form of reputation or opinion. ",A,A,true
Type I muscle fibres have the following characteristics:,"red, oxidative, slow contracting.","white, glycolytic, slow contracting.","white, oxidative, slow contracting.","red, oxidative, fast contracting.",A,A,true
A combinational PLD with a programmable AND array and a fixed OR array is called a,PLD,PAL,PROM,PLA,B,B,true
"This question refers to the following information.
One of the rights which the freeman has always guarded with most jealous care is that of enjoying the rewards of his own industry. Realizing that the power to tax is the power to destroy and that the power to take a certain amount of property or of income is only another way of saying that for a certain proportion of his time a citizen must work for the government, the authority to impose a tax on the people has been most carefully guarded.… A government which lays taxes on the people not required by urgent necessity and sound public policy is not a protector of liberty, but an instrument of tyranny. It condemns the citizen to tyranny. One of the first signs of the breaking down of free government is a disregard by the taxing power of the right of the people to their own property.… Unless the people can enjoy that reasonable security in the possession of their property, which is guaranteed by the Constitution, against unreasonable taxation, freedom is at an end.… With us economy is imperative. It is a full test of our national character.… It is always the people who toil that pay.
—Calvin Coolidge, ""Economy in the Interest of All,"" June 30, 1924
Which of the following political ideas best reflects the perspective of Calvin Coolidge in the passage above?",Taxation is an effective means of redistributing wealth.,A bigger government can ensure social justice.,Government has the final say on what people do with their property.,Government should be limited.,D,D,true
Type I muscle fibres have the following characteristics:,"white, glycolytic, slow contracting.","red, oxidative, slow contracting.","white, oxidative, slow contracting.","red, oxidative, fast contracting.",B,B,true
"A man and a defendant were college roommates. With the defendant's permission, his roommate borrowed the defendant's baseball bat to use in an intramural baseball game. During the course of the game, the roommate struck out with the bases loaded. Angry at himself, the roommate took his bat and flung it into the stands. The bat struck a fan in the face and fractured his nose. The fan sued the defendant for his injury, alleging that the defendant was negligent in lending his baseball bat to his roommate when he knew that his roommate was irresponsible with bats. At trial, the fan offers evidence that on four separate occasions during the past year the roommate had negligently thrown bats during other baseball games. The fan's proffered evidence is",admissible to show that the roommate was negligent on the occasion when the fan was injured.,admissible to show that the roommate was irresponsible in the use of bats.,"inadmissible, because it is evidence of character. ","inadmissible, because character must be proved by evidence in the form of reputation or opinion. ",B,B,true
A combinational PLD with a programmable AND array and a fixed OR array is called a,PLD,PROM,PAL,PLA,C,C,true
Type I muscle fibres have the following characteristics:,"white, glycolytic, slow contracting.","white, oxidative, slow contracting.","red, oxidative, slow contracting.","red, oxidative, fast contracting.",C,C,true
"A man and a defendant were college roommates. With the defendant's permission, his roommate borrowed the defendant's baseball bat to use in an intramural baseball game. During the course of the game, the roommate struck out with the bases loaded. Angry at himself, the roommate took his bat and flung it into the stands. The bat struck a fan in the face and fractured his nose. The fan sued the defendant for his injury, alleging that the defendant was negligent in lending his baseball bat to his roommate when he knew that his roommate was irresponsible with bats. At trial, the fan offers evidence that on four separate occasions during the past year the roommate had negligently thrown bats during other baseball games. The fan's proffered evidence is",admissible to show that the roommate was negligent on the occasion when the fan was injured.,"inadmissible, because it is evidence of character. ",admissible to show that the roommate was irresponsible in the use of bats.,"inadmissible, because character must be proved by evidence in the form of reputation or opinion. ",C,C,true
Type I muscle fibres have the following characteristics:,"white, glycolytic, slow contracting.","white, oxidative, slow contracting.","red, oxidative, fast contracting.","red, oxidative, slow contracting.",D,D,true
A combinational PLD with a programmable AND array and a fixed OR array is called a,PLD,PROM,PLA,PAL,D,D,true
"A man and a defendant were college roommates. With the defendant's permission, his roommate borrowed the defendant's baseball bat to use in an intramural baseball game. During the course of the game, the roommate struck out with the bases loaded. Angry at himself, the roommate took his bat and flung it into the stands. The bat struck a fan in the face and fractured his nose. The fan sued the defendant for his injury, alleging that the defendant was negligent in lending his baseball bat to his roommate when he knew that his roommate was irresponsible with bats. At trial, the fan offers evidence that on four separate occasions during the past year the roommate had negligently thrown bats during other baseball games. The fan's proffered evidence is",admissible to show that the roommate was negligent on the occasion when the fan was injured.,"inadmissible, because it is evidence of character. ","inadmissible, because character must be proved by evidence in the form of reputation or opinion. ",admissible to show that the roommate was irresponsible in the use of bats.,D,D,true
